OrderID,OrderDate,ShipDate,CustomerName,Segment,Region,Category,Product,Quantity,Discount,Sales,Profit,ShipMode,ShippingDays,OrderMonth,ProfitMargin
ORD-10001,2024-04-12,2024-04-16,Ananya Reddy,Consumer,West,Beauty,Hair Dryer,3,0.05,1898.1,379.62,Same Day,4,2024-04,0.2
ORD-10002,2025-05-06,2025-05-12,Arjun Mehta,Consumer,West,Furniture,Bookshelf,5,0.05,90573.0,14491.68,Standard,6,2025-05,0.16
ORD-10003,2024-07-08,2024-07-14,Kavya Khan,Corporate,Central,Clothing,Sneakers,5,0.05,15575.25,3582.31,Standard,6,2024-07,0.23
ORD-10004,2024-12-11,2024-12-16,Ananya Verma,Consumer,West,Furniture,Bookshelf,3,0.2,56088.0,5608.8,Standard,5,2024-12,0.1
ORD-10005,2024-04-15,2024-04-19,Zara Rao,Consumer,North,Beauty,Perfume,4,0.1,7851.6,1413.29,Standard,4,2024-04,0.18
ORD-10006,2024-10-22,2024-10-27,Neha Kapoor,Consumer,West,Beauty,Perfume,4,0.05,3659.4,731.88,Same Day,5,2024-10,0.2
ORD-10007,2024-12-09,2024-12-10,Kabir Das,Small Business,North,Groceries,Snacks Combo,3,0.0,1554.0,124.32,Express,1,2024-12,0.08
ORD-10008,2024-02-02,2024-02-09,Tanvi Gupta,Corporate,North,Beauty,Hair Dryer,3,0.15,7293.0,1166.88,Standard,7,2024-02,0.16
ORD-10009,2025-04-05,2025-04-08,Ananya Kapoor,Consumer,North,Electronics,Smartwatch,5,0.05,267273.0,26727.3,Standard,3,2025-04,0.1
ORD-10010,2025-07-31,2025-08-02,Priya Chatterjee,Small Business,West,Beauty,Skincare Kit,4,0.05,7003.4,1400.68,Standard,2,2025-07,0.2
ORD-10011,2024-08-12,2024-08-13,Diya Sharma,Consumer,North,Electronics,Headphones,3,0.05,25011.6,2501.16,Same Day,1,2024-08,0.1
ORD-10012,2025-01-08,2025-01-09,Diya Sharma,Consumer,Central,Groceries,Rice Pack,2,0.1,1193.4,47.74,Same Day,1,2025-01,0.04
ORD-10013,2024-08-07,2024-08-13,Ananya Gupta,Consumer,West,Beauty,Skincare Kit,2,0.25,2860.5,343.26,Express,6,2024-08,0.12
ORD-10014,2024-10-06,2024-10-11,Ishaan Chatterjee,Corporate,North,Groceries,Cooking Oil,1,0.0,851.0,68.08,Express,5,2024-10,0.08
ORD-10015,2025-02-06,2025-02-08,Priya Joshi,Consumer,West,Clothing,Jacket,2,0.15,3627.8,689.28,Standard,2,2025-02,0.19
ORD-10016,2024-10-24,2024-10-27,Neha Singh,Corporate,South,Groceries,Cooking Oil,4,0.1,363.6,14.54,Express,3,2024-10,0.04
ORD-10017,2024-05-31,2024-06-06,Aditya Singh,Consumer,North,Electronics,Smartwatch,3,0.05,42390.9,4239.09,Standard,6,2024-05,0.1
ORD-10018,2024-06-11,2024-06-16,Meera Gupta,Consumer,West,Electronics,Smartwatch,4,0.05,101596.8,10159.68,Standard,5,2024-06,0.1
ORD-10019,2025-04-14,2025-04-21,Vihaan Chatterjee,Consumer,Central,Beauty,Hair Dryer,5,0.05,2018.75,403.75,Standard,7,2025-04,0.2
ORD-10020,2025-05-30,2025-06-02,Diya Reddy,Corporate,South,Electronics,Smartphone,3,0.1,157925.7,12634.06,Standard,3,2025-05,0.08
ORD-10021,2025-11-30,2025-12-01,Aditya Reddy,Consumer,North,Groceries,Dairy Pack,2,0.1,2311.2,92.45,Express,1,2025-11,0.04
ORD-10022,2025-10-24,2025-10-26,Aditya Verma,Small Business,Central,Clothing,Jeans,5,0.0,5920.0,1480.0,Standard,2,2025-10,0.25
ORD-10023,2024-02-05,2024-02-10,Vivaan Verma,Corporate,East,Groceries,Rice Pack,3,0.0,2259.0,180.72,Standard,5,2024-02,0.08
ORD-10024,2025-11-28,2025-12-05,Aarav Reddy,Consumer,West,Beauty,Perfume,3,0.0,3831.0,842.82,Express,7,2025-11,0.22
ORD-10025,2024-07-14,2024-07-20,Om Malhotra,Consumer,North,Beauty,Makeup Kit,5,0.25,10886.25,1306.35,Standard,6,2024-07,0.12
ORD-10026,2024-02-27,2024-03-05,Aarav Das,Consumer,Central,Furniture,Bed Frame,1,0.1,8827.2,1235.81,Standard,7,2024-02,0.14
ORD-10027,2024-04-27,2024-04-28,Aditya Joshi,Consumer,East,Beauty,Trimmer,5,0.1,7515.0,1352.7,Standard,1,2024-04,0.18
ORD-10028,2024-10-11,2024-10-17,Zara Patel,Consumer,East,Groceries,Dairy Pack,4,0.0,4228.0,338.24,Standard,6,2024-10,0.08
ORD-10029,2024-01-23,2024-01-25,Saanvi Khan,Small Business,West,Furniture,Bed Frame,1,0.05,4131.55,661.05,Same Day,2,2024-01,0.16
ORD-10030,2024-06-08,2024-06-11,Aditya Sharma,Small Business,Central,Groceries,Beverages,3,0.2,2534.4,-0.0,Standard,3,2024-06,-0.0
ORD-10031,2025-01-31,2025-02-04,Vivaan Iyer,Consumer,South,Furniture,Bed Frame,5,0.15,15223.5,1826.82,Express,4,2025-01,0.12
ORD-10032,2025-05-07,2025-05-10,Zara Khan,Corporate,South,Beauty,Makeup Kit,3,0.25,5487.75,658.53,Standard,3,2025-05,0.12
ORD-10033,2024-07-08,2024-07-13,Sneha Chatterjee,Consumer,South,Groceries,Rice Pack,1,0.05,300.2,18.01,Standard,5,2024-07,0.06
ORD-10034,2025-09-03,2025-09-07,Vihaan Chatterjee,Consumer,East,Beauty,Skincare Kit,4,0.1,7268.4,1308.31,Standard,4,2025-09,0.18
ORD-10035,2025-04-13,2025-04-17,Priya Mehta,Consumer,North,Beauty,Skincare Kit,2,0.05,5025.5,1005.1,Express,4,2025-04,0.2
ORD-10036,2025-05-06,2025-05-07,Diya Nair,Consumer,Central,Beauty,Trimmer,2,0.0,5762.0,1267.64,Standard,1,2025-05,0.22
ORD-10037,2025-05-14,2025-05-15,Rahul Gupta,Consumer,East,Electronics,Tablet,3,0.0,83193.0,9983.16,Standard,1,2025-05,0.12
ORD-10038,2025-09-29,2025-10-01,Arjun Singh,Consumer,Central,Groceries,Beverages,1,0.1,1335.6,53.42,Same Day,2,2025-09,0.04
ORD-10039,2025-07-09,2025-07-14,Aditya Iyer,Consumer,Central,Beauty,Trimmer,4,0.0,1608.0,353.76,Express,5,2025-07,0.22
ORD-10040,2025-06-09,2025-06-16,Om Chatterjee,Consumer,North,Electronics,Tablet,1,0.2,37277.6,1491.1,Standard,7,2025-06,0.04
ORD-10041,2025-01-07,2025-01-09,Ananya Chatterjee,Consumer,East,Groceries,Beverages,4,0.05,4943.8,296.63,Standard,2,2025-01,0.06
ORD-10042,2025-12-24,2025-12-29,Vihaan Singh,Small Business,South,Groceries,Dairy Pack,3,0.1,1320.3,52.81,Express,5,2025-12,0.04
ORD-10043,2024-01-05,2024-01-12,Arjun Kapoor,Consumer,North,Electronics,Smartphone,5,0.1,166324.5,13305.96,Standard,7,2024-01,0.08
ORD-10044,2025-02-08,2025-02-15,Om Das,Consumer,South,Groceries,Rice Pack,5,0.1,3915.0,156.6,Standard,7,2025-02,0.04
ORD-10045,2024-01-01,2024-01-04,Meera Gupta,Consumer,West,Beauty,Trimmer,2,0.05,1305.3,261.06,Express,3,2024-01,0.2
ORD-10046,2024-11-01,2024-11-05,Vivaan Mehta,Consumer,North,Electronics,Smartwatch,5,0.1,195066.0,15605.28,Standard,4,2024-11,0.08
ORD-10047,2024-11-01,2024-11-03,Om Iyer,Corporate,West,Furniture,Sofa,4,0.0,76860.0,11553.507054578653,Standard,2,2024-11,0.15
ORD-10048,2025-02-04,2025-02-06,Priya Chatterjee,Consumer,South,Electronics,Smartwatch,5,0.0,285615.0,34273.8,Standard,2,2025-02,0.12
ORD-10049,2024-04-04,2024-04-07,Rahul Iyer,Consumer,Central,Groceries,Beverages,5,0.25,4942.5,-98.85,Standard,3,2024-04,-0.02
ORD-10050,2025-06-17,2025-06-22,Saanvi Mehta,Corporate,North,Electronics,Tablet,1,0.05,39086.8,3908.68,Express,5,2025-06,0.1
ORD-10051,2024-08-26,2024-09-01,Vihaan Rao,Consumer,Central,Clothing,Formal Shirt,5,0.25,9206.25,1380.94,Express,6,2024-08,0.15
ORD-10052,2024-03-18,2024-03-20,Tanvi Mehta,Consumer,East,Beauty,Perfume,3,0.2,2952.0,413.28,Standard,2,2024-03,0.14
ORD-10053,2024-01-15,2024-01-16,Arjun Kapoor,Corporate,East,Beauty,Makeup Kit,2,0.05,2762.6,552.52,Express,1,2024-01,0.2
ORD-10054,2024-04-18,2024-04-20,Ishaan Khan,Corporate,West,Groceries,Cooking Oil,2,0.0,1694.0,135.52,Standard,2,2024-04,0.08
ORD-10055,2025-01-11,2025-01-12,Neha Gupta,Consumer,North,Beauty,Trimmer,3,0.0,8289.0,1823.58,Express,1,2025-01,0.22
ORD-10056,2024-08-10,2024-08-16,Vivaan Rao,Consumer,East,Furniture,Bookshelf,3,0.15,60817.5,7298.1,Express,6,2024-08,0.12
ORD-10057,2025-10-06,2025-10-12,Ishaan Patel,Small Business,East,Furniture,Bookshelf,1,0.1,16297.2,2281.61,Standard,6,2025-10,0.14
ORD-10058,2024-09-15,2024-09-16,Diya Singh,Corporate,West,Furniture,Study Table,2,0.0,47844.0,8611.92,Standard,1,2024-09,0.18
ORD-10059,2025-02-22,2025-02-28,Rohan Iyer,Corporate,North,Electronics,Tablet,3,0.2,79288.8,3171.55,Standard,6,2025-02,0.04
ORD-10060,2024-12-14,2024-12-17,Ananya Singh,Consumer,Central,Electronics,Tablet,3,0.1,155425.5,12434.04,Express,3,2024-12,0.08
ORD-10061,2024-10-21,2024-10-27,Aarav Rao,Consumer,South,Clothing,Formal Shirt,1,0.0,1446.0,361.5,Same Day,6,2024-10,0.25
ORD-10062,2024-02-08,2024-02-11,Kabir Mehta,Consumer,West,Clothing,Jacket,5,0.05,18862.25,4338.32,Standard,3,2024-02,0.23
ORD-10063,2025-02-14,2025-02-21,Ananya Kapoor,Consumer,North,Electronics,Smartwatch,5,0.0,105145.0,12617.4,Express,7,2025-02,0.12
ORD-10064,2024-09-17,2024-09-22,Priya Mehta,Consumer,South,Groceries,Beverages,3,0.1,523.8,20.95,Same Day,5,2024-09,0.04
ORD-10065,2025-07-03,2025-07-09,Priya Joshi,Small Business,North,Furniture,Sofa,1,0.0,11957.0,2152.26,Express,6,2025-07,0.18
ORD-10066,2024-05-06,2024-05-08,Tanvi Khan,Small Business,North,Electronics,Smartwatch,1,0.0,46409.0,5569.08,Express,2,2024-05,0.12
ORD-10067,2025-07-20,2025-07-23,Priya Nair,Consumer,South,Beauty,Skincare Kit,3,0.05,3237.6,647.52,Express,3,2025-07,0.2
ORD-10068,2025-06-12,2025-06-15,Aarav Sharma,Consumer,West,Clothing,Sneakers,4,0.05,4039.4,929.06,Standard,3,2025-06,0.23
ORD-10069,2025-04-13,2025-04-14,Kabir Sharma,Consumer,South,Electronics,Smartwatch,5,0.0,109080.0,13089.6,Standard,1,2025-04,0.12
ORD-10070,2025-12-23,2025-12-29,Vihaan Verma,Consumer,East,Beauty,Skincare Kit,1,0.15,1925.25,308.04,Standard,6,2025-12,0.16
ORD-10071,2025-11-08,2025-11-11,Aarav Gupta,Small Business,Central,Groceries,Rice Pack,3,0.1,2367.9,94.72,Express,3,2025-11,0.04
ORD-10072,2024-01-08,2024-01-09,Vihaan Reddy,Consumer,North,Electronics,Headphones,3,0.1,132470.1,10597.61,Express,1,2024-01,0.08
ORD-10073,2024-04-29,2024-05-05,Kabir Sharma,Consumer,North,Clothing,Sneakers,2,0.0,1162.0,290.5,Standard,6,2024-04,0.25
ORD-10074,2025-07-01,2025-07-06,Vivaan Iyer,Consumer,East,Groceries,Cooking Oil,3,0.0,2424.0,193.92,Express,5,2025-07,0.08
ORD-10075,2024-09-12,2024-09-18,Tanvi Gupta,Consumer,West,Electronics,Laptop,1,0.15,7720.55,463.23,Standard,6,2024-09,0.06
ORD-10076,2025-06-09,2025-06-10,Saanvi Verma,Consumer,South,Furniture,Bed Frame,4,0.0,95044.0,17107.92,Same Day,1,2025-06,0.18
ORD-10077,2024-02-11,2024-02-15,Om Nair,Small Business,North,Electronics,Laptop,4,0.0,167808.0,20136.96,Express,4,2024-02,0.12
ORD-10078,2024-06-16,2024-06-18,Tanvi Chatterjee,Small Business,South,Groceries,Dairy Pack,1,0.05,954.75,57.28,Standard,2,2024-06,0.06
ORD-10079,2025-11-23,2025-11-27,Meera Iyer,Consumer,Central,Clothing,Jeans,1,0.1,1547.1,324.89,Same Day,4,2025-11,0.21
ORD-10080,2025-02-09,2025-02-14,Vivaan Patel,Consumer,South,Electronics,Laptop,3,0.0,127449.0,15293.88,Standard,5,2025-02,0.12
ORD-10081,2024-03-01,2024-03-04,Ishaan Verma,Consumer,North,Furniture,Office Chair,4,0.25,41754.0,3340.32,Express,3,2024-03,0.08
ORD-10082,2024-01-17,2024-01-19,Diya Nair,Small Business,West,Electronics,Smartphone,5,0.15,251319.5,15079.17,Same Day,2,2024-01,0.06
ORD-10083,2024-09-24,2024-10-01,Kabir Malhotra,Corporate,North,Clothing,Jeans,1,0.0,446.0,111.5,Standard,7,2024-09,0.25
ORD-10084,2025-05-12,2025-05-15,Arjun Malhotra,Consumer,East,Beauty,Perfume,3,0.15,1532.55,245.21,Standard,3,2025-05,0.16
ORD-10085,2024-04-07,2024-04-10,Saanvi Verma,Consumer,East,Beauty,Hair Dryer,1,0.05,226.1,45.22,Express,3,2024-04,0.2
ORD-10086,2025-03-25,2025-04-01,Tanvi Khan,Consumer,North,Clothing,Jeans,3,0.0,3474.0,868.5,Standard,7,2025-03,0.25
ORD-10087,2025-11-27,2025-12-01,Aditya Kapoor,Consumer,South,Electronics,Laptop,1,0.0,41837.0,5020.44,Standard,4,2025-11,0.12
ORD-10088,2024-10-19,2024-10-20,Diya Kapoor,Corporate,South,Electronics,Tablet,4,0.25,79671.0,1593.42,Same Day,1,2024-10,0.02
ORD-10089,2024-11-14,2024-11-20,Rahul Kapoor,Consumer,North,Clothing,Formal Shirt,4,0.15,10237.4,1945.11,Standard,6,2024-11,0.19
ORD-10090,2025-05-20,2025-05-23,Arjun Kapoor,Consumer,South,Beauty,Trimmer,3,0.1,4708.8,847.58,Standard,3,2025-05,0.18
ORD-10091,2024-05-24,2024-05-27,Vivaan Mehta,Consumer,Central,Clothing,Formal Shirt,4,0.1,8748.0,1837.08,Standard,3,2024-05,0.21
ORD-10092,2025-10-10,2025-10-13,Vihaan Nair,Corporate,South,Electronics,Laptop,3,0.0,83793.0,10055.16,Standard,3,2025-10,0.12
ORD-10093,2025-03-29,2025-04-03,Rahul Das,Corporate,East,Groceries,Dairy Pack,5,0.05,3287.0,197.22,Standard,5,2025-03,0.06
ORD-10094,2024-10-15,2024-10-21,Ananya Rao,Consumer,West,Clothing,Sneakers,1,0.2,2582.4,439.01,Express,6,2024-10,0.17
ORD-10095,2025-07-10,2025-07-12,Kavya Khan,Corporate,East,Electronics,Headphones,5,0.1,253359.0,20268.72,Standard,2,2025-07,0.08
ORD-10096,2024-08-11,2024-08-16,Rahul Malhotra,Consumer,North,Clothing,T-Shirt,3,0.0,3297.0,824.25,Express,5,2024-08,0.25
ORD-10097,2025-02-15,2025-02-19,Arjun Joshi,Corporate,North,Beauty,Trimmer,4,0.0,5860.0,1289.2,Standard,4,2025-02,0.22
ORD-10098,2025-04-18,2025-04-21,Sneha Kapoor,Consumer,South,Furniture,Study Table,4,0.1,22676.4,3174.7,Express,3,2025-04,0.14
ORD-10099,2024-03-19,2024-03-22,Neha Gupta,Small Business,East,Clothing,Jeans,1,0.0,3953.0,988.25,Standard,3,2024-03,0.25
ORD-10100,2024-05-09,2024-05-16,Diya Mehta,Corporate,Central,Groceries,Snacks Combo,5,0.2,3388.0,0.0,Standard,7,2024-05,0.0
ORD-10101,2025-05-21,2025-05-22,Rohan Verma,Consumer,Central,Furniture,Bookshelf,1,0.1,19333.8,2706.73,Same Day,1,2025-05,0.14
ORD-10102,2025-03-05,2025-03-06,Aditya Kapoor,Consumer,North,Electronics,Tablet,2,0.15,9146.0,548.76,Same Day,1,2025-03,0.06
ORD-10103,2025-07-11,2025-07-18,Vivaan Reddy,Small Business,East,Electronics,Smartphone,1,0.0,30541.0,3664.92,Standard,7,2025-07,0.12
ORD-10104,2024-09-30,2024-10-06,Neha Sharma,Corporate,North,Furniture,Sofa,3,0.05,29697.0,4751.52,Standard,6,2024-09,0.16
ORD-10105,2024-11-05,2024-11-11,Aarav Singh,Consumer,South,Groceries,Beverages,1,0.05,323.95,19.44,Standard,6,2024-11,0.06
ORD-10106,2024-04-12,2024-04-14,Aditya Mehta,Small Business,North,Furniture,Study Table,1,0.25,3405.75,272.46,Standard,2,2024-04,0.08
ORD-10107,2025-02-19,2025-02-20,Priya Khan,Corporate,East,Furniture,Bookshelf,3,0.05,15421.35,2467.42,Express,1,2025-02,0.16
ORD-10108,2025-05-29,2025-06-05,Saanvi Iyer,Small Business,North,Electronics,Smartwatch,4,0.0,126180.0,15141.6,Standard,7,2025-05,0.12
ORD-10109,2025-09-22,2025-09-27,Om Iyer,Consumer,West,Clothing,Sneakers,1,0.05,3192.95,734.38,Standard,5,2025-09,0.23
ORD-10110,2024-12-18,2024-12-25,Rohan Malhotra,Consumer,Central,Groceries,Rice Pack,4,0.1,3801.6,152.06,Express,7,2024-12,0.04
ORD-10111,2025-08-30,2025-08-31,Om Iyer,Small Business,East,Groceries,Cooking Oil,4,0.05,1649.2,98.95,Standard,1,2025-08,0.06
ORD-10112,2024-08-24,2024-08-26,Tanvi Verma,Small Business,North,Beauty,Skincare Kit,2,0.0,1354.0,297.88,Standard,2,2024-08,0.22
ORD-10113,2024-11-13,2024-11-19,Ishaan Sharma,Small Business,South,Groceries,Dairy Pack,4,0.1,1188.0,47.52,Standard,6,2024-11,0.04
ORD-10114,2024-08-16,2024-08-21,Tanvi Chatterjee,Consumer,East,Electronics,Smartwatch,3,0.2,82605.6,3304.22,Express,5,2024-08,0.04
ORD-10115,2024-09-13,2024-09-18,Diya Rao,Consumer,West,Groceries,Snacks Combo,4,0.0,2700.0,216.0,Express,5,2024-09,0.08
ORD-10116,2025-07-09,2025-07-13,Aarav Gupta,Consumer,South,Groceries,Snacks Combo,5,0.2,4272.0,-0.0,Standard,4,2025-07,-0.0
ORD-10117,2024-06-09,2024-06-10,Vivaan Singh,Small Business,West,Clothing,Sneakers,3,0.0,9420.0,2355.0,Standard,1,2024-06,0.25
ORD-10118,2025-05-09,2025-05-12,Kavya Das,Consumer,West,Furniture,Bookshelf,5,0.0,68075.0,12253.5,Standard,3,2025-05,0.18
ORD-10119,2025-10-30,2025-11-05,Kavya Sharma,Small Business,Central,Beauty,Perfume,2,0.0,5348.0,1176.56,Express,6,2025-10,0.22
ORD-10120,2024-12-10,2024-12-16,Vivaan Verma,Consumer,West,Groceries,Rice Pack,5,0.1,5292.0,211.68,Express,6,2024-12,0.04
ORD-10121,2024-03-29,2024-04-03,Ishaan Verma,Corporate,West,Electronics,Tablet,4,0.1,77810.4,6224.83,Standard,5,2024-03,0.08
ORD-10122,2024-11-26,2024-11-27,Arjun Iyer,Consumer,South,Electronics,Tablet,1,0.1,5153.4,412.27,Express,1,2024-11,0.08
ORD-10123,2025-09-13,2025-09-19,Rohan Patel,Corporate,South,Furniture,Study Table,2,0.05,25726.0,4116.16,Standard,6,2025-09,0.16
ORD-10124,2024-02-12,2024-02-19,Vihaan Patel,Consumer,Central,Furniture,Bookshelf,3,0.0,24210.0,4357.8,Same Day,7,2024-02,0.18
ORD-10125,2024-11-19,2024-11-24,Vihaan Joshi,Consumer,East,Beauty,Hair Dryer,4,0.1,2059.2,370.66,Express,5,2024-11,0.18
ORD-10126,2025-10-19,2025-10-21,Saanvi Rao,Consumer,West,Electronics,Tablet,4,0.0,100684.0,12082.08,Standard,2,2025-10,0.12
ORD-10127,2024-10-24,2024-10-28,Saanvi Gupta,Consumer,West,Groceries,Beverages,5,0.1,5827.5,233.1,Standard,4,2024-10,0.04
ORD-10128,2024-01-26,2024-01-27,Diya Khan,Small Business,South,Furniture,Study Table,1,0.0,11352.0,2043.36,Standard,1,2024-01,0.18
ORD-10129,2024-07-20,2024-07-21,Vivaan Sharma,Consumer,North,Furniture,Sofa,1,0.1,4086.0,572.04,Standard,1,2024-07,0.14
ORD-10130,2025-10-16,2025-10-19,Vivaan Chatterjee,Corporate,North,Groceries,Snacks Combo,1,0.05,1140.0,68.4,Standard,3,2025-10,0.06
ORD-10131,2025-01-08,2025-01-13,Kabir Kapoor,Consumer,North,Electronics,Smartphone,2,0.0,115508.0,13860.96,Express,5,2025-01,0.12
ORD-10132,2024-03-13,2024-03-14,Meera Nair,Corporate,East,Clothing,T-Shirt,5,0.0,15040.0,3760.0,Standard,1,2024-03,0.25
ORD-10133,2024-02-27,2024-03-01,Diya Kapoor,Corporate,West,Furniture,Bookshelf,4,0.0,87032.0,15665.76,Standard,3,2024-02,0.18
ORD-10134,2025-09-09,2025-09-15,Rahul Reddy,Corporate,North,Electronics,Smartwatch,5,0.0,156640.0,13707.165399799464,Express,6,2025-09,0.088
ORD-10135,2024-11-16,2024-11-17,Rohan Nair,Consumer,North,Beauty,Makeup Kit,1,0.1,1769.4,318.49,Standard,1,2024-11,0.18
ORD-10136,2025-10-24,2025-10-26,Ananya Verma,Small Business,East,Beauty,Perfume,3,0.15,6874.8,1099.97,Standard,2,2025-10,0.16
ORD-10137,2024-12-07,2024-12-11,Om Malhotra,Consumer,West,Beauty,Makeup Kit,5,0.05,3766.75,753.35,Standard,4,2024-12,0.2
ORD-10138,2025-06-09,2025-06-10,Vivaan Singh,Consumer,East,Beauty,Hair Dryer,2,0.1,3619.8,651.56,Express,1,2025-06,0.18
ORD-10139,2024-04-19,2024-04-25,Meera Patel,Consumer,North,Beauty,Makeup Kit,5,0.05,5928.0,1185.6,Same Day,6,2024-04,0.2
ORD-10140,2024-01-12,2024-01-16,Vivaan Joshi,Consumer,South,Beauty,Makeup Kit,5,0.0,2945.0,647.9,Standard,4,2024-01,0.22
ORD-10141,2024-12-10,2024-12-12,Neha Joshi,Consumer,South,Clothing,Jeans,3,0.0,5658.0,1414.5,Express,2,2024-12,0.25
ORD-10142,2025-08-31,2025-09-04,Kabir Verma,Small Business,North,Groceries,Rice Pack,4,0.05,3492.2,209.53,Standard,4,2025-08,0.06
ORD-10143,2025-04-27,2025-05-04,Ishaan Rao,Corporate,East,Clothing,Sneakers,2,0.0,5804.0,1451.0,Standard,7,2025-04,0.25
ORD-10144,2024-03-05,2024-03-10,Arjun Iyer,Corporate,South,Beauty,Perfume,5,0.0,11100.0,2442.0,Standard,5,2024-03,0.22
ORD-10145,2024-07-01,2024-07-06,Ishaan Das,Small Business,West,Furniture,Bookshelf,5,0.05,29540.25,4726.44,Same Day,5,2024-07,0.16
ORD-10146,2024-01-17,2024-01-18,Meera Patel,Consumer,Central,Electronics,Smartphone,2,0.0,103446.0,12413.52,Standard,1,2024-01,0.12
ORD-10147,2025-12-26,2025-12-27,Meera Singh,Corporate,West,Electronics,Smartwatch,5,0.0,275390.0,33046.8,Express,1,2025-12,0.12
ORD-10148,2025-04-27,2025-04-28,Kabir Iyer,Consumer,North,Beauty,Makeup Kit,4,0.15,6371.6,1019.46,Standard,1,2025-04,0.16
ORD-10149,2024-12-15,2024-12-21,Aditya Sharma,Consumer,South,Furniture,Bookshelf,2,0.1,34434.0,4820.76,Standard,6,2024-12,0.14
ORD-10150,2024-08-04,2024-08-06,Zara Chatterjee,Consumer,West,Furniture,Study Table,5,0.1,97339.5,13627.53,Standard,2,2024-08,0.14
ORD-10151,2024-09-29,2024-10-01,Rahul Malhotra,Small Business,North,Electronics,Smartphone,4,0.0,26332.0,3159.84,Express,2,2024-09,0.12
ORD-10152,2024-08-09,2024-08-16,Priya Singh,Consumer,Central,Electronics,Smartwatch,4,0.0,209632.0,25155.84,Standard,7,2024-08,0.12
ORD-10153,2025-06-24,2025-06-29,Diya Kapoor,Corporate,West,Groceries,Snacks Combo,5,0.05,888.25,53.3,Standard,5,2025-06,0.06
ORD-10154,2024-01-23,2024-01-28,Aarav Joshi,Small Business,West,Groceries,Rice Pack,2,0.0,470.0,37.6,Standard,5,2024-01,0.08
ORD-10155,2024-08-11,2024-08-13,Neha Chatterjee,Corporate,West,Furniture,Sofa,3,0.0,13743.0,2473.74,Standard,2,2024-08,0.18
ORD-10156,2025-08-24,2025-08-26,Ishaan Reddy,Consumer,East,Groceries,Rice Pack,3,0.15,2914.65,58.29,Standard,2,2025-08,0.02
ORD-10157,2024-05-11,2024-05-15,Tanvi Khan,Consumer,North,Furniture,Sofa,5,0.0,16640.0,2995.2,Standard,4,2024-05,0.18
ORD-10158,2025-08-05,2025-08-09,Vivaan Malhotra,Consumer,West,Beauty,Hair Dryer,4,0.1,4600.8,828.14,Express,4,2025-08,0.18
ORD-10159,2024-11-14,2024-11-20,Ananya Malhotra,Consumer,South,Clothing,Formal Shirt,3,0.05,3981.45,915.73,Standard,6,2024-11,0.23
ORD-10160,2025-09-19,2025-09-20,Ishaan Khan,Consumer,East,Clothing,Sneakers,5,0.0,6850.0,1712.5,Express,1,2025-09,0.25
ORD-10161,2025-07-12,2025-07-18,Kavya Iyer,Consumer,North,Groceries,Snacks Combo,4,0.05,3556.8,213.41,Express,6,2025-07,0.06
ORD-10162,2025-12-10,2025-12-11,Diya Khan,Consumer,West,Clothing,Formal Shirt,3,0.05,5269.65,1212.02,Standard,1,2025-12,0.23
ORD-10163,2025-08-04,2025-08-06,Rohan Joshi,Small Business,South,Groceries,Cooking Oil,1,0.0,711.0,56.88,Standard,2,2025-08,0.08
ORD-10164,2025-12-25,2025-12-31,Om Chatterjee,Consumer,South,Groceries,Cooking Oil,4,0.15,3406.8,68.14,Express,6,2025-12,0.02
ORD-10165,2025-08-04,2025-08-08,Aarav Mehta,Small Business,South,Electronics,Tablet,5,0.05,34898.25,3489.82,Standard,4,2025-08,0.1
ORD-10166,2024-07-21,2024-07-25,Kavya Patel,Consumer,West,Beauty,Perfume,5,0.25,5760.0,691.2,Standard,4,2024-07,0.12
ORD-10167,2025-01-05,2025-01-06,Kabir Nair,Consumer,East,Beauty,Makeup Kit,4,0.05,3146.4,629.28,Standard,1,2025-01,0.2
ORD-10168,2024-12-19,2024-12-23,Diya Verma,Consumer,West,Furniture,Sofa,2,0.05,46455.0,7432.8,Standard,4,2024-12,0.16
ORD-10169,2024-05-23,2024-05-26,Kabir Patel,Consumer,North,Beauty,Makeup Kit,3,0.15,2065.5,330.48,Express,3,2024-05,0.16
ORD-10170,2024-08-01,2024-08-08,Arjun Rao,Consumer,East,Beauty,Makeup Kit,2,0.15,4975.9,796.14,Standard,7,2024-08,0.16
ORD-10171,2024-02-13,2024-02-14,Diya Iyer,Consumer,North,Furniture,Bookshelf,2,0.0,45506.0,8191.08,Standard,1,2024-02,0.18
ORD-10172,2025-05-22,2025-05-26,Sneha Nair,Consumer,West,Electronics,Smartwatch,2,0.0,119656.0,14358.72,Express,4,2025-05,0.12
ORD-10173,2024-09-15,2024-09-18,Zara Mehta,Corporate,South,Furniture,Sofa,5,0.1,36580.5,5121.27,Same Day,3,2024-09,0.14
ORD-10174,2025-06-27,2025-06-28,Saanvi Verma,Small Business,North,Groceries,Snacks Combo,5,0.25,4695.0,-93.9,Standard,1,2025-06,-0.02
ORD-10175,2024-09-03,2024-09-06,Neha Khan,Consumer,Central,Beauty,Skincare Kit,3,0.0,8676.0,1908.72,Express,3,2024-09,0.22
ORD-10176,2025-01-11,2025-01-14,Zara Patel,Consumer,North,Furniture,Bookshelf,3,0.2,48931.2,4893.12,Express,3,2025-01,0.1
ORD-10177,2025-11-05,2025-11-09,Arjun Patel,Small Business,West,Furniture,Office Chair,1,0.05,13993.5,2238.96,Standard,4,2025-11,0.16
ORD-10178,2024-10-15,2024-10-19,Aarav Reddy,Consumer,North,Beauty,Perfume,1,0.1,319.5,57.51,Standard,4,2024-10,0.18
ORD-10179,2025-03-17,2025-03-18,Saanvi Rao,Small Business,South,Beauty,Hair Dryer,1,0.15,637.5,102.0,Express,1,2025-03,0.16
ORD-10180,2025-02-10,2025-02-13,Aditya Iyer,Consumer,Central,Clothing,Jeans,5,0.05,14235.75,3274.22,Standard,3,2025-02,0.23
ORD-10181,2024-10-07,2024-10-13,Tanvi Rao,Corporate,East,Furniture,Office Chair,4,0.0,50346.0,4027.68,Standard,6,2024-10,0.08
ORD-10182,2025-02-01,2025-02-07,Tanvi Mehta,Consumer,North,Beauty,Trimmer,1,0.05,2438.65,487.73,Express,6,2025-02,0.2
ORD-10183,2024-02-10,2024-02-14,Zara Malhotra,Consumer,East,Clothing,Sneakers,5,0.15,8589.25,1631.96,Express,4,2024-02,0.19
ORD-10184,2025-04-13,2025-04-20,Ananya Iyer,Small Business,Central,Beauty,Trimmer,1,0.2,1795.2,251.33,Standard,7,2025-04,0.14
ORD-10185,2024-10-27,2024-11-03,Meera Patel,Corporate,West,Groceries,Beverages,4,0.05,2880.4,172.82,Express,7,2024-10,0.06
ORD-10186,2024-05-11,2024-05-18,Neha Sharma,Consumer,South,Groceries,Beverages,2,0.0,1356.0,108.48,Express,7,2024-05,0.08
ORD-10187,2025-12-22,2025-12-23,Aditya Reddy,Consumer,East,Beauty,Makeup Kit,5,0.05,3040.0,608.0,Standard,1,2025-12,0.2
ORD-10188,2025-11-19,2025-11-24,Kabir Patel,Consumer,East,Beauty,Skincare Kit,4,0.0,3016.0,663.52,Standard,5,2025-11,0.22
ORD-10189,2025-01-16,2025-01-17,Priya Malhotra,Consumer,Central,Electronics,Tablet,1,0.0,6912.0,829.44,Standard,1,2025-01,0.12
ORD-10190,2024-01-01,2024-01-05,Kabir Joshi,Consumer,Central,Clothing,Sneakers,1,0.15,2893.4,549.75,Express,4,2024-01,0.19
ORD-10191,2024-12-08,2024-12-14,Kavya Patel,Consumer,North,Beauty,Skincare Kit,1,0.05,1129.55,225.91,Express,6,2024-12,0.2
ORD-10192,2024-11-27,2024-11-29,Om Malhotra,Small Business,West,Clothing,T-Shirt,3,0.1,1360.8,285.77,Express,2,2024-11,0.21
ORD-10193,2025-06-23,2025-06-26,Rohan Iyer,Consumer,East,Groceries,Snacks Combo,2,0.0,972.0,77.76,Standard,3,2025-06,0.08
ORD-10194,2024-12-22,2024-12-27,Kavya Khan,Consumer,West,Electronics,Smartphone,5,0.1,42507.0,3400.56,Standard,5,2024-12,0.08
ORD-10195,2025-09-25,2025-10-01,Meera Mehta,Consumer,East,Groceries,Beverages,4,0.2,940.8,0.0,Express,6,2025-09,0.0
ORD-10196,2025-09-03,2025-09-07,Sneha Iyer,Corporate,North,Electronics,Laptop,1,0.0,24967.0,2996.04,Express,4,2025-09,0.12
ORD-10197,2025-03-02,2025-03-09,Rohan Nair,Corporate,East,Clothing,Jacket,2,0.15,1657.5,314.92,Standard,7,2025-03,0.19
ORD-10198,2025-01-10,2025-01-13,Kavya Nair,Consumer,West,Clothing,Jacket,3,0.0,11703.0,2925.75,Standard,3,2025-01,0.25
ORD-10199,2025-04-29,2025-05-01,Neha Sharma,Corporate,North,Beauty,Trimmer,4,0.25,8679.0,1041.48,Standard,2,2025-04,0.12
ORD-10200,2024-04-18,2024-04-24,Rahul Iyer,Consumer,South,Groceries,Dairy Pack,5,0.15,3285.25,65.7,Standard,6,2024-04,0.02
ORD-10201,2025-05-11,2025-05-16,Aditya Kapoor,Consumer,West,Groceries,Dairy Pack,1,0.1,841.5,33.66,Standard,5,2025-05,0.04
ORD-10202,2024-09-29,2024-10-02,Diya Sharma,Small Business,West,Groceries,Cooking Oil,5,0.0,4305.0,344.4,Standard,3,2024-09,0.08
ORD-10203,2024-03-31,2024-04-05,Sneha Singh,Small Business,Central,Furniture,Sofa,4,0.0,12832.0,2309.76,Standard,5,2024-03,0.18
ORD-10204,2024-05-26,2024-05-28,Vihaan Mehta,Consumer,East,Groceries,Beverages,3,0.0,2382.0,190.56,Standard,2,2024-05,0.08
ORD-10205,2025-11-21,2025-11-26,Neha Reddy,Consumer,Central,Clothing,Jeans,5,0.05,10022.5,2305.18,Express,5,2025-11,0.23
ORD-10206,2024-05-26,2024-06-02,Priya Iyer,Consumer,West,Clothing,Jacket,2,0.05,2549.8,586.45,Standard,7,2024-05,0.23
ORD-10207,2024-07-22,2024-07-24,Arjun Reddy,Consumer,South,Electronics,Headphones,2,0.1,93324.6,7465.97,Express,2,2024-07,0.08
ORD-10208,2024-01-25,2024-01-30,Vivaan Rao,Consumer,North,Electronics,Tablet,1,0.15,19227.0,1153.62,Standard,5,2024-01,0.06
ORD-10209,2025-01-18,2025-01-22,Ishaan Chatterjee,Consumer,West,Clothing,Jacket,5,0.0,2935.0,733.75,Express,4,2025-01,0.25
ORD-10210,2025-01-14,2025-01-20,Aditya Reddy,Consumer,South,Groceries,Cooking Oil,4,0.15,962.2,19.24,Standard,6,2025-01,0.02
ORD-10211,2025-09-21,2025-09-26,Arjun Gupta,Consumer,East,Beauty,Skincare Kit,3,0.05,5004.6,1000.92,Standard,5,2025-09,0.2
ORD-10212,2025-03-31,2025-04-06,Vihaan Nair,Consumer,East,Groceries,Beverages,4,0.0,5204.0,416.32,Same Day,6,2025-03,0.08
ORD-10213,2025-04-10,2025-04-14,Arjun Das,Corporate,West,Furniture,Study Table,1,0.0,14141.0,2545.38,Standard,4,2025-04,0.18
ORD-10214,2024-07-27,2024-08-03,Aarav Mehta,Small Business,South,Furniture,Office Chair,5,0.2,97408.0,9740.8,Standard,7,2024-07,0.1
ORD-10215,2025-09-03,2025-09-05,Aarav Joshi,Corporate,West,Clothing,Formal Shirt,3,0.0,1791.0,447.75,Standard,2,2025-09,0.25
ORD-10216,2024-01-23,2024-01-28,Rahul Iyer,Consumer,West,Beauty,Hair Dryer,1,0.0,992.0,218.24,Standard,5,2024-01,0.22
ORD-10217,2024-10-30,2024-11-06,Neha Kapoor,Small Business,South,Groceries,Rice Pack,1,0.0,326.0,26.08,Express,7,2024-10,0.08
ORD-10218,2025-06-11,2025-06-12,Neha Reddy,Consumer,Central,Electronics,Headphones,5,0.0,275225.0,33027.0,Express,1,2025-06,0.12
ORD-10219,2024-11-21,2024-11-25,Aditya Kapoor,Consumer,North,Groceries,Dairy Pack,5,0.0,5940.0,475.2,Standard,4,2024-11,0.08
ORD-10220,2024-02-13,2024-02-20,Aditya Rao,Small Business,South,Beauty,Perfume,2,0.0,1194.0,262.68,Standard,7,2024-02,0.22
ORD-10221,2025-06-24,2025-06-27,Arjun Reddy,Small Business,North,Electronics,Smartwatch,4,0.0,13604.0,1632.48,Standard,3,2025-06,0.12
ORD-10222,2025-11-12,2025-11-15,Rohan Chatterjee,Corporate,East,Electronics,Laptop,2,0.0,64232.0,7707.84,Standard,3,2025-11,0.12
ORD-10223,2024-08-15,2024-08-22,Ananya Reddy,Consumer,North,Clothing,T-Shirt,5,0.05,15309.25,3521.13,Standard,7,2024-08,0.23
ORD-10224,2025-02-15,2025-02-20,Sneha Verma,Corporate,West,Groceries,Beverages,5,0.05,2337.0,140.22,Express,5,2025-02,0.06
ORD-10225,2025-06-12,2025-06-15,Priya Kapoor,Corporate,West,Furniture,Bookshelf,3,0.1,35650.8,4991.11,Standard,3,2025-06,0.14
ORD-10226,2025-02-15,2025-02-18,Neha Malhotra,Consumer,North,Clothing,T-Shirt,1,0.2,2858.4,485.93,Standard,3,2025-02,0.17
ORD-10227,2024-12-26,2024-12-29,Ishaan Nair,Corporate,Central,Electronics,Laptop,5,0.25,108918.75,2178.38,Standard,3,2024-12,0.02
ORD-10228,2024-10-28,2024-11-02,Priya Kapoor,Consumer,East,Clothing,Formal Shirt,1,0.0,892.0,223.0,Express,5,2024-10,0.25
ORD-10229,2025-11-11,2025-11-15,Diya Singh,Consumer,Central,Clothing,Sneakers,1,0.0,2255.0,563.75,Standard,4,2025-11,0.25
ORD-10230,2024-06-02,2024-06-08,Zara Verma,Consumer,Central,Groceries,Beverages,3,0.05,4209.45,252.57,Express,6,2024-06,0.06
ORD-10231,2025-04-22,2025-04-26,Om Khan,Small Business,South,Electronics,Headphones,4,0.0,94168.0,11300.16,Standard,4,2025-04,0.12
ORD-10232,2024-06-19,2024-06-24,Aditya Joshi,Consumer,West,Furniture,Bookshelf,5,0.0,101265.0,18227.7,Standard,5,2024-06,0.18
ORD-10233,2024-09-03,2024-09-06,Sneha Patel,Consumer,North,Furniture,Sofa,1,0.1,19464.3,2725.0,Standard,3,2024-09,0.14
ORD-10234,2025-12-18,2025-12-19,Aarav Das,Small Business,Central,Furniture,Bed Frame,4,0.15,21950.4,2634.05,Standard,1,2025-12,0.12
ORD-10235,2024-11-10,2024-11-13,Ananya Patel,Corporate,West,Electronics,Smartphone,5,0.0,244900.0,29388.0,Standard,3,2024-11,0.12
ORD-10236,2025-08-10,2025-08-12,Tanvi Khan,Small Business,Central,Clothing,Jacket,2,0.2,4233.6,719.71,Standard,2,2025-08,0.17
ORD-10237,2024-04-18,2024-04-23,Aditya Patel,Consumer,East,Electronics,Headphones,4,0.0,123132.0,14775.84,Express,5,2024-04,0.12
ORD-10238,2024-07-07,2024-07-11,Saanvi Patel,Consumer,South,Furniture,Bed Frame,5,0.0,61375.0,11047.5,Standard,4,2024-07,0.18
ORD-10239,2025-05-23,2025-05-24,Vihaan Khan,Consumer,Central,Groceries,Dairy Pack,3,0.2,2899.2,-0.0,Express,1,2025-05,-0.0
ORD-10240,2024-06-17,2024-06-22,Zara Mehta,Consumer,Central,Beauty,Perfume,3,0.0,4005.0,881.1,Standard,5,2024-06,0.22
ORD-10241,2024-01-22,2024-01-27,Neha Sharma,Consumer,Central,Beauty,Skincare Kit,3,0.0,6837.0,1504.14,Standard,5,2024-01,0.22
ORD-10242,2025-07-13,2025-07-17,Arjun Singh,Consumer,East,Electronics,Headphones,1,0.0,13156.0,1578.72,Standard,4,2025-07,0.12
ORD-10243,2025-02-26,2025-03-01,Saanvi Nair,Small Business,South,Electronics,Laptop,1,0.0,34934.0,4192.08,Express,3,2025-02,0.12
ORD-10244,2025-07-28,2025-07-29,Ananya Verma,Corporate,North,Groceries,Dairy Pack,4,0.15,3610.8,72.22,Standard,1,2025-07,0.02
ORD-10245,2024-03-18,2024-03-20,Meera Iyer,Consumer,East,Electronics,Laptop,1,0.05,37585.8,3758.58,Standard,2,2024-03,0.1
ORD-10246,2025-06-08,2025-06-14,Rahul Singh,Consumer,West,Clothing,Jacket,4,0.0,5160.0,1290.0,Express,6,2025-06,0.25
ORD-10247,2025-03-26,2025-03-28,Priya Patel,Corporate,South,Clothing,Jacket,4,0.0,3452.0,863.0,Standard,2,2025-03,0.25
ORD-10248,2025-07-22,2025-07-26,Vihaan Gupta,Corporate,Central,Beauty,Hair Dryer,5,0.0,4625.0,1017.5,Express,4,2025-07,0.22
ORD-10249,2025-08-13,2025-08-20,Om Sharma,Consumer,North,Clothing,Formal Shirt,1,0.25,2625.0,393.75,Same Day,7,2025-08,0.15
ORD-10250,2025-11-11,2025-11-16,Aditya Chatterjee,Consumer,West,Furniture,Study Table,2,0.05,41203.4,6592.54,Express,5,2025-11,0.16
ORD-10251,2024-06-02,2024-06-05,Aditya Rao,Corporate,East,Clothing,Formal Shirt,4,0.05,11400.0,2622.0,Express,3,2024-06,0.23
ORD-10252,2024-05-13,2024-05-20,Vivaan Kapoor,Consumer,North,Clothing,Jeans,3,0.0,11469.0,2867.25,Standard,7,2024-05,0.25
ORD-10253,2024-03-19,2024-03-22,Aarav Sharma,Small Business,South,Clothing,Formal Shirt,1,0.0,2213.0,553.25,Standard,3,2024-03,0.25
ORD-10254,2024-03-23,2024-03-24,Kavya Iyer,Consumer,Central,Furniture,Bookshelf,1,0.05,16241.2,2598.59,Express,1,2024-03,0.16
ORD-10255,2025-01-01,2025-01-08,Kavya Khan,Corporate,North,Groceries,Dairy Pack,1,0.1,863.1,34.52,Express,7,2025-01,0.04
ORD-10256,2024-04-20,2024-04-24,Aditya Malhotra,Corporate,West,Electronics,Smartphone,3,0.05,68026.65,6802.66,Standard,4,2024-04,0.1
ORD-10257,2024-10-30,2024-11-06,Aarav Gupta,Consumer,West,Furniture,Study Table,3,0.1,15849.0,2218.86,Standard,7,2024-10,0.14
ORD-10258,2025-05-04,2025-05-05,Vivaan Kapoor,Corporate,Central,Electronics,Tablet,5,0.1,139774.5,11181.96,Express,1,2025-05,0.08
ORD-10259,2025-11-10,2025-11-14,Saanvi Khan,Consumer,East,Furniture,Bookshelf,3,0.1,19353.6,2709.5,Standard,4,2025-11,0.14
ORD-10260,2024-03-28,2024-04-01,Ishaan Patel,Consumer,North,Groceries,Rice Pack,1,0.0,1033.0,82.64,Standard,4,2024-03,0.08
ORD-10261,2024-01-21,2024-01-23,Om Gupta,Corporate,South,Clothing,Formal Shirt,1,0.0,1202.0,300.5,Standard,2,2024-01,0.25
ORD-10262,2024-06-01,2024-06-06,Neha Nair,Consumer,East,Beauty,Makeup Kit,1,0.0,2344.0,515.68,Standard,5,2024-06,0.22
ORD-10263,2025-09-21,2025-09-26,Diya Gupta,Corporate,North,Furniture,Office Chair,1,0.0,17822.0,3207.96,Standard,5,2025-09,0.18
ORD-10264,2024-02-14,2024-02-15,Priya Chatterjee,Consumer,Central,Beauty,Perfume,1,0.0,1829.0,402.38,Standard,1,2024-02,0.22
ORD-10265,2024-04-24,2024-04-28,Meera Mehta,Consumer,East,Furniture,Office Chair,3,0.0,39909.0,7183.62,Standard,4,2024-04,0.18
ORD-10266,2024-01-19,2024-01-22,Vivaan Kapoor,Consumer,East,Furniture,Study Table,5,0.2,13792.0,1379.2,Express,3,2024-01,0.1
ORD-10267,2024-11-12,2024-11-17,Arjun Mehta,Consumer,North,Furniture,Office Chair,5,0.15,73567.5,8828.1,Standard,5,2024-11,0.12
ORD-10268,2025-09-20,2025-09-23,Zara Singh,Consumer,East,Furniture,Bookshelf,1,0.05,5123.35,819.74,Express,3,2025-09,0.16
ORD-10269,2025-12-18,2025-12-23,Meera Verma,Consumer,Central,Clothing,Jacket,5,0.05,3933.0,904.59,Standard,5,2025-12,0.23
ORD-10270,2025-06-17,2025-06-23,Kavya Verma,Small Business,East,Groceries,Rice Pack,1,0.25,623.25,-12.47,Standard,6,2025-06,-0.02
ORD-10271,2024-08-08,2024-08-11,Ananya Mehta,Consumer,South,Furniture,Bed Frame,3,0.1,42287.4,5920.24,Standard,3,2024-08,0.14
ORD-10272,2024-04-05,2024-04-08,Vihaan Chatterjee,Corporate,North,Clothing,Jeans,4,0.0,12032.0,3008.0,Standard,3,2024-04,0.25
ORD-10273,2025-01-02,2025-01-07,Neha Rao,Corporate,Central,Furniture,Bookshelf,5,0.05,62310.5,9969.68,Same Day,5,2025-01,0.16
ORD-10274,2025-12-27,2026-01-03,Saanvi Mehta,Consumer,South,Clothing,Formal Shirt,2,0.0,2406.0,601.5,Standard,7,2025-12,0.25
ORD-10275,2024-02-09,2024-02-14,Arjun Das,Consumer,West,Clothing,Jeans,3,0.0,9489.0,2372.25,Express,5,2024-02,0.25
ORD-10276,2025-10-19,2025-10-25,Tanvi Kapoor,Small Business,West,Electronics,Smartphone,1,0.05,37146.9,3714.69,Standard,6,2025-10,0.1
ORD-10277,2025-03-12,2025-03-19,Diya Rao,Consumer,South,Groceries,Beverages,4,0.0,1212.0,96.96,Express,7,2025-03,0.08
ORD-10278,2025-08-13,2025-08-18,Vivaan Reddy,Corporate,South,Groceries,Cooking Oil,5,0.15,2354.5,47.09,Standard,5,2025-08,0.02
ORD-10279,2025-11-18,2025-11-21,Saanvi Mehta,Consumer,South,Groceries,Beverages,5,0.15,5159.5,103.19,Standard,3,2025-11,0.02
ORD-10280,2025-04-03,2025-04-06,Ishaan Rao,Corporate,West,Beauty,Hair Dryer,5,0.0,7635.0,1679.7,Express,3,2025-04,0.22
ORD-10281,2025-11-25,2025-12-02,Rahul Mehta,Consumer,West,Clothing,Jeans,3,0.1,2991.6,628.24,Standard,7,2025-11,0.21
ORD-10282,2024-02-17,2024-02-20,Kavya Khan,Consumer,Central,Clothing,Jeans,3,0.05,10436.7,2400.44,Same Day,3,2024-02,0.23
ORD-10283,2024-01-14,2024-01-17,Diya Gupta,Corporate,West,Clothing,Formal Shirt,3,0.0,5970.0,1492.5,Express,3,2024-01,0.25
ORD-10284,2025-04-02,2025-04-08,Tanvi Malhotra,Corporate,North,Clothing,T-Shirt,2,0.1,3740.4,785.48,Standard,6,2025-04,0.21
ORD-10285,2024-02-28,2024-03-02,Diya Sharma,Small Business,South,Groceries,Beverages,5,0.0,6395.0,511.6,Standard,3,2024-02,0.08
ORD-10286,2024-05-29,2024-06-02,Saanvi Mehta,Consumer,Central,Beauty,Perfume,3,0.0,8058.0,1772.76,Express,4,2024-05,0.22
ORD-10287,2024-03-28,2024-04-04,Tanvi Khan,Consumer,South,Electronics,Headphones,1,0.05,29307.5,2930.75,Standard,7,2024-03,0.1
ORD-10288,2024-03-04,2024-03-06,Sneha Verma,Consumer,South,Beauty,Hair Dryer,2,0.0,5222.0,1148.84,Standard,2,2024-03,0.22
ORD-10289,2025-04-29,2025-05-03,Meera Kapoor,Consumer,South,Clothing,Formal Shirt,3,0.0,2949.0,737.25,Standard,4,2025-04,0.25
ORD-10290,2024-02-18,2024-02-22,Priya Joshi,Consumer,West,Beauty,Trimmer,2,0.15,2653.7,424.59,Standard,4,2024-02,0.16
ORD-10291,2024-09-22,2024-09-28,Om Patel,Consumer,South,Clothing,Sneakers,2,0.15,3177.3,603.69,Express,6,2024-09,0.19
ORD-10292,2025-11-18,2025-11-20,Neha Reddy,Consumer,South,Clothing,Sneakers,5,0.25,6832.5,1024.88,Standard,2,2025-11,0.15
ORD-10293,2025-12-20,2025-12-21,Kabir Khan,Consumer,South,Groceries,Beverages,2,0.0,2900.0,232.0,Same Day,1,2025-12,0.08
ORD-10294,2024-08-16,2024-08-22,Ishaan Rao,Consumer,East,Clothing,Formal Shirt,1,0.1,602.1,126.44,Standard,6,2024-08,0.21
ORD-10295,2025-02-15,2025-02-18,Aditya Das,Consumer,South,Beauty,Perfume,1,0.15,2268.65,362.98,Standard,3,2025-02,0.16
ORD-10296,2024-12-14,2024-12-21,Om Verma,Consumer,North,Beauty,Makeup Kit,5,0.1,11857.5,2134.35,Standard,7,2024-12,0.18
ORD-10297,2025-04-25,2025-04-26,Saanvi Gupta,Corporate,North,Beauty,Skincare Kit,3,0.0,1581.0,347.82,Express,1,2025-04,0.22
ORD-10298,2024-01-02,2024-01-08,Kavya Kapoor,Corporate,West,Furniture,Office Chair,5,0.1,10665.0,1493.1,Standard,6,2024-01,0.14
ORD-10299,2025-04-11,2025-04-15,Sneha Singh,Consumer,Central,Electronics,Smartwatch,4,0.0,215652.0,25878.24,Standard,4,2025-04,0.12
ORD-10300,2024-04-07,2024-04-08,Aarav Mehta,Consumer,West,Groceries,Rice Pack,3,0.0,3009.0,240.72,Express,1,2024-04,0.08
ORD-10301,2025-11-13,2025-11-20,Saanvi Chatterjee,Consumer,East,Electronics,Smartphone,2,0.0,90846.0,10901.52,Standard,7,2025-11,0.12
ORD-10302,2025-01-05,2025-01-08,Rahul Reddy,Small Business,South,Electronics,Tablet,3,0.1,69298.2,5543.86,Same Day,3,2025-01,0.08
ORD-10303,2025-01-05,2025-01-09,Neha Khan,Small Business,West,Groceries,Cooking Oil,2,0.1,2505.6,100.22,Standard,4,2025-01,0.04
ORD-10304,2024-12-20,2024-12-26,Zara Verma,Consumer,Central,Clothing,Sneakers,4,0.0,2436.0,609.0,Standard,6,2024-12,0.25
ORD-10305,2024-07-02,2024-07-06,Sneha Chatterjee,Consumer,South,Beauty,Skincare Kit,2,0.2,4411.2,617.57,Standard,4,2024-07,0.14
ORD-10306,2024-07-13,2024-07-15,Kavya Khan,Consumer,West,Clothing,T-Shirt,2,0.15,1460.3,277.46,Standard,2,2024-07,0.19
ORD-10307,2025-01-02,2025-01-03,Aarav Khan,Consumer,South,Electronics,Laptop,4,0.15,23001.0,1380.06,Standard,1,2025-01,0.06
ORD-10308,2024-10-28,2024-10-29,Aditya Nair,Corporate,East,Beauty,Skincare Kit,4,0.1,5493.6,988.85,Standard,1,2024-10,0.18
ORD-10309,2024-05-17,2024-05-18,Diya Reddy,Corporate,North,Groceries,Rice Pack,5,0.0,3360.0,268.8,Standard,1,2024-05,0.08
ORD-10310,2025-07-24,2025-07-26,Meera Rao,Consumer,East,Electronics,Smartwatch,2,0.15,8272.2,496.33,Standard,2,2025-07,0.06
ORD-10311,2025-08-28,2025-08-29,Meera Patel,Consumer,West,Furniture,Bed Frame,1,0.05,14305.1,2288.82,Standard,1,2025-08,0.16
ORD-10312,2025-11-24,2025-11-26,Saanvi Sharma,Consumer,Central,Beauty,Skincare Kit,1,0.0,2255.0,496.1,Same Day,2,2025-11,0.22
ORD-10313,2024-06-11,2024-06-17,Diya Nair,Consumer,North,Beauty,Trimmer,3,0.0,4404.0,968.88,Express,6,2024-06,0.22
ORD-10314,2024-01-05,2024-01-07,Rohan Gupta,Corporate,East,Groceries,Snacks Combo,5,0.0,4420.0,353.6,Standard,2,2024-01,0.08
ORD-10315,2025-02-22,2025-02-23,Arjun Gupta,Consumer,South,Clothing,Jacket,4,0.15,7133.2,1355.31,Standard,1,2025-02,0.19
ORD-10316,2024-05-20,2024-05-26,Ananya Kapoor,Consumer,South,Furniture,Bed Frame,4,0.2,49798.4,4979.84,Express,6,2024-05,0.1
ORD-10317,2024-05-15,2024-05-22,Zara Iyer,Consumer,North,Clothing,T-Shirt,3,0.05,3878.85,892.14,Standard,7,2024-05,0.23
ORD-10318,2025-02-26,2025-03-02,Rohan Khan,Consumer,West,Furniture,Sofa,2,0.0,48400.0,8712.0,Standard,4,2025-02,0.18
ORD-10319,2025-02-27,2025-03-01,Priya Sharma,Consumer,West,Electronics,Tablet,3,0.15,29113.35,1746.8,Standard,2,2025-02,0.06
ORD-10320,2025-02-19,2025-02-25,Aditya Singh,Corporate,West,Clothing,T-Shirt,5,0.25,8636.25,1295.44,Express,6,2025-02,0.15
ORD-10321,2024-04-22,2024-04-25,Vivaan Kapoor,Consumer,East,Electronics,Smartphone,4,0.05,14493.2,1449.32,Express,3,2024-04,0.1
ORD-10322,2025-05-04,2025-05-05,Saanvi Gupta,Consumer,North,Furniture,Office Chair,3,0.0,39354.0,7083.72,Express,1,2025-05,0.18
ORD-10323,2024-04-30,2024-05-02,Ishaan Singh,Consumer,West,Furniture,Sofa,3,0.1,64146.6,8980.52,Standard,2,2024-04,0.14
ORD-10324,2024-03-16,2024-03-20,Priya Sharma,Consumer,South,Beauty,Makeup Kit,4,0.05,9614.0,1922.8,Standard,4,2024-03,0.2
ORD-10325,2025-06-03,2025-06-08,Sneha Joshi,Corporate,West,Furniture,Bookshelf,2,0.1,31449.6,4402.94,Standard,5,2025-06,0.14
ORD-10326,2025-03-06,2025-03-12,Sneha Singh,Consumer,South,Groceries,Snacks Combo,3,0.2,391.2,-0.0,Standard,6,2025-03,-0.0
ORD-10327,2024-05-25,2024-05-30,Sneha Khan,Consumer,South,Groceries,Dairy Pack,5,0.0,3760.0,300.8,Standard,5,2024-05,0.08
ORD-10328,2025-07-03,2025-07-09,Priya Patel,Consumer,North,Groceries,Rice Pack,5,0.0,2435.0,194.8,Same Day,6,2025-07,0.08
ORD-10329,2025-08-11,2025-08-13,Rahul Rao,Corporate,East,Electronics,Laptop,3,0.1,131452.2,10516.18,Standard,2,2025-08,0.08
ORD-10330,2024-05-09,2024-05-11,Aarav Mehta,Corporate,East,Groceries,Rice Pack,5,0.05,6768.75,406.12,Standard,2,2024-05,0.06
ORD-10331,2024-11-01,2024-11-05,Om Reddy,Consumer,East,Electronics,Smartphone,2,0.15,33583.5,2015.01,Standard,4,2024-11,0.06
ORD-10332,2024-06-19,2024-06-22,Vivaan Joshi,Consumer,North,Beauty,Hair Dryer,2,0.15,4129.3,660.69,Standard,3,2024-06,0.16
ORD-10333,2024-04-05,2024-04-10,Vihaan Patel,Consumer,West,Furniture,Bookshelf,1,0.1,13135.5,1838.97,Standard,5,2024-04,0.14
ORD-10334,2024-12-28,2024-12-31,Neha Das,Consumer,North,Electronics,Laptop,1,0.05,47772.65,4777.26,Standard,3,2024-12,0.1
ORD-10335,2024-02-29,2024-03-02,Vihaan Joshi,Consumer,East,Electronics,Headphones,1,0.25,13496.25,269.92,Standard,2,2024-02,0.02
ORD-10336,2025-09-13,2025-09-19,Tanvi Rao,Small Business,West,Beauty,Perfume,4,0.25,1593.0,191.16,Express,6,2025-09,0.12
ORD-10337,2024-06-12,2024-06-16,Rahul Malhotra,Consumer,East,Furniture,Sofa,4,0.0,38176.0,6871.68,Express,4,2024-06,0.18
ORD-10338,2024-12-02,2024-12-07,Meera Chatterjee,Consumer,West,Beauty,Makeup Kit,3,0.05,6714.6,1342.92,Standard,5,2024-12,0.2
ORD-10339,2024-10-13,2024-10-16,Aditya Patel,Consumer,East,Electronics,Smartwatch,5,0.25,176767.5,3535.35,Standard,3,2024-10,0.02
ORD-10340,2025-05-22,2025-05-25,Zara Iyer,Consumer,Central,Electronics,Smartphone,3,0.05,98230.95,9823.09,Standard,3,2025-05,0.1
ORD-10341,2025-03-12,2025-03-19,Aditya Patel,Corporate,East,Electronics,Smartphone,3,0.05,89424.45,8942.44,Express,7,2025-03,0.1
ORD-10342,2024-03-13,2024-03-20,Sneha Rao,Small Business,West,Groceries,Snacks Combo,3,0.0,3258.0,260.64,Standard,7,2024-03,0.08
ORD-10343,2024-07-18,2024-07-20,Rahul Chatterjee,Corporate,North,Furniture,Sofa,1,0.0,13682.0,2462.76,Standard,2,2024-07,0.18
ORD-10344,2025-10-27,2025-10-29,Om Joshi,Small Business,Central,Clothing,Jacket,4,0.0,7484.0,1871.0,Standard,2,2025-10,0.25
ORD-10345,2025-01-10,2025-01-17,Zara Singh,Small Business,Central,Clothing,Formal Shirt,5,0.0,11465.0,2866.25,Standard,7,2025-01,0.25
ORD-10346,2024-04-25,2024-05-01,Neha Gupta,Consumer,West,Groceries,Snacks Combo,3,0.05,1325.25,79.51,Standard,6,2024-04,0.06
ORD-10347,2024-11-08,2024-11-10,Arjun Iyer,Consumer,East,Electronics,Tablet,3,0.1,131074.2,10485.94,Standard,2,2024-11,0.08
ORD-10348,2024-03-19,2024-03-25,Om Gupta,Small Business,West,Electronics,Headphones,4,0.05,63433.4,6343.34,Standard,6,2024-03,0.1
ORD-10349,2025-10-11,2025-10-12,Vivaan Khan,Consumer,West,Beauty,Perfume,4,0.05,10488.0,2097.6,Standard,1,2025-10,0.2
ORD-10350,2025-05-27,2025-06-03,Priya Mehta,Consumer,East,Furniture,Office Chair,2,0.05,11183.4,1789.34,Standard,7,2025-05,0.16
ORD-10351,2025-02-16,2025-02-19,Neha Khan,Consumer,North,Clothing,Jacket,2,0.05,3708.8,853.02,Express,3,2025-02,0.23
ORD-10352,2024-09-24,2024-09-30,Saanvi Nair,Consumer,West,Groceries,Cooking Oil,2,0.25,528.0,-10.56,Standard,6,2024-09,-0.02
ORD-10353,2024-04-10,2024-04-12,Rohan Gupta,Corporate,South,Beauty,Skincare Kit,1,0.2,283.2,39.65,Standard,2,2024-04,0.14
ORD-10354,2025-11-22,2025-11-29,Priya Khan,Consumer,North,Beauty,Makeup Kit,2,0.05,3123.6,624.72,Standard,7,2025-11,0.2
ORD-10355,2024-01-22,2024-01-24,Tanvi Gupta,Consumer,West,Groceries,Cooking Oil,3,0.25,2718.0,-54.36,Express,2,2024-01,-0.02
ORD-10356,2024-09-21,2024-09-23,Vihaan Gupta,Consumer,East,Beauty,Trimmer,3,0.1,4193.1,754.76,Standard,2,2024-09,0.18
ORD-10357,2024-12-13,2024-12-18,Ananya Iyer,Consumer,North,Clothing,Sneakers,2,0.0,1976.0,494.0,Standard,5,2024-12,0.25
ORD-10358,2024-11-28,2024-12-01,Arjun Patel,Consumer,East,Electronics,Smartwatch,2,0.0,16954.0,2034.48,Standard,3,2024-11,0.12
ORD-10359,2025-12-12,2025-12-13,Ishaan Rao,Consumer,West,Electronics,Laptop,1,0.0,49115.0,5893.8,Same Day,1,2025-12,0.12
ORD-10360,2025-07-08,2025-07-14,Neha Reddy,Corporate,West,Groceries,Cooking Oil,3,0.15,3098.25,61.97,Standard,6,2025-07,0.02
ORD-10361,2024-09-05,2024-09-07,Sneha Nair,Consumer,West,Clothing,Jeans,5,0.0,11075.0,2768.75,Standard,2,2024-09,0.25
ORD-10362,2025-01-04,2025-01-11,Tanvi Nair,Consumer,West,Groceries,Dairy Pack,5,0.1,5715.0,228.6,Express,7,2025-01,0.04
ORD-10363,2025-12-26,2026-01-02,Sneha Kapoor,Small Business,North,Clothing,Jeans,3,0.05,6506.55,1496.51,Express,7,2025-12,0.23
ORD-10364,2024-05-06,2024-05-09,Meera Joshi,Corporate,West,Beauty,Makeup Kit,4,0.25,1854.0,222.48,Standard,3,2024-05,0.12
ORD-10365,2024-03-25,2024-03-26,Vihaan Sharma,Consumer,West,Electronics,Smartphone,5,0.1,145534.5,11642.76,Standard,1,2024-03,0.08
ORD-10366,2025-04-10,2025-04-13,Saanvi Singh,Corporate,West,Clothing,Jeans,3,0.1,5008.5,1051.78,Express,3,2025-04,0.21
ORD-10367,2025-08-11,2025-08-12,Neha Nair,Consumer,Central,Groceries,Dairy Pack,1,0.0,127.0,10.16,Standard,1,2025-08,0.08
ORD-10368,2024-03-15,2024-03-21,Saanvi Iyer,Consumer,Central,Furniture,Sofa,1,0.05,2734.1,437.46,Standard,6,2024-03,0.16
ORD-10369,2025-05-22,2025-05-28,Om Iyer,Consumer,North,Clothing,Jeans,3,0.0,7014.0,1753.5,Express,6,2025-05,0.25
ORD-10370,2025-02-05,2025-02-07,Kabir Rao,Consumer,North,Electronics,Tablet,1,0.0,43004.0,5160.48,Standard,2,2025-02,0.12
ORD-10371,2025-08-22,2025-08-26,Arjun Chatterjee,Corporate,South,Beauty,Skincare Kit,1,0.0,2868.0,630.96,Express,4,2025-08,0.22
ORD-10372,2024-09-17,2024-09-21,Zara Rao,Small Business,South,Furniture,Study Table,1,0.2,3257.6,325.76,Standard,4,2024-09,0.1
ORD-10373,2025-09-02,2025-09-07,Neha Khan,Corporate,East,Beauty,Perfume,2,0.2,1196.8,167.55,Same Day,5,2025-09,0.14
ORD-10374,2025-09-06,2025-09-13,Arjun Kapoor,Corporate,West,Beauty,Trimmer,2,0.0,4672.0,1027.84,Standard,7,2025-09,0.22
ORD-10375,2024-04-15,2024-04-22,Rahul Malhotra,Corporate,North,Clothing,Jeans,3,0.05,9402.15,2162.49,Same Day,7,2024-04,0.23
ORD-10376,2024-11-19,2024-11-26,Rahul Sharma,Consumer,North,Electronics,Smartwatch,4,0.05,127946.0,12794.6,Standard,7,2024-11,0.1
ORD-10377,2025-08-06,2025-08-08,Ananya Singh,Consumer,Central,Groceries,Beverages,3,0.15,693.6,13.87,Express,2,2025-08,0.02
ORD-10378,2024-05-05,2024-05-06,Tanvi Iyer,Consumer,Central,Electronics,Headphones,3,0.0,151995.0,18239.4,Express,1,2024-05,0.12
ORD-10379,2024-08-09,2024-08-12,Meera Reddy,Corporate,West,Clothing,Sneakers,1,0.1,1333.8,280.1,Express,3,2024-08,0.21
ORD-10380,2024-08-24,2024-08-31,Om Patel,Consumer,West,Clothing,T-Shirt,1,0.15,3145.85,597.71,Standard,7,2024-08,0.19
ORD-10381,2025-11-29,2025-12-06,Aditya Khan,Corporate,East,Electronics,Headphones,4,0.2,43824.0,1752.96,Same Day,7,2025-11,0.04
ORD-10382,2024-04-04,2024-04-05,Ananya Gupta,Consumer,South,Groceries,Beverages,3,0.1,2205.9,88.24,Same Day,1,2024-04,0.04
ORD-10383,2024-12-26,2024-12-28,Vivaan Verma,Small Business,East,Beauty,Makeup Kit,4,0.05,6342.2,1268.44,Standard,2,2024-12,0.2
ORD-10384,2025-07-03,2025-07-09,Aditya Patel,Corporate,Central,Clothing,Jeans,5,0.05,16933.75,3894.76,Standard,6,2025-07,0.23
ORD-10385,2024-09-29,2024-10-01,Sneha Chatterjee,Consumer,South,Furniture,Bookshelf,1,0.05,7176.3,1148.21,Standard,2,2024-09,0.16
ORD-10386,2025-12-09,2025-12-11,Tanvi Sharma,Small Business,West,Electronics,Laptop,5,0.0,298040.0,35764.8,Standard,2,2025-12,0.12
ORD-10387,2024-08-03,2024-08-07,Ananya Joshi,Consumer,Central,Groceries,Dairy Pack,2,0.0,520.0,41.6,Standard,4,2024-08,0.08
ORD-10388,2025-04-16,2025-04-17,Vihaan Verma,Consumer,Central,Beauty,Perfume,5,0.05,1757.5,351.5,Express,1,2025-04,0.2
ORD-10389,2025-12-08,2025-12-11,Priya Kapoor,Consumer,West,Furniture,Study Table,1,0.15,13954.45,1674.53,Standard,3,2025-12,0.12
ORD-10390,2024-10-24,2024-10-27,Vihaan Gupta,Corporate,North,Clothing,Sneakers,1,0.0,1239.0,309.75,Standard,3,2024-10,0.25
ORD-10391,2025-09-02,2025-09-08,Zara Verma,Consumer,South,Beauty,Hair Dryer,2,0.15,4761.7,761.87,Standard,6,2025-09,0.16
ORD-10392,2024-07-25,2024-07-31,Ishaan Patel,Consumer,North,Clothing,Jacket,1,0.15,1619.25,307.66,Express,6,2024-07,0.19
ORD-10393,2025-06-11,2025-06-15,Priya Sharma,Small Business,West,Clothing,Formal Shirt,4,0.2,10544.0,1792.48,Standard,4,2025-06,0.17
ORD-10394,2024-11-22,2024-11-26,Kavya Kapoor,Small Business,East,Furniture,Bed Frame,3,0.1,62664.3,8773.0,Express,4,2024-11,0.14
ORD-10395,2024-12-05,2024-12-06,Vihaan Joshi,Corporate,Central,Beauty,Perfume,2,0.0,3004.0,660.88,Express,1,2024-12,0.22
ORD-10396,2025-07-20,2025-07-23,Vihaan Iyer,Consumer,North,Electronics,Tablet,5,0.0,213820.0,25658.4,Same Day,3,2025-07,0.12
ORD-10397,2025-10-24,2025-10-31,Tanvi Khan,Consumer,West,Clothing,Jeans,1,0.0,3041.0,760.25,Standard,7,2025-10,0.25
ORD-10398,2024-08-13,2024-08-19,Om Iyer,Corporate,West,Groceries,Dairy Pack,3,0.0,3660.0,292.8,Express,6,2024-08,0.08
ORD-10399,2025-06-10,2025-06-16,Kavya Gupta,Consumer,South,Clothing,Sneakers,2,0.05,5004.6,1151.06,Standard,6,2025-06,0.23
ORD-10400,2025-05-26,2025-06-02,Neha Kapoor,Consumer,East,Furniture,Office Chair,3,0.0,10863.0,1955.34,Standard,7,2025-05,0.18
ORD-10401,2025-12-28,2026-01-02,Meera Das,Consumer,West,Electronics,Laptop,5,0.1,181075.5,14486.04,Express,5,2025-12,0.08
ORD-10402,2024-05-31,2024-06-02,Tanvi Sharma,Consumer,North,Beauty,Skincare Kit,2,0.0,1512.0,287.67006429902,Standard,2,2024-05,0.19
ORD-10403,2025-01-10,2025-01-17,Tanvi Joshi,Small Business,West,Clothing,Sneakers,3,0.0,10305.0,2576.25,Standard,7,2025-01,0.25
ORD-10404,2024-09-29,2024-10-03,Aditya Reddy,Small Business,West,Electronics,Smartwatch,1,0.15,33184.0,1991.04,Express,4,2024-09,0.06
ORD-10405,2024-10-28,2024-11-01,Kabir Joshi,Consumer,West,Beauty,Skincare Kit,2,0.1,4879.8,878.36,Express,4,2024-10,0.18
ORD-10406,2024-11-29,2024-12-02,Sneha Khan,Small Business,West,Furniture,Study Table,4,0.0,35312.0,6356.16,Standard,3,2024-11,0.18
ORD-10407,2024-10-12,2024-10-13,Zara Khan,Consumer,North,Groceries,Cooking Oil,4,0.0,3972.0,317.76,Standard,1,2024-10,0.08
ORD-10408,2024-07-23,2024-07-30,Ananya Malhotra,Consumer,East,Electronics,Smartwatch,4,0.1,147747.6,11819.81,Express,7,2024-07,0.08
ORD-10409,2024-05-13,2024-05-18,Kabir Chatterjee,Consumer,Central,Groceries,Cooking Oil,5,0.05,6502.75,390.16,Express,5,2024-05,0.06
ORD-10410,2025-09-10,2025-09-15,Vihaan Iyer,Consumer,North,Clothing,Formal Shirt,5,0.05,2807.25,645.67,Standard,5,2025-09,0.23
ORD-10411,2024-05-28,2024-05-29,Rohan Gupta,Consumer,South,Clothing,Jeans,2,0.2,1513.6,257.31,Express,1,2024-05,0.17
ORD-10412,2025-10-18,2025-10-21,Ananya Verma,Small Business,West,Clothing,T-Shirt,5,0.1,15232.5,3198.82,Express,3,2025-10,0.21
ORD-10413,2025-01-26,2025-01-31,Ananya Das,Consumer,West,Clothing,Jacket,2,0.0,6576.0,1644.0,Express,5,2025-01,0.25
ORD-10414,2025-04-04,2025-04-09,Kabir Singh,Corporate,South,Furniture,Bed Frame,4,0.2,69171.2,6917.12,Standard,5,2025-04,0.1
ORD-10415,2025-07-09,2025-07-15,Meera Patel,Corporate,East,Groceries,Cooking Oil,3,0.0,3522.0,281.76,Standard,6,2025-07,0.08
ORD-10416,2025-03-18,2025-03-20,Sneha Das,Corporate,North,Groceries,Rice Pack,2,0.05,2699.9,161.99,Standard,2,2025-03,0.06
ORD-10417,2024-02-26,2024-03-01,Rahul Verma,Corporate,South,Beauty,Skincare Kit,2,0.1,4456.8,802.22,Standard,4,2024-02,0.18
ORD-10418,2025-08-06,2025-08-11,Aarav Rao,Consumer,South,Groceries,Dairy Pack,2,0.1,428.4,17.14,Express,5,2025-08,0.04
ORD-10419,2024-07-28,2024-08-02,Meera Verma,Corporate,Central,Clothing,Jeans,2,0.0,7562.0,1890.5,Standard,5,2024-07,0.25
ORD-10420,2024-01-13,2024-01-16,Rohan Joshi,Small Business,East,Beauty,Hair Dryer,4,0.2,4713.6,659.9,Express,3,2024-01,0.14
ORD-10421,2025-09-30,2025-10-05,Vihaan Patel,Consumer,East,Furniture,Study Table,4,0.15,51051.0,6126.12,Express,5,2025-09,0.12
ORD-10422,2024-06-17,2024-06-22,Zara Khan,Consumer,West,Furniture,Study Table,3,0.0,73998.0,13319.64,Standard,5,2024-06,0.18
ORD-10423,2024-01-26,2024-01-31,Saanvi Gupta,Consumer,Central,Beauty,Trimmer,3,0.15,3080.4,492.86,Same Day,5,2024-01,0.16
ORD-10424,2025-09-07,2025-09-14,Rohan Patel,Consumer,Central,Beauty,Perfume,1,0.0,455.0,100.1,Express,7,2025-09,0.22
ORD-10425,2024-07-15,2024-07-17,Ananya Patel,Corporate,South,Furniture,Bed Frame,3,0.2,49317.6,4931.76,Express,2,2024-07,0.1
ORD-10426,2024-11-02,2024-11-04,Ananya Rao,Corporate,West,Clothing,T-Shirt,3,0.0,8538.0,2134.5,Same Day,2,2024-11,0.25
ORD-10427,2025-09-01,2025-09-05,Neha Malhotra,Corporate,South,Beauty,Hair Dryer,1,0.0,1733.0,381.26,Standard,4,2025-09,0.22
ORD-10428,2024-07-25,2024-07-29,Aditya Malhotra,Consumer,Central,Furniture,Bookshelf,3,0.0,38496.0,6929.28,Standard,4,2024-07,0.18
ORD-10429,2024-10-20,2024-10-27,Meera Gupta,Consumer,West,Groceries,Rice Pack,2,0.2,476.8,-0.0,Express,7,2024-10,-0.0
ORD-10430,2025-07-13,2025-07-16,Vihaan Mehta,Consumer,East,Clothing,Jeans,1,0.15,924.8,175.71,Standard,3,2025-07,0.19
ORD-10431,2025-02-23,2025-02-26,Sneha Rao,Consumer,Central,Electronics,Laptop,4,0.2,129673.6,5186.94,Standard,3,2025-02,0.04
ORD-10432,2024-05-24,2024-05-26,Sneha Iyer,Consumer,East,Beauty,Trimmer,4,0.0,1044.0,229.68,Standard,2,2024-05,0.22
ORD-10433,2025-08-02,2025-08-05,Diya Das,Corporate,East,Furniture,Study Table,1,0.0,5650.0,1017.0,Same Day,3,2025-08,0.18
ORD-10434,2025-11-21,2025-11-26,Arjun Patel,Consumer,North,Electronics,Smartwatch,5,0.0,96320.0,11558.4,Standard,5,2025-11,0.12
ORD-10435,2024-10-22,2024-10-28,Ananya Das,Consumer,South,Clothing,Jacket,5,0.15,9643.25,1832.22,Same Day,6,2024-10,0.19
ORD-10436,2024-03-11,2024-03-13,Diya Reddy,Consumer,East,Clothing,Formal Shirt,4,0.05,1820.2,418.65,Same Day,2,2024-03,0.23
ORD-10437,2024-01-19,2024-01-20,Saanvi Nair,Consumer,North,Electronics,Tablet,3,0.1,53443.8,4275.5,Standard,1,2024-01,0.08
ORD-10438,2024-07-02,2024-07-09,Kabir Nair,Small Business,North,Clothing,Formal Shirt,2,0.2,4236.8,720.26,Standard,7,2024-07,0.17
ORD-10439,2024-01-17,2024-01-20,Ananya Nair,Consumer,North,Furniture,Bookshelf,4,0.0,93876.0,16897.68,Express,3,2024-01,0.18
ORD-10440,2024-10-11,2024-10-12,Kavya Sharma,Small Business,Central,Groceries,Snacks Combo,1,0.1,1142.1,45.68,Standard,1,2024-10,0.04
ORD-10441,2025-10-02,2025-10-09,Rohan Khan,Consumer,South,Groceries,Rice Pack,3,0.0,1554.0,124.32,Standard,7,2025-10,0.08
ORD-10442,2024-02-16,2024-02-19,Rohan Reddy,Corporate,East,Clothing,Sneakers,1,0.1,3148.2,661.12,Standard,3,2024-02,0.21
ORD-10443,2025-02-05,2025-02-09,Diya Malhotra,Small Business,South,Clothing,T-Shirt,3,0.0,6617.25,992.59,Same Day,4,2025-02,0.15
ORD-10444,2025-02-12,2025-02-16,Ananya Rao,Consumer,South,Groceries,Cooking Oil,4,0.0,5128.0,410.24,Standard,4,2025-02,0.08
ORD-10445,2024-05-19,2024-05-21,Rohan Das,Consumer,West,Beauty,Makeup Kit,2,0.05,5124.3,1024.86,Standard,2,2024-05,0.2
ORD-10446,2024-09-08,2024-09-11,Aditya Iyer,Small Business,North,Furniture,Study Table,2,0.05,26791.9,4286.7,Standard,3,2024-09,0.16
ORD-10447,2024-11-27,2024-12-02,Rahul Patel,Consumer,West,Electronics,Tablet,1,0.0,7495.0,899.4,Standard,5,2024-11,0.12
ORD-10448,2024-10-03,2024-10-09,Rohan Singh,Small Business,West,Groceries,Snacks Combo,3,0.0,3348.0,267.84,Express,6,2024-10,0.08
ORD-10449,2025-10-28,2025-11-03,Priya Mehta,Consumer,West,Electronics,Smartwatch,2,0.0,113024.0,13562.88,Express,6,2025-10,0.12
ORD-10450,2024-08-14,2024-08-18,Om Sharma,Consumer,South,Furniture,Bookshelf,4,0.05,50593.2,8094.91,Standard,4,2024-08,0.16
ORD-10451,2025-06-30,2025-07-03,Vivaan Iyer,Consumer,North,Beauty,Perfume,2,0.1,4375.8,787.64,Standard,3,2025-06,0.18
ORD-10452,2024-03-06,2024-03-12,Ishaan Kapoor,Corporate,South,Electronics,Smartwatch,1,0.05,43175.6,4317.56,Standard,6,2024-03,0.1
ORD-10453,2024-08-01,2024-08-05,Diya Malhotra,Consumer,East,Electronics,Smartwatch,2,0.1,40168.8,3213.5,Standard,4,2024-08,0.08
ORD-10454,2025-09-26,2025-09-30,Diya Gupta,Consumer,East,Furniture,Office Chair,5,0.05,88848.75,14215.8,Express,4,2025-09,0.16
ORD-10455,2024-07-07,2024-07-10,Vivaan Patel,Corporate,Central,Furniture,Bed Frame,5,0.2,47468.0,4746.8,Standard,3,2024-07,0.1
ORD-10456,2025-07-29,2025-08-03,Aarav Nair,Corporate,West,Beauty,Perfume,5,0.2,9244.0,1294.16,Express,5,2025-07,0.14
ORD-10457,2024-04-11,2024-04-17,Aditya Rao,Corporate,South,Furniture,Sofa,1,0.05,5264.9,842.38,Express,6,2024-04,0.16
ORD-10458,2025-08-18,2025-08-21,Om Verma,Consumer,South,Clothing,Jeans,2,0.05,2601.1,598.25,Standard,3,2025-08,0.23
ORD-10459,2025-11-19,2025-11-22,Diya Malhotra,Consumer,West,Furniture,Bed Frame,4,0.0,29280.0,5270.4,Standard,3,2025-11,0.18
ORD-10460,2024-09-15,2024-09-19,Priya Reddy,Corporate,South,Beauty,Hair Dryer,3,0.0,5763.0,1267.86,Standard,4,2024-09,0.22
ORD-10461,2025-06-16,2025-06-19,Neha Rao,Corporate,West,Beauty,Makeup Kit,1,0.05,1634.95,326.99,Express,3,2025-06,0.2
ORD-10462,2024-03-24,2024-03-29,Neha Singh,Consumer,East,Beauty,Skincare Kit,5,0.0,13395.0,2946.9,Standard,5,2024-03,0.22
ORD-10463,2024-08-07,2024-08-14,Neha Patel,Consumer,West,Beauty,Trimmer,2,0.0,964.0,212.08,Standard,7,2024-08,0.22
ORD-10464,2025-10-26,2025-11-01,Rohan Nair,Small Business,West,Beauty,Hair Dryer,2,0.15,4680.1,748.82,Standard,6,2025-10,0.16
ORD-10465,2025-07-30,2025-07-31,Priya Reddy,Consumer,South,Electronics,Headphones,3,0.1,110116.8,8809.34,Same Day,1,2025-07,0.08
ORD-10466,2025-03-24,2025-03-31,Zara Rao,Corporate,West,Furniture,Sofa,3,0.0,24549.0,4418.82,Express,7,2025-03,0.18
ORD-10467,2024-04-24,2024-04-28,Kabir Mehta,Consumer,East,Clothing,Formal Shirt,2,0.0,2754.0,688.5,Express,4,2024-04,0.25
ORD-10468,2024-06-09,2024-06-14,Saanvi Sharma,Consumer,East,Furniture,Office Chair,5,0.2,48776.0,4877.6,Express,5,2024-06,0.1
ORD-10469,2024-02-05,2024-02-06,Ananya Khan,Consumer,North,Electronics,Laptop,5,0.0,23210.0,2785.2,Standard,1,2024-02,0.12
ORD-10470,2025-04-08,2025-04-09,Zara Joshi,Small Business,East,Furniture,Study Table,2,0.05,29303.7,4688.59,Same Day,1,2025-04,0.16
ORD-10471,2024-04-10,2024-04-12,Rahul Mehta,Consumer,Central,Groceries,Snacks Combo,2,0.0,1188.0,95.04,Express,2,2024-04,0.08
ORD-10472,2025-01-25,2025-01-31,Neha Sharma,Consumer,South,Groceries,Snacks Combo,5,0.2,524.0,-0.0,Standard,6,2025-01,-0.0
ORD-10473,2025-11-27,2025-12-02,Ananya Verma,Consumer,East,Beauty,Perfume,2,0.0,1662.0,365.64,Express,5,2025-11,0.22
ORD-10474,2024-03-15,2024-03-21,Sneha Das,Small Business,North,Clothing,Jacket,5,0.1,5728.5,1202.98,Standard,6,2024-03,0.21
ORD-10475,2025-04-06,2025-04-07,Saanvi Singh,Corporate,North,Groceries,Beverages,5,0.0,6105.0,488.4,Standard,1,2025-04,0.08
ORD-10476,2024-04-23,2024-04-27,Tanvi Khan,Consumer,South,Beauty,Hair Dryer,2,0.25,3217.5,386.1,Same Day,4,2024-04,0.12
ORD-10477,2024-11-06,2024-11-13,Kavya Kapoor,Consumer,Central,Electronics,Laptop,4,0.15,11791.2,707.47,Express,7,2024-11,0.06
ORD-10478,2025-11-13,2025-11-20,Ishaan Mehta,Small Business,South,Electronics,Laptop,3,0.05,49396.2,4939.62,Express,7,2025-11,0.1
ORD-10479,2025-04-28,2025-04-30,Kavya Mehta,Consumer,West,Clothing,Jeans,4,0.0,3984.0,996.0,Standard,2,2025-04,0.25
ORD-10480,2024-11-24,2024-11-27,Meera Chatterjee,Consumer,East,Groceries,Rice Pack,3,0.0,2454.0,196.32,Standard,3,2024-11,0.08
ORD-10481,2025-11-12,2025-11-17,Meera Patel,Consumer,East,Groceries,Rice Pack,2,0.0,932.0,74.56,Standard,5,2025-11,0.08
ORD-10482,2024-05-12,2024-05-18,Zara Kapoor,Consumer,Central,Beauty,Makeup Kit,5,0.1,8896.5,1601.37,Standard,6,2024-05,0.18
ORD-10483,2025-02-25,2025-02-27,Om Sharma,Consumer,East,Electronics,Laptop,1,0.05,18107.95,1810.8,Same Day,2,2025-02,0.1
ORD-10484,2024-05-29,2024-06-04,Neha Das,Consumer,West,Furniture,Bookshelf,2,0.2,17588.8,1758.88,Standard,6,2024-05,0.1
ORD-10485,2024-08-13,2024-08-16,Kavya Gupta,Small Business,South,Furniture,Study Table,1,0.1,18055.8,2527.81,Same Day,3,2024-08,0.14
ORD-10486,2024-04-30,2024-05-06,Vivaan Patel,Small Business,South,Groceries,Dairy Pack,4,0.0,512.0,40.96,Standard,6,2024-04,0.08
ORD-10487,2024-12-21,2024-12-24,Zara Das,Corporate,North,Furniture,Bed Frame,2,0.2,30235.2,3023.52,Standard,3,2024-12,0.1
ORD-10488,2025-10-25,2025-11-01,Aditya Nair,Consumer,South,Furniture,Sofa,1,0.0,9461.0,1702.98,Express,7,2025-10,0.18
ORD-10489,2025-02-08,2025-02-11,Sneha Iyer,Corporate,Central,Furniture,Sofa,3,0.0,55317.0,9957.06,Standard,3,2025-02,0.18
ORD-10490,2025-12-26,2026-01-02,Aarav Gupta,Consumer,West,Beauty,Skincare Kit,1,0.05,1491.5,298.3,Same Day,7,2025-12,0.2
ORD-10491,2024-01-31,2024-02-03,Diya Khan,Consumer,East,Electronics,Laptop,5,0.15,165065.75,9903.94,Standard,3,2024-01,0.06
ORD-10492,2024-02-07,2024-02-11,Aarav Sharma,Small Business,North,Furniture,Office Chair,1,0.0,11348.0,2042.64,Express,4,2024-02,0.18
ORD-10493,2025-01-05,2025-01-08,Sneha Rao,Corporate,North,Groceries,Dairy Pack,3,0.1,2149.2,85.97,Express,3,2025-01,0.04
ORD-10494,2024-08-03,2024-08-05,Tanvi Chatterjee,Consumer,North,Groceries,Beverages,5,0.0,2155.0,172.4,Express,2,2024-08,0.08
ORD-10495,2025-10-10,2025-10-12,Kavya Sharma,Consumer,South,Furniture,Bed Frame,1,0.15,16059.05,1927.09,Standard,2,2025-10,0.12
ORD-10496,2024-11-06,2024-11-09,Arjun Gupta,Small Business,East,Furniture,Study Table,1,0.0,13426.0,2416.68,Standard,3,2024-11,0.18
ORD-10497,2024-06-06,2024-06-09,Arjun Iyer,Corporate,South,Beauty,Trimmer,1,0.0,1753.0,385.66,Standard,3,2024-06,0.22
ORD-10498,2025-08-18,2025-08-19,Arjun Chatterjee,Small Business,West,Groceries,Cooking Oil,2,0.0,1916.0,153.28,Standard,1,2025-08,0.08
ORD-10499,2025-06-07,2025-06-10,Sneha Singh,Corporate,North,Electronics,Tablet,1,0.05,13255.35,1325.54,Standard,3,2025-06,0.1
ORD-10500,2024-09-15,2024-09-19,Tanvi Das,Consumer,Central,Electronics,Smartphone,5,0.15,187357.0,11241.42,Express,4,2024-09,0.06
ORD-10501,2024-11-10,2024-11-17,Sneha Verma,Small Business,North,Beauty,Perfume,5,0.1,3127.5,562.95,Standard,7,2024-11,0.18
ORD-10502,2024-08-14,2024-08-18,Zara Gupta,Consumer,East,Furniture,Sofa,3,0.15,53017.05,6362.05,Standard,4,2024-08,0.12
ORD-10503,2025-02-18,2025-02-21,Kavya Nair,Small Business,West,Beauty,Trimmer,4,0.05,1075.4,215.08,Standard,3,2025-02,0.2
ORD-10504,2025-05-18,2025-05-20,Aditya Mehta,Consumer,East,Clothing,Formal Shirt,2,0.1,6741.0,1415.61,Standard,2,2025-05,0.21
ORD-10505,2024-03-18,2024-03-22,Rohan Chatterjee,Consumer,South,Clothing,T-Shirt,5,0.0,7190.0,1797.5,Standard,4,2024-03,0.25
ORD-10506,2025-06-04,2025-06-05,Vivaan Nair,Corporate,East,Clothing,Jacket,1,0.15,2902.75,551.52,Standard,1,2025-06,0.19
ORD-10507,2024-08-24,2024-08-26,Tanvi Nair,Consumer,South,Furniture,Bed Frame,4,0.0,28396.0,5111.28,Standard,2,2024-08,0.18
ORD-10508,2024-08-16,2024-08-22,Meera Joshi,Small Business,North,Furniture,Sofa,4,0.0,18380.0,3308.4,Standard,6,2024-08,0.18
ORD-10509,2025-11-05,2025-11-09,Meera Khan,Corporate,South,Beauty,Perfume,2,0.2,4043.2,566.05,Express,4,2025-11,0.14
ORD-10510,2024-10-12,2024-10-19,Kavya Nair,Corporate,Central,Furniture,Office Chair,4,0.0,83848.0,15092.64,Standard,7,2024-10,0.18
ORD-10511,2024-01-07,2024-01-13,Priya Reddy,Small Business,Central,Groceries,Dairy Pack,4,0.0,4404.0,352.32,Same Day,6,2024-01,0.08
ORD-10512,2024-12-31,2025-01-02,Om Singh,Consumer,West,Furniture,Sofa,1,0.0,4068.0,732.24,Standard,2,2024-12,0.18
ORD-10513,2024-04-28,2024-05-05,Vihaan Malhotra,Consumer,North,Clothing,Jeans,4,0.1,12448.8,2614.25,Express,7,2024-04,0.21
ORD-10514,2024-04-14,2024-04-16,Vivaan Kapoor,Corporate,East,Clothing,Jeans,2,0.2,5136.0,873.12,Express,2,2024-04,0.17
ORD-10515,2025-03-19,2025-03-20,Meera Chatterjee,Consumer,Central,Groceries,Dairy Pack,4,0.0,1424.0,113.92,Same Day,1,2025-03,0.08
ORD-10516,2025-09-01,2025-09-02,Priya Chatterjee,Consumer,East,Clothing,Jeans,2,0.0,3466.0,866.5,Express,1,2025-09,0.25
ORD-10517,2024-02-07,2024-02-13,Tanvi Khan,Consumer,West,Beauty,Hair Dryer,1,0.2,2396.0,335.44,Standard,6,2024-02,0.14
ORD-10518,2024-04-22,2024-04-27,Vihaan Malhotra,Corporate,East,Beauty,Trimmer,1,0.0,1876.0,412.72,Standard,5,2024-04,0.22
ORD-10519,2024-01-12,2024-01-14,Kabir Reddy,Consumer,North,Electronics,Smartphone,5,0.0,164680.0,19761.6,Standard,2,2024-01,0.12
ORD-10520,2024-06-28,2024-07-05,Kabir Joshi,Consumer,North,Clothing,Sneakers,2,0.1,757.8,159.14,Express,7,2024-06,0.21
ORD-10521,2025-07-27,2025-07-29,Rohan Sharma,Corporate,East,Electronics,Smartphone,4,0.15,49779.4,2986.76,Standard,2,2025-07,0.06
ORD-10522,2025-10-16,2025-10-23,Saanvi Rao,Consumer,Central,Electronics,Smartwatch,5,0.1,219424.5,17553.96,Standard,7,2025-10,0.08
ORD-10523,2025-10-14,2025-10-18,Kabir Patel,Consumer,Central,Clothing,T-Shirt,3,0.25,7393.5,1109.03,Express,4,2025-10,0.15
ORD-10524,2024-02-21,2024-02-24,Arjun Chatterjee,Consumer,Central,Electronics,Smartphone,4,0.15,176667.4,10600.04,Express,3,2024-02,0.06
ORD-10525,2024-05-24,2024-05-27,Kabir Das,Corporate,Central,Beauty,Trimmer,1,0.0,702.0,154.44,Express,3,2024-05,0.22
ORD-10526,2024-08-11,2024-08-17,Kavya Chatterjee,Consumer,West,Furniture,Bookshelf,1,0.0,22095.0,3977.1,Standard,6,2024-08,0.18
ORD-10527,2024-03-26,2024-04-02,Neha Das,Consumer,North,Clothing,Jeans,3,0.1,3356.1,704.78,Standard,7,2024-03,0.21
ORD-10528,2024-07-10,2024-07-13,Aarav Rao,Corporate,South,Groceries,Snacks Combo,3,0.1,2130.3,85.21,Standard,3,2024-07,0.04
ORD-10529,2024-04-22,2024-04-28,Aditya Khan,Small Business,West,Electronics,Tablet,1,0.2,10606.4,424.26,Standard,6,2024-04,0.04
ORD-10530,2024-11-10,2024-11-11,Arjun Reddy,Corporate,East,Groceries,Cooking Oil,2,0.15,999.6,19.99,Express,1,2024-11,0.02
ORD-10531,2024-11-18,2024-11-20,Priya Gupta,Consumer,North,Beauty,Hair Dryer,2,0.05,2703.7,540.74,Standard,2,2024-11,0.2
ORD-10532,2024-05-08,2024-05-09,Kabir Sharma,Small Business,Central,Groceries,Dairy Pack,2,0.15,697.0,13.94,Standard,1,2024-05,0.02
ORD-10533,2024-02-04,2024-02-11,Zara Sharma,Corporate,Central,Groceries,Beverages,5,0.0,3470.0,277.6,Standard,7,2024-02,0.08
ORD-10534,2024-05-07,2024-05-13,Vivaan Kapoor,Consumer,North,Beauty,Perfume,4,0.0,7076.0,1556.72,Same Day,6,2024-05,0.22
ORD-10535,2025-09-27,2025-09-30,Kabir Iyer,Small Business,West,Beauty,Trimmer,2,0.0,1544.0,339.68,Standard,3,2025-09,0.22
ORD-10536,2024-11-19,2024-11-21,Kavya Das,Consumer,East,Electronics,Smartphone,1,0.05,52641.4,5264.14,Standard,2,2024-11,0.1
ORD-10537,2024-12-05,2024-12-06,Ananya Patel,Corporate,Central,Groceries,Snacks Combo,1,0.0,898.0,71.84,Express,1,2024-12,0.08
ORD-10538,2025-05-28,2025-06-04,Kabir Khan,Consumer,East,Beauty,Makeup Kit,1,0.1,1537.2,276.7,Express,7,2025-05,0.18
ORD-10539,2024-02-15,2024-02-21,Om Verma,Consumer,East,Groceries,Dairy Pack,1,0.2,388.8,0.0,Express,6,2024-02,0.0
ORD-10540,2025-12-30,2026-01-04,Tanvi Joshi,Small Business,South,Clothing,T-Shirt,3,0.0,3450.0,862.5,Standard,5,2025-12,0.25
ORD-10541,2024-06-25,2024-06-30,Ishaan Khan,Consumer,Central,Electronics,Smartwatch,2,0.0,111390.0,9747.453740319601,Express,5,2024-06,0.088
ORD-10542,2024-07-04,2024-07-05,Vihaan Das,Consumer,North,Beauty,Trimmer,1,0.0,1245.0,273.9,Standard,1,2024-07,0.22
ORD-10543,2024-09-02,2024-09-05,Kabir Mehta,Consumer,West,Furniture,Office Chair,2,0.1,17987.4,2518.24,Same Day,3,2024-09,0.14
ORD-10544,2025-02-28,2025-03-02,Ishaan Iyer,Consumer,North,Electronics,Tablet,3,0.1,37910.7,3032.86,Standard,2,2025-02,0.08
ORD-10545,2025-08-26,2025-08-28,Meera Khan,Consumer,South,Electronics,Laptop,1,0.0,13249.0,1589.88,Standard,2,2025-08,0.12
ORD-10546,2024-05-12,2024-05-15,Rohan Nair,Corporate,South,Electronics,Laptop,5,0.15,140653.75,8439.22,Standard,3,2024-05,0.06
ORD-10547,2024-09-26,2024-09-30,Vivaan Chatterjee,Small Business,South,Beauty,Hair Dryer,5,0.0,8420.0,1852.4,Express,4,2024-09,0.22
ORD-10548,2024-06-11,2024-06-14,Aditya Khan,Small Business,West,Beauty,Trimmer,4,0.1,8240.4,1483.27,Standard,3,2024-06,0.18
ORD-10549,2025-07-07,2025-07-13,Kabir Gupta,Consumer,South,Furniture,Study Table,2,0.0,44728.0,8051.04,Standard,6,2025-07,0.18
ORD-10550,2025-07-14,2025-07-15,Kavya Joshi,Consumer,North,Electronics,Smartwatch,4,0.05,153717.6,15371.76,Standard,1,2025-07,0.1
ORD-10551,2024-02-17,2024-02-23,Meera Kapoor,Small Business,East,Beauty,Skincare Kit,5,0.0,11185.0,2460.7,Standard,6,2024-02,0.22
ORD-10552,2025-11-30,2025-12-02,Kavya Kapoor,Small Business,South,Clothing,T-Shirt,5,0.2,8268.0,1405.56,Standard,2,2025-11,0.17
ORD-10553,2025-04-11,2025-04-12,Vihaan Iyer,Consumer,South,Groceries,Snacks Combo,1,0.0,932.0,74.56,Standard,1,2025-04,0.08
ORD-10554,2025-07-06,2025-07-13,Aarav Iyer,Consumer,West,Groceries,Rice Pack,4,0.0,5256.0,420.48,Same Day,7,2025-07,0.08
ORD-10555,2024-03-02,2024-03-07,Meera Nair,Consumer,West,Furniture,Bookshelf,4,0.05,59500.4,9520.06,Same Day,5,2024-03,0.16
ORD-10556,2024-04-15,2024-04-22,Vivaan Joshi,Corporate,Central,Furniture,Office Chair,2,0.15,21486.3,2578.36,Standard,7,2024-04,0.12
ORD-10557,2024-09-22,2024-09-28,Arjun Verma,Consumer,North,Groceries,Rice Pack,5,0.0,4410.0,352.8,Standard,6,2024-09,0.08
ORD-10558,2024-04-08,2024-04-13,Diya Nair,Consumer,North,Clothing,T-Shirt,5,0.0,4605.0,1151.25,Express,5,2024-04,0.25
ORD-10559,2024-05-09,2024-05-14,Priya Das,Consumer,Central,Electronics,Smartwatch,4,0.05,156814.6,15681.46,Express,5,2024-05,0.1
ORD-10560,2025-12-06,2025-12-08,Om Malhotra,Consumer,South,Groceries,Rice Pack,5,0.0,7145.0,571.6,Standard,2,2025-12,0.08
ORD-10561,2024-05-18,2024-05-23,Tanvi Iyer,Consumer,Central,Clothing,Sneakers,2,0.05,2373.1,545.81,Standard,5,2024-05,0.23
ORD-10562,2024-11-21,2024-11-27,Ishaan Rao,Corporate,East,Groceries,Cooking Oil,5,0.1,1098.0,43.92,Same Day,6,2024-11,0.04
ORD-10563,2024-03-15,2024-03-22,Vivaan Chatterjee,Consumer,North,Furniture,Office Chair,5,0.0,120930.0,21767.4,Standard,7,2024-03,0.18
ORD-10564,2024-03-25,2024-03-31,Neha Sharma,Consumer,North,Furniture,Sofa,2,0.0,42134.0,7584.12,Standard,6,2024-03,0.18
ORD-10565,2024-05-17,2024-05-24,Kavya Khan,Consumer,South,Clothing,Sneakers,5,0.05,13827.25,3180.27,Express,7,2024-05,0.23
ORD-10566,2024-04-13,2024-04-15,Aditya Iyer,Consumer,West,Furniture,Study Table,4,0.1,49399.2,6915.89,Standard,2,2024-04,0.14
ORD-10567,2025-10-15,2025-10-18,Tanvi Mehta,Corporate,West,Electronics,Tablet,3,0.1,49493.7,3959.5,Standard,3,2025-10,0.08
ORD-10568,2024-02-16,2024-02-22,Ananya Joshi,Corporate,South,Groceries,Snacks Combo,5,0.1,2731.5,109.26,Express,6,2024-02,0.04
ORD-10569,2024-04-15,2024-04-20,Om Malhotra,Small Business,South,Groceries,Cooking Oil,4,0.15,4080.0,81.6,Express,5,2024-04,0.02
ORD-10570,2025-01-02,2025-01-06,Priya Reddy,Consumer,North,Electronics,Smartphone,2,0.0,24782.0,2973.84,Express,4,2025-01,0.12
ORD-10571,2024-11-29,2024-12-02,Rohan Rao,Consumer,Central,Beauty,Skincare Kit,1,0.25,1147.5,137.7,Express,3,2024-11,0.12
ORD-10572,2025-08-28,2025-08-29,Priya Kapoor,Small Business,West,Beauty,Makeup Kit,1,0.05,1083.95,216.79,Express,1,2025-08,0.2
ORD-10573,2024-11-08,2024-11-11,Zara Nair,Small Business,North,Furniture,Bookshelf,5,0.05,77866.75,12458.68,Standard,3,2024-11,0.16
ORD-10574,2025-10-23,2025-10-26,Priya Sharma,Corporate,South,Groceries,Cooking Oil,1,0.0,148.0,11.84,Standard,3,2025-10,0.08
ORD-10575,2024-09-27,2024-09-30,Vivaan Gupta,Small Business,East,Beauty,Makeup Kit,1,0.0,2369.0,521.18,Standard,3,2024-09,0.22
ORD-10576,2024-02-21,2024-02-22,Rohan Malhotra,Consumer,West,Groceries,Rice Pack,5,0.0,3760.0,300.8,Standard,1,2024-02,0.08
ORD-10577,2025-09-08,2025-09-10,Sneha Singh,Consumer,West,Groceries,Beverages,4,0.0,2004.0,160.32,Express,2,2025-09,0.08
ORD-10578,2024-05-05,2024-05-07,Diya Patel,Consumer,South,Electronics,Headphones,1,0.05,14879.85,1487.98,Standard,2,2024-05,0.1
ORD-10579,2025-08-28,2025-08-30,Vihaan Joshi,Corporate,East,Electronics,Laptop,1,0.2,8164.0,326.56,Standard,2,2025-08,0.04
ORD-10580,2025-02-02,2025-02-05,Om Kapoor,Corporate,North,Furniture,Study Table,4,0.25,35439.0,2835.12,Express,3,2025-02,0.08
ORD-10581,2024-12-11,2024-12-12,Vihaan Das,Consumer,North,Groceries,Dairy Pack,3,0.1,2060.1,82.4,Same Day,1,2024-12,0.04
ORD-10582,2024-01-28,2024-01-29,Rohan Patel,Small Business,Central,Electronics,Smartwatch,1,0.25,37767.0,755.34,Standard,1,2024-01,0.02
ORD-10583,2024-11-30,2024-12-07,Aditya Verma,Consumer,West,Furniture,Office Chair,4,0.1,33080.4,4631.26,Express,7,2024-11,0.14
ORD-10584,2024-11-27,2024-12-01,Rahul Das,Corporate,North,Electronics,Laptop,4,0.15,112540.0,6752.4,Standard,4,2024-11,0.06
ORD-10585,2025-07-22,2025-07-28,Saanvi Singh,Corporate,Central,Furniture,Sofa,2,0.2,6881.6,688.16,Express,6,2025-07,0.1
ORD-10586,2024-12-16,2024-12-20,Sneha Iyer,Small Business,North,Furniture,Office Chair,5,0.1,76297.5,10681.65,Express,4,2024-12,0.14
ORD-10587,2024-07-10,2024-07-17,Kavya Joshi,Consumer,East,Clothing,Jacket,2,0.0,1286.0,321.5,Express,7,2024-07,0.25
ORD-10588,2024-11-04,2024-11-07,Rahul Reddy,Small Business,East,Groceries,Cooking Oil,3,0.05,1134.3,68.06,Express,3,2024-11,0.06
ORD-10589,2025-05-06,2025-05-10,Om Singh,Corporate,Central,Furniture,Bed Frame,3,0.15,28802.25,3456.27,Standard,4,2025-05,0.12
ORD-10590,2025-03-08,2025-03-14,Neha Patel,Small Business,West,Furniture,Sofa,3,0.05,11821.8,1891.49,Same Day,6,2025-03,0.16
ORD-10591,2025-07-21,2025-07-28,Kabir Reddy,Small Business,Central,Furniture,Study Table,3,0.05,60203.4,9632.54,Standard,7,2025-07,0.16
ORD-10592,2024-01-06,2024-01-12,Vihaan Malhotra,Consumer,East,Electronics,Smartwatch,3,0.05,159719.7,15971.97,Same Day,6,2024-01,0.1
ORD-10593,2024-08-08,2024-08-09,Om Singh,Consumer,Central,Furniture,Bookshelf,1,0.05,10222.95,1635.67,Standard,1,2024-08,0.16
ORD-10594,2025-03-17,2025-03-18,Vihaan Das,Consumer,North,Furniture,Bookshelf,3,0.05,55785.9,8925.74,Standard,1,2025-03,0.16
ORD-10595,2024-11-01,2024-11-07,Priya Mehta,Corporate,North,Clothing,Jeans,5,0.05,18088.0,4160.24,Standard,6,2024-11,0.23
ORD-10596,2025-07-21,2025-07-28,Ananya Chatterjee,Consumer,West,Beauty,Hair Dryer,2,0.0,3308.0,727.76,Standard,7,2025-07,0.22
ORD-10597,2025-05-12,2025-05-13,Aarav Patel,Consumer,North,Beauty,Makeup Kit,1,0.0,237.0,52.14,Standard,1,2025-05,0.22
ORD-10598,2024-11-23,2024-11-24,Om Das,Corporate,Central,Electronics,Smartwatch,1,0.05,31148.6,3114.86,Standard,1,2024-11,0.1
ORD-10599,2025-03-09,2025-03-11,Priya Singh,Consumer,East,Electronics,Smartphone,4,0.0,65068.0,7808.16,Standard,2,2025-03,0.12
ORD-10600,2024-06-18,2024-06-25,Neha Nair,Corporate,South,Electronics,Headphones,2,0.05,35397.0,3539.7,Standard,7,2024-06,0.1
ORD-10601,2025-08-28,2025-08-31,Aditya Patel,Small Business,North,Clothing,Jeans,1,0.0,1642.0,410.5,Express,3,2025-08,0.25
ORD-10602,2025-04-17,2025-04-24,Aditya Singh,Corporate,West,Clothing,Sneakers,5,0.0,10270.0,2567.5,Express,7,2025-04,0.25
ORD-10603,2025-07-02,2025-07-08,Aarav Joshi,Small Business,East,Electronics,Headphones,2,0.0,29862.0,3583.44,Standard,6,2025-07,0.12
ORD-10604,2024-06-14,2024-06-19,Priya Malhotra,Consumer,West,Beauty,Skincare Kit,2,0.1,2205.0,396.9,Standard,5,2024-06,0.18
ORD-10605,2024-07-13,2024-07-19,Vivaan Verma,Consumer,West,Groceries,Dairy Pack,2,0.15,1832.6,36.65,Express,6,2024-07,0.02
ORD-10606,2025-06-06,2025-06-07,Kavya Sharma,Corporate,West,Beauty,Makeup Kit,3,0.0,7143.0,1571.46,Standard,1,2025-06,0.22
ORD-10607,2024-08-22,2024-08-26,Saanvi Joshi,Consumer,East,Clothing,Sneakers,2,0.05,1168.5,268.76,Express,4,2024-08,0.23
ORD-10608,2024-06-19,2024-06-23,Sneha Iyer,Consumer,East,Clothing,Formal Shirt,5,0.0,5355.0,1338.75,Express,4,2024-06,0.25
ORD-10609,2025-08-08,2025-08-15,Aditya Iyer,Consumer,North,Furniture,Study Table,3,0.0,60666.0,10919.88,Standard,7,2025-08,0.18
ORD-10610,2024-07-07,2024-07-12,Neha Gupta,Small Business,North,Furniture,Study Table,3,0.15,18872.55,2264.71,Standard,5,2024-07,0.12
ORD-10611,2024-10-08,2024-10-09,Sneha Kapoor,Small Business,South,Furniture,Sofa,4,0.25,18585.0,1486.8,Express,1,2024-10,0.08
ORD-10612,2024-05-21,2024-05-25,Diya Nair,Consumer,South,Electronics,Tablet,1,0.0,31669.0,3800.28,Standard,4,2024-05,0.12
ORD-10613,2025-12-17,2025-12-21,Aarav Verma,Small Business,East,Furniture,Study Table,5,0.05,14259.5,2281.52,Standard,4,2025-12,0.16
ORD-10614,2024-11-22,2024-11-29,Meera Rao,Small Business,East,Beauty,Trimmer,1,0.15,2172.6,347.62,Standard,7,2024-11,0.16
ORD-10615,2024-07-15,2024-07-21,Meera Khan,Consumer,South,Furniture,Study Table,2,0.1,22744.8,3184.27,Same Day,6,2024-07,0.14
ORD-10616,2024-08-05,2024-08-12,Zara Reddy,Corporate,Central,Furniture,Bookshelf,1,0.1,5785.2,809.93,Express,7,2024-08,0.14
ORD-10617,2025-02-11,2025-02-12,Priya Sharma,Corporate,Central,Beauty,Perfume,1,0.0,1882.0,414.04,Express,1,2025-02,0.22
ORD-10618,2025-04-12,2025-04-14,Om Kapoor,Corporate,North,Beauty,Skincare Kit,4,0.25,1422.0,170.64,Standard,2,2025-04,0.12
ORD-10619,2024-12-15,2024-12-19,Aarav Mehta,Consumer,East,Clothing,Jacket,5,0.05,15138.25,3481.8,Express,4,2024-12,0.23
ORD-10620,2025-04-16,2025-04-22,Ishaan Joshi,Consumer,North,Clothing,Formal Shirt,3,0.2,3489.6,593.23,Standard,6,2025-04,0.17
ORD-10621,2025-06-28,2025-06-30,Neha Singh,Consumer,North,Groceries,Snacks Combo,3,0.05,3368.7,202.12,Express,2,2025-06,0.06
ORD-10622,2024-01-08,2024-01-10,Kavya Sharma,Small Business,North,Beauty,Hair Dryer,5,0.1,9144.0,1645.92,Standard,2,2024-01,0.18
ORD-10623,2025-01-21,2025-01-23,Vihaan Verma,Small Business,Central,Electronics,Laptop,5,0.0,160100.0,19212.0,Express,2,2025-01,0.12
ORD-10624,2025-05-09,2025-05-15,Zara Joshi,Small Business,West,Electronics,Headphones,3,0.0,13452.0,1614.24,Standard,6,2025-05,0.12
ORD-10625,2025-11-26,2025-12-01,Kavya Verma,Corporate,North,Groceries,Rice Pack,4,0.0,1904.0,152.32,Standard,5,2025-11,0.08
ORD-10626,2024-02-25,2024-02-27,Saanvi Chatterjee,Consumer,North,Clothing,Formal Shirt,3,0.0,4194.0,1048.5,Standard,2,2024-02,0.25
ORD-10627,2025-08-20,2025-08-21,Aarav Sharma,Consumer,North,Groceries,Rice Pack,3,0.15,3317.55,66.35,Express,1,2025-08,0.02
ORD-10628,2024-02-10,2024-02-13,Zara Patel,Corporate,South,Beauty,Trimmer,5,0.1,9621.0,1731.78,Standard,3,2024-02,0.18
ORD-10629,2025-09-13,2025-09-16,Meera Iyer,Corporate,North,Furniture,Bookshelf,5,0.0,107385.0,19329.3,Standard,3,2025-09,0.18
ORD-10630,2024-07-13,2024-07-18,Rahul Iyer,Small Business,East,Furniture,Sofa,1,0.1,18385.2,2573.93,Express,5,2024-07,0.14
ORD-10631,2025-09-18,2025-09-23,Meera Khan,Consumer,West,Furniture,Bookshelf,3,0.1,7020.0,982.8,Standard,5,2025-09,0.14
ORD-10632,2025-04-22,2025-04-25,Ishaan Das,Corporate,North,Electronics,Tablet,5,0.0,162065.0,19447.8,Standard,3,2025-04,0.12
ORD-10633,2024-05-03,2024-05-06,Rahul Mehta,Consumer,West,Electronics,Tablet,3,0.1,78497.1,6279.77,Same Day,3,2024-05,0.08
ORD-10634,2024-05-16,2024-05-18,Rahul Chatterjee,Consumer,South,Furniture,Bed Frame,4,0.0,57556.0,10360.08,Standard,2,2024-05,0.18
ORD-10635,2024-07-07,2024-07-09,Om Kapoor,Small Business,West,Furniture,Office Chair,4,0.05,65010.4,10401.66,Express,2,2024-07,0.16
ORD-10636,2024-12-03,2024-12-07,Vihaan Gupta,Corporate,East,Beauty,Hair Dryer,3,0.0,7605.0,1673.1,Standard,4,2024-12,0.22
ORD-10637,2025-07-13,2025-07-18,Vivaan Nair,Small Business,North,Furniture,Sofa,5,0.05,102927.75,16468.44,Standard,5,2025-07,0.16
ORD-10638,2024-02-09,2024-02-16,Sneha Singh,Small Business,North,Clothing,Formal Shirt,2,0.1,4208.4,883.76,Standard,7,2024-02,0.21
ORD-10639,2024-12-29,2025-01-05,Kavya Joshi,Consumer,Central,Electronics,Tablet,5,0.25,112770.0,2255.4,Standard,7,2024-12,0.02
ORD-10640,2025-02-05,2025-02-06,Kavya Sharma,Corporate,East,Electronics,Tablet,3,0.1,85735.8,6858.86,Standard,1,2025-02,0.08
ORD-10641,2024-03-16,2024-03-19,Ananya Nair,Consumer,Central,Clothing,Formal Shirt,4,0.05,8584.2,1974.37,Standard,3,2024-03,0.23
ORD-10642,2024-03-26,2024-04-01,Kavya Gupta,Consumer,Central,Electronics,Smartphone,3,0.15,65965.95,3957.96,Express,6,2024-03,0.06
ORD-10643,2024-09-27,2024-10-01,Zara Das,Corporate,North,Clothing,Jacket,1,0.2,1432.8,243.58,Standard,4,2024-09,0.17
ORD-10644,2024-12-29,2024-12-31,Meera Iyer,Small Business,West,Furniture,Study Table,3,0.1,24634.8,3448.87,Standard,2,2024-12,0.14
ORD-10645,2025-01-02,2025-01-06,Saanvi Nair,Consumer,West,Groceries,Rice Pack,4,0.1,4104.0,164.16,Same Day,4,2025-01,0.04
ORD-10646,2024-04-10,2024-04-16,Rohan Rao,Consumer,South,Electronics,Smartphone,5,0.25,222157.5,4443.15,Standard,6,2024-04,0.02
ORD-10647,2024-12-04,2024-12-11,Priya Iyer,Corporate,East,Beauty,Makeup Kit,3,0.1,7697.7,1385.59,Express,7,2024-12,0.18
ORD-10648,2025-12-13,2025-12-18,Arjun Khan,Consumer,West,Furniture,Bed Frame,4,0.0,62268.0,11208.24,Express,5,2025-12,0.18
ORD-10649,2025-11-10,2025-11-11,Saanvi Kapoor,Small Business,Central,Groceries,Beverages,1,0.0,1119.0,89.52,Standard,1,2025-11,0.08
ORD-10650,2024-08-27,2024-08-29,Rahul Kapoor,Consumer,South,Electronics,Smartphone,4,0.1,167270.4,13381.63,Standard,2,2024-08,0.08
ORD-10651,2025-01-01,2025-01-07,Ananya Kapoor,Small Business,South,Clothing,Jeans,2,0.15,5586.2,1061.38,Express,6,2025-01,0.19
ORD-10652,2024-05-12,2024-05-19,Aditya Mehta,Small Business,North,Beauty,Trimmer,3,0.0,2799.0,615.78,Standard,7,2024-05,0.22
ORD-10653,2025-05-15,2025-05-16,Meera Chatterjee,Corporate,East,Furniture,Bed Frame,3,0.1,7994.7,1119.26,Express,1,2025-05,0.14
ORD-10654,2025-11-05,2025-11-10,Rahul Khan,Corporate,South,Beauty,Skincare Kit,2,0.1,4393.8,790.88,Express,5,2025-11,0.18
ORD-10655,2025-04-10,2025-04-12,Vivaan Singh,Small Business,West,Clothing,Formal Shirt,4,0.0,6688.0,1672.0,Standard,2,2025-04,0.25
ORD-10656,2024-08-23,2024-08-29,Neha Khan,Consumer,West,Furniture,Study Table,4,0.1,46022.4,6443.14,Standard,6,2024-08,0.14
ORD-10657,2024-05-04,2024-05-11,Kavya Reddy,Consumer,Central,Clothing,Sneakers,5,0.0,9565.0,2391.25,Same Day,7,2024-05,0.25
ORD-10658,2025-10-18,2025-10-19,Aditya Sharma,Consumer,Central,Furniture,Study Table,5,0.1,14877.0,2082.78,Standard,1,2025-10,0.14
ORD-10659,2024-01-25,2024-01-26,Kabir Gupta,Consumer,North,Groceries,Dairy Pack,5,0.05,5980.25,358.82,Standard,1,2024-01,0.06
ORD-10660,2024-01-21,2024-01-26,Vivaan Mehta,Corporate,South,Electronics,Laptop,4,0.1,19850.4,1588.03,Express,5,2024-01,0.08
ORD-10661,2024-03-27,2024-03-28,Arjun Joshi,Consumer,North,Furniture,Study Table,5,0.25,85597.5,6847.8,Express,1,2024-03,0.08
ORD-10662,2025-07-13,2025-07-16,Ishaan Das,Small Business,East,Electronics,Laptop,4,0.1,189039.6,15123.17,Standard,3,2025-07,0.08
ORD-10663,2025-09-28,2025-10-02,Om Iyer,Consumer,East,Electronics,Smartwatch,4,0.2,71046.4,2841.86,Express,4,2025-09,0.04
ORD-10664,2025-06-09,2025-06-11,Rahul Chatterjee,Corporate,East,Clothing,Jeans,2,0.1,1218.6,255.91,Same Day,2,2025-06,0.21
ORD-10665,2025-08-19,2025-08-22,Ananya Iyer,Corporate,East,Electronics,Smartwatch,2,0.15,16932.0,1015.92,Standard,3,2025-08,0.06
ORD-10666,2025-03-21,2025-03-26,Om Kapoor,Corporate,West,Groceries,Dairy Pack,3,0.0,576.0,46.08,Standard,5,2025-03,0.08
ORD-10667,2024-04-22,2024-04-27,Ananya Reddy,Consumer,Central,Furniture,Sofa,3,0.1,61587.0,8622.18,Express,5,2024-04,0.14
ORD-10668,2024-04-08,2024-04-10,Arjun Singh,Consumer,Central,Furniture,Bookshelf,3,0.0,60306.0,10855.08,Standard,2,2024-04,0.18
ORD-10669,2025-02-06,2025-02-12,Ishaan Sharma,Corporate,South,Clothing,Formal Shirt,3,0.0,2937.0,734.25,Standard,6,2025-02,0.25
ORD-10670,2025-11-17,2025-11-24,Arjun Kapoor,Consumer,South,Electronics,Headphones,1,0.05,22406.7,2240.67,Standard,7,2025-11,0.1
ORD-10671,2024-09-29,2024-10-01,Zara Mehta,Consumer,West,Beauty,Perfume,5,0.0,14795.0,3254.9,Same Day,2,2024-09,0.22
ORD-10672,2024-06-13,2024-06-18,Sneha Gupta,Consumer,West,Furniture,Bed Frame,2,0.2,31814.4,3181.44,Standard,5,2024-06,0.1
ORD-10673,2025-02-04,2025-02-08,Vivaan Gupta,Consumer,South,Furniture,Sofa,2,0.15,10788.2,1294.58,Standard,4,2025-02,0.12
ORD-10674,2025-06-20,2025-06-22,Diya Malhotra,Consumer,West,Clothing,Jacket,5,0.05,3747.75,861.98,Express,2,2025-06,0.23
ORD-10675,2025-09-17,2025-09-19,Kavya Das,Consumer,West,Beauty,Trimmer,4,0.15,3406.8,545.09,Express,2,2025-09,0.16
ORD-10676,2025-02-27,2025-02-28,Om Gupta,Consumer,West,Electronics,Tablet,4,0.0,231452.0,27774.24,Express,1,2025-02,0.12
ORD-10677,2024-06-30,2024-07-02,Arjun Singh,Consumer,West,Clothing,Formal Shirt,3,0.0,9945.0,2486.25,Standard,2,2024-06,0.25
ORD-10678,2025-10-08,2025-10-11,Om Khan,Consumer,West,Furniture,Sofa,5,0.2,86368.0,8636.8,Standard,3,2025-10,0.1
ORD-10679,2024-05-19,2024-05-21,Rohan Nair,Consumer,North,Clothing,Formal Shirt,5,0.0,11180.0,2795.0,Standard,2,2024-05,0.25
ORD-10680,2025-12-07,2025-12-14,Rohan Rao,Consumer,East,Furniture,Sofa,4,0.0,65952.0,11871.36,Express,7,2025-12,0.18
ORD-10681,2024-03-12,2024-03-13,Saanvi Das,Consumer,West,Beauty,Trimmer,5,0.15,6723.5,1075.76,Same Day,1,2024-03,0.16
ORD-10682,2025-04-03,2025-04-04,Zara Rao,Small Business,West,Furniture,Bed Frame,2,0.25,17935.5,1434.84,Standard,1,2025-04,0.08
ORD-10683,2025-02-01,2025-02-04,Ishaan Mehta,Small Business,North,Groceries,Rice Pack,3,0.0,2637.0,210.96,Standard,3,2025-02,0.08
ORD-10684,2025-08-14,2025-08-20,Rahul Sharma,Corporate,East,Beauty,Trimmer,1,0.1,492.3,88.61,Express,6,2025-08,0.18
ORD-10685,2025-04-10,2025-04-13,Rahul Gupta,Consumer,Central,Furniture,Study Table,2,0.0,25318.0,4557.24,Standard,3,2025-04,0.18
ORD-10686,2024-06-20,2024-06-24,Rahul Singh,Corporate,North,Beauty,Skincare Kit,3,0.1,1293.3,232.79,Standard,4,2024-06,0.18
ORD-10687,2024-08-08,2024-08-15,Kabir Patel,Consumer,South,Beauty,Trimmer,5,0.0,11305.0,2487.1,Standard,7,2024-08,0.22
ORD-10688,2025-01-19,2025-01-23,Meera Chatterjee,Corporate,North,Clothing,Sneakers,2,0.0,2252.0,563.0,Standard,4,2025-01,0.25
ORD-10689,2025-10-15,2025-10-19,Zara Sharma,Corporate,North,Furniture,Sofa,5,0.0,71355.0,12843.9,Standard,4,2025-10,0.18
ORD-10690,2025-02-12,2025-02-16,Om Kapoor,Consumer,East,Beauty,Hair Dryer,5,0.0,10090.0,2219.8,Same Day,4,2025-02,0.22
ORD-10691,2024-06-24,2024-06-30,Neha Reddy,Corporate,North,Electronics,Laptop,3,0.05,116981.1,11698.11,Standard,6,2024-06,0.1
ORD-10692,2025-08-31,2025-09-05,Vihaan Chatterjee,Consumer,Central,Beauty,Skincare Kit,5,0.05,8079.75,1615.95,Standard,5,2025-08,0.2
ORD-10693,2024-01-12,2024-01-16,Vihaan Kapoor,Consumer,North,Beauty,Hair Dryer,2,0.1,2836.8,510.62,Same Day,4,2024-01,0.18
ORD-10694,2024-01-15,2024-01-19,Sneha Kapoor,Consumer,North,Beauty,Hair Dryer,2,0.0,1376.0,302.72,Same Day,4,2024-01,0.22
ORD-10695,2024-06-03,2024-06-04,Rohan Iyer,Consumer,South,Groceries,Cooking Oil,1,0.0,772.0,61.76,Same Day,1,2024-06,0.08
ORD-10696,2025-09-26,2025-09-29,Priya Reddy,Consumer,Central,Beauty,Skincare Kit,5,0.2,6240.0,873.6,Standard,3,2025-09,0.14
ORD-10697,2025-01-15,2025-01-16,Diya Nair,Consumer,North,Beauty,Perfume,3,0.05,1881.0,376.2,Express,1,2025-01,0.2
ORD-10698,2025-05-30,2025-06-04,Om Rao,Consumer,North,Beauty,Skincare Kit,1,0.1,678.6,122.15,Same Day,5,2025-05,0.18
ORD-10699,2025-06-29,2025-07-03,Sneha Rao,Consumer,South,Electronics,Smartwatch,4,0.05,220415.2,22041.52,Standard,4,2025-06,0.1
ORD-10700,2024-05-22,2024-05-27,Om Rao,Consumer,South,Beauty,Hair Dryer,4,0.1,9162.0,1649.16,Express,5,2024-05,0.18
ORD-10701,2024-02-21,2024-02-28,Diya Patel,Consumer,East,Electronics,Tablet,5,0.2,96288.0,3851.52,Standard,7,2024-02,0.04
ORD-10702,2025-05-16,2025-05-22,Rohan Patel,Consumer,South,Groceries,Cooking Oil,3,0.0,744.0,59.52,Standard,6,2025-05,0.08
ORD-10703,2024-05-10,2024-05-11,Aditya Nair,Small Business,South,Groceries,Rice Pack,3,0.15,2297.55,45.95,Express,1,2024-05,0.02
ORD-10704,2024-11-26,2024-12-01,Vihaan Mehta,Corporate,South,Electronics,Smartphone,4,0.05,215251.0,21525.1,Express,5,2024-11,0.1
ORD-10705,2024-02-16,2024-02-23,Vihaan Malhotra,Small Business,North,Beauty,Trimmer,4,0.15,6143.8,983.01,Standard,7,2024-02,0.16
ORD-10706,2025-03-16,2025-03-19,Kabir Reddy,Corporate,West,Clothing,Jeans,1,0.15,2544.05,483.37,Standard,3,2025-03,0.19
ORD-10707,2025-02-20,2025-02-26,Vihaan Das,Consumer,Central,Beauty,Hair Dryer,3,0.1,4365.9,785.86,Standard,6,2025-02,0.18
ORD-10708,2024-01-13,2024-01-14,Priya Joshi,Consumer,South,Electronics,Smartphone,2,0.0,53346.0,6401.52,Standard,1,2024-01,0.12
ORD-10709,2024-06-10,2024-06-11,Rahul Mehta,Small Business,Central,Beauty,Makeup Kit,3,0.25,6644.25,797.31,Same Day,1,2024-06,0.12
ORD-10710,2025-11-08,2025-11-13,Zara Rao,Corporate,North,Furniture,Sofa,2,0.0,19434.0,3498.12,Standard,5,2025-11,0.18
ORD-10711,2025-04-29,2025-05-06,Rahul Khan,Consumer,West,Groceries,Dairy Pack,1,0.0,1043.0,83.44,Express,7,2025-04,0.08
ORD-10712,2024-12-18,2024-12-22,Kabir Joshi,Consumer,Central,Furniture,Office Chair,1,0.05,16139.55,2582.33,Standard,4,2024-12,0.16
ORD-10713,2024-08-20,2024-08-22,Vivaan Joshi,Corporate,South,Electronics,Smartphone,3,0.1,94162.5,7533.0,Standard,2,2024-08,0.08
ORD-10714,2025-06-28,2025-07-02,Rohan Sharma,Small Business,Central,Beauty,Makeup Kit,5,0.1,9355.5,1683.99,Express,4,2025-06,0.18
ORD-10715,2025-10-25,2025-10-27,Kabir Malhotra,Consumer,South,Groceries,Snacks Combo,4,0.05,2603.0,156.18,Standard,2,2025-10,0.06
ORD-10716,2025-12-25,2026-01-01,Aditya Patel,Consumer,North,Groceries,Snacks Combo,1,0.0,1238.0,99.04,Express,7,2025-12,0.08
ORD-10717,2025-05-16,2025-05-17,Sneha Das,Consumer,East,Groceries,Snacks Combo,5,0.15,3408.5,68.17,Standard,1,2025-05,0.02
ORD-10718,2025-08-19,2025-08-25,Diya Singh,Corporate,South,Electronics,Smartphone,5,0.0,189430.0,22731.6,Standard,6,2025-08,0.12
ORD-10719,2024-08-09,2024-08-13,Aditya Chatterjee,Small Business,South,Groceries,Cooking Oil,5,0.0,5710.0,456.8,Standard,4,2024-08,0.08
ORD-10720,2024-08-11,2024-08-15,Rohan Gupta,Corporate,Central,Groceries,Cooking Oil,4,0.0,628.0,50.24,Express,4,2024-08,0.08
ORD-10721,2024-01-14,2024-01-19,Rohan Sharma,Consumer,South,Electronics,Laptop,3,0.0,27105.0,3252.6,Express,5,2024-01,0.12
ORD-10722,2024-01-07,2024-01-10,Rahul Joshi,Consumer,West,Beauty,Perfume,1,0.1,1295.1,233.12,Express,3,2024-01,0.18
ORD-10723,2024-12-30,2025-01-06,Vivaan Chatterjee,Consumer,North,Beauty,Trimmer,2,0.1,3376.8,607.82,Standard,7,2024-12,0.18
ORD-10724,2024-09-10,2024-09-11,Meera Gupta,Corporate,East,Beauty,Perfume,4,0.05,8873.0,1774.6,Standard,1,2024-09,0.2
ORD-10725,2025-08-28,2025-09-04,Aditya Joshi,Consumer,West,Clothing,Jeans,5,0.05,6977.75,1604.88,Same Day,7,2025-08,0.23
ORD-10726,2024-11-28,2024-12-02,Saanvi Malhotra,Consumer,East,Furniture,Bed Frame,2,0.2,9865.6,986.56,Standard,4,2024-11,0.1
ORD-10727,2024-01-16,2024-01-20,Rohan Gupta,Consumer,East,Furniture,Bookshelf,2,0.0,34238.0,6162.84,Standard,4,2024-01,0.18
ORD-10728,2025-11-03,2025-11-10,Meera Joshi,Small Business,East,Beauty,Makeup Kit,3,0.2,4279.2,599.09,Express,7,2025-11,0.14
ORD-10729,2024-12-25,2024-12-31,Diya Singh,Consumer,Central,Furniture,Office Chair,3,0.0,9288.0,1671.84,Standard,6,2024-12,0.18
ORD-10730,2024-03-27,2024-04-02,Meera Reddy,Consumer,Central,Electronics,Smartwatch,2,0.1,104014.8,8321.18,Standard,6,2024-03,0.08
ORD-10731,2025-04-07,2025-04-11,Saanvi Joshi,Consumer,East,Groceries,Rice Pack,3,0.15,1127.1,22.54,Standard,4,2025-04,0.02
ORD-10732,2024-12-08,2024-12-10,Vihaan Rao,Corporate,West,Beauty,Trimmer,2,0.0,1294.0,284.68,Same Day,2,2024-12,0.22
ORD-10733,2025-08-23,2025-08-28,Vihaan Sharma,Consumer,South,Electronics,Tablet,1,0.1,51327.0,4106.16,Standard,5,2025-08,0.08
ORD-10734,2025-05-06,2025-05-10,Om Mehta,Consumer,West,Groceries,Dairy Pack,1,0.15,827.9,16.56,Express,4,2025-05,0.02
ORD-10735,2025-03-10,2025-03-14,Saanvi Sharma,Corporate,South,Furniture,Bed Frame,4,0.25,25722.0,2057.76,Standard,4,2025-03,0.08
ORD-10736,2025-08-13,2025-08-17,Neha Mehta,Corporate,North,Beauty,Skincare Kit,1,0.05,2605.85,521.17,Same Day,4,2025-08,0.2
ORD-10737,2024-05-24,2024-05-25,Aditya Gupta,Corporate,West,Clothing,T-Shirt,1,0.1,2111.4,443.39,Standard,1,2024-05,0.21
ORD-10738,2024-03-08,2024-03-12,Sneha Das,Corporate,South,Clothing,Jeans,5,0.0,15925.0,3981.25,Standard,4,2024-03,0.25
ORD-10739,2024-04-15,2024-04-20,Vivaan Chatterjee,Consumer,East,Furniture,Office Chair,5,0.25,9030.0,722.4,Standard,5,2024-04,0.08
ORD-10740,2025-04-20,2025-04-24,Ishaan Gupta,Consumer,South,Furniture,Study Table,1,0.05,2527.95,404.47,Same Day,4,2025-04,0.16
ORD-10741,2024-02-22,2024-02-29,Diya Mehta,Consumer,East,Groceries,Cooking Oil,2,0.0,2236.0,178.88,Express,7,2024-02,0.08
ORD-10742,2025-03-07,2025-03-11,Saanvi Nair,Consumer,Central,Electronics,Smartphone,2,0.1,27255.6,2180.45,Express,4,2025-03,0.08
ORD-10743,2025-10-01,2025-10-05,Ananya Verma,Corporate,East,Furniture,Bed Frame,5,0.2,19860.0,1986.0,Standard,4,2025-10,0.1
ORD-10744,2025-10-24,2025-10-30,Kavya Kapoor,Consumer,West,Furniture,Office Chair,5,0.0,107660.0,19378.8,Standard,6,2025-10,0.18
ORD-10745,2024-03-02,2024-03-06,Aarav Nair,Consumer,Central,Clothing,Jacket,1,0.2,3019.2,513.26,Express,4,2024-03,0.17
ORD-10746,2025-07-20,2025-07-24,Aarav Mehta,Consumer,West,Electronics,Smartphone,2,0.15,76627.5,4597.65,Standard,4,2025-07,0.06
ORD-10747,2025-02-05,2025-02-09,Neha Patel,Consumer,South,Furniture,Study Table,3,0.05,17601.6,2816.26,Standard,4,2025-02,0.16
ORD-10748,2024-08-23,2024-08-25,Diya Verma,Corporate,Central,Furniture,Bookshelf,1,0.1,2331.9,326.47,Express,2,2024-08,0.14
ORD-10749,2024-02-09,2024-02-10,Ananya Gupta,Consumer,East,Groceries,Snacks Combo,1,0.0,478.0,38.24,Express,1,2024-02,0.08
ORD-10750,2024-09-29,2024-10-04,Aarav Singh,Consumer,South,Groceries,Snacks Combo,5,0.0,2655.0,212.4,Express,5,2024-09,0.08
ORD-10751,2024-02-03,2024-02-04,Sneha Das,Small Business,West,Clothing,Formal Shirt,4,0.0,9072.0,2268.0,Standard,1,2024-02,0.25
ORD-10752,2025-10-13,2025-10-19,Zara Malhotra,Consumer,Central,Groceries,Snacks Combo,4,0.1,1620.0,64.8,Standard,6,2025-10,0.04
ORD-10753,2025-01-16,2025-01-22,Aditya Iyer,Consumer,North,Clothing,Jacket,1,0.0,1748.0,437.0,Standard,6,2025-01,0.25
ORD-10754,2024-06-16,2024-06-22,Priya Iyer,Consumer,East,Beauty,Makeup Kit,5,0.0,3720.0,818.4,Standard,6,2024-06,0.22
ORD-10755,2025-02-12,2025-02-14,Sneha Mehta,Consumer,South,Clothing,Jacket,3,0.0,10941.0,2735.25,Standard,2,2025-02,0.25
ORD-10756,2024-01-13,2024-01-19,Meera Joshi,Consumer,West,Clothing,Sneakers,5,0.05,16164.25,3717.78,Standard,6,2024-01,0.23
ORD-10757,2025-03-06,2025-03-12,Aditya Das,Small Business,West,Clothing,Jeans,5,0.05,3605.25,829.21,Standard,6,2025-03,0.23
ORD-10758,2025-06-06,2025-06-11,Ananya Khan,Consumer,West,Beauty,Perfume,5,0.15,2507.5,401.2,Same Day,5,2025-06,0.16
ORD-10759,2024-12-14,2024-12-18,Ananya Verma,Consumer,East,Beauty,Skincare Kit,4,0.05,4662.6,932.52,Standard,4,2024-12,0.2
ORD-10760,2024-10-03,2024-10-10,Aarav Rao,Consumer,South,Electronics,Tablet,4,0.0,205908.0,24708.96,Standard,7,2024-10,0.12
ORD-10761,2025-12-02,2025-12-04,Priya Sharma,Corporate,South,Furniture,Bookshelf,5,0.0,10140.0,1825.2,Standard,2,2025-12,0.18
ORD-10762,2024-12-02,2024-12-05,Zara Nair,Consumer,Central,Beauty,Hair Dryer,3,0.0,6366.0,1400.52,Same Day,3,2024-12,0.22
ORD-10763,2024-07-25,2024-08-01,Vivaan Nair,Corporate,East,Electronics,Headphones,4,0.25,134526.0,2690.52,Standard,7,2024-07,0.02
ORD-10764,2025-08-23,2025-08-24,Zara Iyer,Consumer,North,Clothing,Jeans,1,0.1,909.9,191.08,Express,1,2025-08,0.21
ORD-10765,2024-09-13,2024-09-15,Kabir Iyer,Corporate,East,Groceries,Dairy Pack,2,0.1,1436.4,57.46,Standard,2,2024-09,0.04
ORD-10766,2024-02-29,2024-03-03,Meera Das,Small Business,North,Furniture,Study Table,4,0.15,69686.4,8362.37,Standard,3,2024-02,0.12
ORD-10767,2024-10-08,2024-10-12,Neha Gupta,Corporate,West,Clothing,Jacket,1,0.0,3681.0,920.25,Standard,4,2024-10,0.25
ORD-10768,2025-06-02,2025-06-05,Kabir Singh,Consumer,West,Beauty,Perfume,5,0.1,8950.5,1611.09,Standard,3,2025-06,0.18
ORD-10769,2025-10-24,2025-10-27,Arjun Patel,Corporate,North,Furniture,Sofa,2,0.0,12732.0,2291.76,Standard,3,2025-10,0.18
ORD-10770,2024-11-05,2024-11-06,Kabir Verma,Consumer,East,Groceries,Rice Pack,5,0.0,1840.0,147.2,Same Day,1,2024-11,0.08
ORD-10771,2024-11-11,2024-11-14,Priya Nair,Consumer,South,Beauty,Makeup Kit,4,0.0,11876.0,2612.72,Express,3,2024-11,0.22
ORD-10772,2024-10-30,2024-11-03,Meera Reddy,Consumer,South,Furniture,Bookshelf,4,0.15,47419.8,5690.38,Standard,4,2024-10,0.12
ORD-10773,2024-09-09,2024-09-13,Ananya Sharma,Consumer,East,Furniture,Office Chair,2,0.1,23011.2,3221.57,Standard,4,2024-09,0.14
ORD-10774,2024-01-30,2024-02-02,Ishaan Mehta,Small Business,West,Beauty,Makeup Kit,1,0.0,1196.0,263.12,Express,3,2024-01,0.22
ORD-10775,2024-09-21,2024-09-23,Aditya Nair,Consumer,West,Beauty,Perfume,1,0.15,1265.65,202.5,Standard,2,2024-09,0.16
ORD-10776,2024-01-16,2024-01-21,Ishaan Verma,Consumer,North,Groceries,Beverages,5,0.1,472.5,18.9,Express,5,2024-01,0.04
ORD-10777,2025-08-16,2025-08-22,Priya Kapoor,Consumer,North,Groceries,Rice Pack,3,0.0,531.0,42.48,Express,6,2025-08,0.08
ORD-10778,2025-03-20,2025-03-23,Rohan Rao,Corporate,Central,Groceries,Cooking Oil,4,0.0,2256.0,180.48,Standard,3,2025-03,0.08
ORD-10779,2025-08-11,2025-08-15,Aditya Mehta,Consumer,South,Groceries,Beverages,4,0.05,3423.8,205.43,Express,4,2025-08,0.06
ORD-10780,2024-10-30,2024-11-02,Diya Gupta,Consumer,South,Beauty,Hair Dryer,2,0.0,3814.0,839.08,Express,3,2024-10,0.22
ORD-10781,2025-06-14,2025-06-21,Sneha Malhotra,Corporate,East,Electronics,Headphones,5,0.1,186237.0,14898.96,Express,7,2025-06,0.08
ORD-10782,2024-07-30,2024-07-31,Ananya Reddy,Consumer,East,Groceries,Dairy Pack,1,0.05,804.65,48.28,Express,1,2024-07,0.06
ORD-10783,2024-02-24,2024-02-26,Aditya Das,Consumer,Central,Electronics,Smartwatch,1,0.0,36063.0,4327.56,Standard,2,2024-02,0.12
ORD-10784,2024-06-19,2024-06-24,Meera Kapoor,Consumer,East,Beauty,Perfume,4,0.05,4609.4,921.88,Express,5,2024-06,0.2
ORD-10785,2024-08-24,2024-08-31,Vivaan Gupta,Corporate,West,Furniture,Bed Frame,4,0.15,13338.2,1600.58,Express,7,2024-08,0.12
ORD-10786,2025-07-16,2025-07-20,Arjun Patel,Small Business,West,Furniture,Study Table,3,0.25,17970.75,1437.66,Express,4,2025-07,0.08
ORD-10787,2025-07-04,2025-07-08,Arjun Mehta,Small Business,Central,Beauty,Hair Dryer,3,0.1,6507.0,1171.26,Express,4,2025-07,0.18
ORD-10788,2024-11-17,2024-11-24,Meera Verma,Consumer,West,Furniture,Sofa,5,0.1,50913.0,7127.82,Express,7,2024-11,0.14
ORD-10789,2025-11-14,2025-11-21,Aarav Reddy,Consumer,Central,Furniture,Bed Frame,5,0.0,37535.0,6756.3,Express,7,2025-11,0.18
ORD-10790,2024-10-06,2024-10-08,Arjun Malhotra,Consumer,North,Furniture,Bed Frame,1,0.1,13395.6,1875.38,Standard,2,2024-10,0.14
ORD-10791,2025-04-14,2025-04-19,Vivaan Rao,Corporate,East,Clothing,Jacket,5,0.05,8341.0,1918.43,Standard,5,2025-04,0.23
ORD-10792,2025-08-29,2025-09-05,Kavya Chatterjee,Consumer,South,Beauty,Skincare Kit,3,0.05,604.2,120.84,Express,7,2025-08,0.2
ORD-10793,2024-08-28,2024-08-31,Priya Sharma,Corporate,West,Clothing,Formal Shirt,4,0.1,6598.8,1385.75,Standard,3,2024-08,0.21
ORD-10794,2024-02-21,2024-02-24,Neha Sharma,Consumer,South,Clothing,Formal Shirt,5,0.0,9435.0,2358.75,Standard,3,2024-02,0.25
ORD-10795,2024-01-06,2024-01-11,Kavya Chatterjee,Consumer,West,Clothing,Sneakers,5,0.05,10526.0,2420.98,Same Day,5,2024-01,0.23
ORD-10796,2025-08-22,2025-08-23,Diya Nair,Corporate,East,Furniture,Bookshelf,4,0.0,78748.0,14174.64,Standard,1,2025-08,0.18
ORD-10797,2024-11-24,2024-12-01,Tanvi Rao,Small Business,West,Clothing,Sneakers,2,0.0,4316.0,1079.0,Express,7,2024-11,0.25
ORD-10798,2024-08-29,2024-09-02,Aarav Sharma,Corporate,North,Furniture,Sofa,4,0.0,86044.0,15487.92,Same Day,4,2024-08,0.18
ORD-10799,2025-01-27,2025-01-31,Aditya Reddy,Consumer,West,Electronics,Laptop,5,0.25,216097.5,4321.95,Standard,4,2025-01,0.02
ORD-10800,2025-09-23,2025-09-26,Kavya Khan,Corporate,West,Furniture,Bookshelf,2,0.05,20755.6,3320.9,Standard,3,2025-09,0.16
ORD-10801,2024-09-29,2024-09-30,Diya Rao,Consumer,North,Electronics,Smartwatch,1,0.2,23139.2,925.57,Express,1,2024-09,0.04
ORD-10802,2024-05-31,2024-06-04,Kavya Mehta,Corporate,South,Furniture,Office Chair,2,0.1,8591.4,1202.8,Standard,4,2024-05,0.14
ORD-10803,2025-06-22,2025-06-24,Zara Rao,Corporate,East,Beauty,Makeup Kit,5,0.15,6166.75,986.68,Standard,2,2025-06,0.16
ORD-10804,2024-06-20,2024-06-21,Saanvi Sharma,Consumer,West,Electronics,Laptop,5,0.0,281635.0,33796.2,Standard,1,2024-06,0.12
ORD-10805,2024-12-01,2024-12-04,Rahul Singh,Corporate,East,Furniture,Bookshelf,5,0.15,21870.5,2624.46,Same Day,3,2024-12,0.12
ORD-10806,2025-10-13,2025-10-20,Neha Nair,Corporate,West,Beauty,Perfume,5,0.05,10545.0,2109.0,Standard,7,2025-10,0.2
ORD-10807,2025-10-15,2025-10-20,Vivaan Joshi,Consumer,North,Beauty,Trimmer,1,0.0,2777.0,610.94,Standard,5,2025-10,0.22
ORD-10808,2024-12-09,2024-12-11,Sneha Gupta,Consumer,North,Electronics,Laptop,5,0.2,37076.0,1483.04,Express,2,2024-12,0.04
ORD-10809,2024-11-29,2024-12-01,Neha Kapoor,Consumer,West,Clothing,Sneakers,5,0.1,14539.5,3053.3,Standard,2,2024-11,0.21
ORD-10810,2025-08-10,2025-08-15,Sneha Chatterjee,Small Business,South,Furniture,Office Chair,4,0.0,9988.0,1797.84,Standard,5,2025-08,0.18
ORD-10811,2025-10-31,2025-11-01,Aarav Kapoor,Consumer,West,Furniture,Study Table,5,0.0,27950.0,5031.0,Standard,1,2025-10,0.18
ORD-10812,2024-12-19,2024-12-26,Vihaan Das,Corporate,East,Electronics,Smartphone,2,0.0,52222.0,6266.64,Express,7,2024-12,0.12
ORD-10813,2025-07-10,2025-07-16,Vihaan Reddy,Consumer,South,Electronics,Smartwatch,5,0.0,101340.0,12160.8,Standard,6,2025-07,0.12
ORD-10814,2025-01-20,2025-01-21,Diya Singh,Corporate,South,Furniture,Sofa,2,0.1,44821.8,6275.05,Standard,1,2025-01,0.14
ORD-10815,2025-10-07,2025-10-09,Om Mehta,Small Business,Central,Furniture,Bookshelf,5,0.0,26000.0,4680.0,Express,2,2025-10,0.18
ORD-10816,2024-07-17,2024-07-21,Sneha Gupta,Small Business,South,Furniture,Sofa,3,0.05,12907.65,2065.22,Express,4,2024-07,0.16
ORD-10817,2025-11-18,2025-11-21,Tanvi Reddy,Consumer,West,Electronics,Headphones,4,0.15,144812.8,8688.77,Standard,3,2025-11,0.06
ORD-10818,2024-10-21,2024-10-28,Rahul Joshi,Corporate,North,Groceries,Cooking Oil,1,0.2,587.2,0.0,Express,7,2024-10,0.0
ORD-10819,2025-04-09,2025-04-15,Om Das,Small Business,West,Clothing,Jeans,5,0.0,14210.0,3552.5,Standard,6,2025-04,0.25
ORD-10820,2024-10-16,2024-10-19,Vivaan Kapoor,Small Business,Central,Electronics,Tablet,1,0.05,19005.7,1900.57,Standard,3,2024-10,0.1
ORD-10821,2025-08-03,2025-08-04,Meera Mehta,Consumer,West,Groceries,Dairy Pack,3,0.0,621.0,49.68,Standard,1,2025-08,0.08
ORD-10822,2024-11-02,2024-11-06,Saanvi Malhotra,Consumer,West,Electronics,Tablet,4,0.05,32721.8,3272.18,Standard,4,2024-11,0.1
ORD-10823,2025-10-19,2025-10-23,Vivaan Iyer,Small Business,Central,Beauty,Perfume,4,0.15,6378.4,1020.54,Express,4,2025-10,0.16
ORD-10824,2024-11-05,2024-11-11,Vivaan Das,Consumer,North,Groceries,Snacks Combo,3,0.0,2682.0,214.56,Express,6,2024-11,0.08
ORD-10825,2024-04-04,2024-04-10,Tanvi Khan,Corporate,South,Electronics,Laptop,4,0.05,38190.0,3819.0,Express,6,2024-04,0.1
ORD-10826,2025-07-14,2025-07-18,Sneha Nair,Consumer,South,Electronics,Laptop,1,0.0,20547.0,2465.64,Express,4,2025-07,0.12
ORD-10827,2025-07-11,2025-07-12,Kavya Chatterjee,Consumer,West,Beauty,Hair Dryer,2,0.0,3712.0,816.64,Express,1,2025-07,0.22
ORD-10828,2024-01-27,2024-01-29,Kabir Verma,Corporate,South,Electronics,Headphones,1,0.1,4908.6,392.69,Standard,2,2024-01,0.08
ORD-10829,2025-04-28,2025-05-02,Sneha Malhotra,Small Business,Central,Groceries,Rice Pack,5,0.05,5153.75,309.23,Express,4,2025-04,0.06
ORD-10830,2024-11-03,2024-11-07,Zara Joshi,Consumer,South,Beauty,Perfume,4,0.05,6289.0,1257.8,Standard,4,2024-11,0.2
ORD-10831,2025-09-02,2025-09-06,Aarav Verma,Consumer,East,Beauty,Perfume,1,0.05,2012.1,402.42,Standard,4,2025-09,0.2
ORD-10832,2025-04-01,2025-04-06,Kabir Das,Consumer,South,Clothing,Formal Shirt,2,0.1,4302.0,903.42,Express,5,2025-04,0.21
ORD-10833,2024-02-16,2024-02-20,Priya Khan,Corporate,West,Electronics,Smartphone,4,0.0,79728.0,9567.36,Standard,4,2024-02,0.12
ORD-10834,2025-09-18,2025-09-20,Meera Mehta,Corporate,West,Clothing,Jacket,5,0.25,7447.5,1117.12,Standard,2,2025-09,0.15
ORD-10835,2025-03-11,2025-03-18,Aarav Kapoor,Corporate,North,Electronics,Laptop,5,0.0,82785.0,9934.2,Express,7,2025-03,0.12
ORD-10836,2025-11-15,2025-11-21,Sneha Khan,Corporate,South,Beauty,Trimmer,5,0.05,5438.75,1087.75,Express,6,2025-11,0.2
ORD-10837,2024-08-14,2024-08-20,Om Kapoor,Consumer,East,Groceries,Dairy Pack,3,0.05,467.4,28.04,Express,6,2024-08,0.06
ORD-10838,2024-06-07,2024-06-08,Aarav Reddy,Consumer,North,Groceries,Cooking Oil,2,0.1,2556.0,102.24,Same Day,1,2024-06,0.04
ORD-10839,2025-01-20,2025-01-27,Ishaan Khan,Consumer,North,Clothing,Jacket,5,0.2,13144.0,2234.48,Standard,7,2025-01,0.17
ORD-10840,2025-01-30,2025-02-05,Sneha Sharma,Consumer,Central,Groceries,Snacks Combo,1,0.2,432.8,0.0,Standard,6,2025-01,0.0
ORD-10841,2025-07-23,2025-07-30,Priya Kapoor,Consumer,East,Electronics,Laptop,3,0.1,137988.9,11039.11,Express,7,2025-07,0.08
ORD-10842,2024-09-03,2024-09-07,Aditya Malhotra,Consumer,Central,Electronics,Smartwatch,3,0.15,47437.65,2846.26,Express,4,2024-09,0.06
ORD-10843,2024-12-03,2024-12-06,Meera Mehta,Corporate,East,Groceries,Dairy Pack,5,0.0,540.0,43.2,Standard,3,2024-12,0.08
ORD-10844,2024-02-02,2024-02-09,Aarav Chatterjee,Corporate,South,Beauty,Trimmer,4,0.0,5380.0,1183.6,Standard,7,2024-02,0.22
ORD-10845,2025-10-14,2025-10-20,Ishaan Das,Consumer,East,Furniture,Sofa,4,0.05,54746.6,8759.46,Express,6,2025-10,0.16
ORD-10846,2025-05-11,2025-05-13,Aditya Patel,Consumer,West,Furniture,Study Table,1,0.05,10362.6,1658.02,Standard,2,2025-05,0.16
ORD-10847,2025-04-22,2025-04-28,Ishaan Chatterjee,Consumer,West,Clothing,Jacket,4,0.05,9595.0,2206.85,Same Day,6,2025-04,0.23
ORD-10848,2025-11-11,2025-11-18,Rahul Joshi,Small Business,North,Groceries,Snacks Combo,5,0.0,3125.0,250.0,Express,7,2025-11,0.08
ORD-10849,2024-08-01,2024-08-02,Diya Gupta,Corporate,East,Clothing,Formal Shirt,4,0.1,11106.0,2332.26,Standard,1,2024-08,0.21
ORD-10850,2024-08-13,2024-08-15,Rahul Mehta,Consumer,West,Clothing,T-Shirt,1,0.25,413.25,61.99,Express,2,2024-08,0.15
ORD-10851,2025-09-27,2025-10-03,Ananya Reddy,Corporate,North,Clothing,Jeans,5,0.0,2870.0,717.5,Standard,6,2025-09,0.25
ORD-10852,2024-01-23,2024-01-30,Neha Malhotra,Consumer,Central,Groceries,Snacks Combo,2,0.0,1298.0,103.84,Express,7,2024-01,0.08
ORD-10853,2025-09-17,2025-09-21,Tanvi Reddy,Consumer,South,Beauty,Makeup Kit,3,0.25,3096.0,371.52,Standard,4,2025-09,0.12
ORD-10854,2025-12-01,2025-12-03,Kavya Joshi,Small Business,Central,Clothing,Jeans,1,0.0,2285.0,571.25,Same Day,2,2025-12,0.25
ORD-10855,2025-08-08,2025-08-10,Diya Singh,Consumer,North,Beauty,Trimmer,5,0.0,1852.5,370.5,Express,2,2025-08,0.2
ORD-10856,2024-04-20,2024-04-21,Rahul Nair,Consumer,East,Clothing,Jeans,1,0.0,1933.0,483.25,Standard,1,2024-04,0.25
ORD-10857,2025-03-07,2025-03-11,Meera Das,Consumer,West,Electronics,Headphones,1,0.15,2068.9,124.13,Standard,4,2025-03,0.06
ORD-10858,2024-02-20,2024-02-24,Meera Gupta,Consumer,North,Electronics,Smartwatch,2,0.1,98782.2,7902.58,Standard,4,2024-02,0.08
ORD-10859,2025-07-22,2025-07-23,Saanvi Singh,Consumer,West,Groceries,Rice Pack,1,0.1,737.1,29.48,Standard,1,2025-07,0.04
ORD-10860,2024-01-09,2024-01-13,Kavya Iyer,Consumer,East,Groceries,Dairy Pack,4,0.05,478.8,28.73,Express,4,2024-01,0.06
ORD-10861,2025-12-25,2025-12-31,Arjun Singh,Corporate,North,Beauty,Makeup Kit,5,0.1,1705.5,306.99,Standard,6,2025-12,0.18
ORD-10862,2024-06-14,2024-06-18,Neha Nair,Consumer,North,Clothing,Sneakers,3,0.1,8532.0,1791.72,Standard,4,2024-06,0.21
ORD-10863,2025-08-21,2025-08-24,Kavya Khan,Consumer,North,Clothing,Sneakers,4,0.1,12200.4,2562.08,Same Day,3,2025-08,0.21
ORD-10864,2025-03-04,2025-03-05,Ishaan Verma,Small Business,South,Electronics,Smartwatch,2,0.15,23215.2,1392.91,Same Day,1,2025-03,0.06
ORD-10865,2025-09-23,2025-09-27,Sneha Kapoor,Consumer,East,Groceries,Beverages,1,0.0,170.0,13.6,Standard,4,2025-09,0.08
ORD-10866,2025-01-14,2025-01-21,Ananya Verma,Corporate,North,Groceries,Snacks Combo,4,0.0,4544.0,363.52,Standard,7,2025-01,0.08
ORD-10867,2025-12-05,2025-12-10,Rahul Mehta,Corporate,Central,Furniture,Study Table,5,0.2,79200.0,7920.0,Express,5,2025-12,0.1
ORD-10868,2024-07-03,2024-07-07,Zara Khan,Corporate,Central,Groceries,Beverages,2,0.1,318.6,12.74,Express,4,2024-07,0.04
ORD-10869,2025-12-26,2026-01-01,Sneha Joshi,Small Business,West,Groceries,Cooking Oil,5,0.1,2529.0,101.16,Express,6,2025-12,0.04
ORD-10870,2025-02-23,2025-03-02,Neha Joshi,Small Business,Central,Clothing,T-Shirt,4,0.0,15648.0,3912.0,Express,7,2025-02,0.25
ORD-10871,2024-06-15,2024-06-18,Om Reddy,Corporate,East,Furniture,Office Chair,4,0.05,78641.0,12582.56,Standard,3,2024-06,0.16
ORD-10872,2025-06-05,2025-06-06,Kabir Chatterjee,Corporate,South,Beauty,Perfume,1,0.05,1397.45,279.49,Standard,1,2025-06,0.2
ORD-10873,2024-07-17,2024-07-20,Saanvi Gupta,Small Business,North,Groceries,Snacks Combo,1,0.0,395.0,31.6,Standard,3,2024-07,0.08
ORD-10874,2025-09-01,2025-09-07,Tanvi Chatterjee,Small Business,Central,Electronics,Tablet,2,0.0,105666.0,12679.92,Same Day,6,2025-09,0.12
ORD-10875,2025-02-15,2025-02-21,Tanvi Verma,Consumer,West,Electronics,Smartwatch,5,0.15,219406.25,13164.38,Express,6,2025-02,0.06
ORD-10876,2025-05-03,2025-05-09,Kavya Malhotra,Consumer,South,Furniture,Study Table,4,0.0,60884.0,10959.12,Same Day,6,2025-05,0.18
ORD-10877,2024-01-10,2024-01-13,Neha Chatterjee,Corporate,Central,Furniture,Bed Frame,1,0.1,2179.8,305.17,Express,3,2024-01,0.14
ORD-10878,2025-03-16,2025-03-19,Om Chatterjee,Consumer,East,Beauty,Hair Dryer,3,0.15,4908.75,785.4,Standard,3,2025-03,0.16
ORD-10879,2024-10-26,2024-10-30,Zara Sharma,Consumer,West,Electronics,Tablet,2,0.1,8654.4,692.35,Standard,4,2024-10,0.08
ORD-10880,2025-06-14,2025-06-19,Ishaan Das,Small Business,South,Beauty,Skincare Kit,1,0.1,1442.7,259.69,Standard,5,2025-06,0.18
ORD-10881,2024-07-22,2024-07-25,Aditya Singh,Corporate,West,Beauty,Makeup Kit,2,0.05,4449.8,889.96,Standard,3,2024-07,0.2
ORD-10882,2025-11-16,2025-11-17,Meera Mehta,Consumer,West,Groceries,Snacks Combo,5,0.05,1216.0,72.96,Express,1,2025-11,0.06
ORD-10883,2024-06-30,2024-07-07,Rahul Joshi,Consumer,South,Groceries,Dairy Pack,2,0.0,2096.0,167.68,Express,7,2024-06,0.08
ORD-10884,2025-05-20,2025-05-21,Meera Chatterjee,Consumer,East,Clothing,Jacket,3,0.0,11730.0,2932.5,Standard,1,2025-05,0.25
ORD-10885,2025-06-15,2025-06-17,Rahul Malhotra,Consumer,North,Electronics,Laptop,5,0.15,107937.25,6476.23,Same Day,2,2025-06,0.06
ORD-10886,2025-05-12,2025-05-18,Diya Malhotra,Consumer,North,Electronics,Tablet,2,0.05,61221.8,6122.18,Express,6,2025-05,0.1
ORD-10887,2025-01-20,2025-01-27,Arjun Nair,Small Business,North,Furniture,Bed Frame,5,0.1,105880.5,14823.27,Express,7,2025-01,0.14
ORD-10888,2025-11-04,2025-11-05,Tanvi Reddy,Consumer,South,Groceries,Rice Pack,3,0.0,3348.0,267.84,Express,1,2025-11,0.08
ORD-10889,2024-05-14,2024-05-18,Tanvi Khan,Consumer,North,Furniture,Study Table,4,0.05,43958.4,7033.34,Standard,4,2024-05,0.16
ORD-10890,2024-10-20,2024-10-24,Vivaan Malhotra,Consumer,Central,Clothing,Sneakers,2,0.15,2623.1,498.39,Standard,4,2024-10,0.19
ORD-10891,2024-12-26,2024-12-27,Sneha Khan,Consumer,West,Furniture,Study Table,2,0.15,39225.8,4707.1,Standard,1,2024-12,0.12
ORD-10892,2024-12-25,2024-12-30,Rohan Verma,Consumer,North,Beauty,Trimmer,2,0.1,2707.2,487.3,Express,5,2024-12,0.18
ORD-10893,2025-06-11,2025-06-13,Aarav Nair,Consumer,South,Furniture,Bookshelf,3,0.2,58464.0,5846.4,Standard,2,2025-06,0.1
ORD-10894,2024-07-13,2024-07-16,Neha Mehta,Small Business,Central,Beauty,Perfume,2,0.0,5608.0,1233.76,Same Day,3,2024-07,0.22
ORD-10895,2024-01-11,2024-01-13,Sneha Joshi,Small Business,North,Clothing,Jacket,4,0.0,14824.0,3706.0,Same Day,2,2024-01,0.25
ORD-10896,2025-12-09,2025-12-11,Priya Malhotra,Consumer,South,Furniture,Study Table,5,0.05,105321.75,16851.48,Same Day,2,2025-12,0.16
ORD-10897,2025-11-08,2025-11-15,Ananya Chatterjee,Small Business,North,Groceries,Cooking Oil,3,0.0,1899.0,151.92,Express,7,2025-11,0.08
ORD-10898,2024-11-29,2024-12-01,Diya Nair,Corporate,West,Groceries,Rice Pack,4,0.0,1396.0,111.68,Express,2,2024-11,0.08
ORD-10899,2025-04-28,2025-04-29,Rahul Rao,Consumer,South,Electronics,Headphones,4,0.05,53374.8,5337.48,Standard,1,2025-04,0.1
ORD-10900,2024-03-27,2024-03-30,Kabir Das,Consumer,Central,Clothing,Jeans,2,0.05,3957.7,910.27,Standard,3,2024-03,0.23
ORD-10901,2025-05-26,2025-05-28,Vihaan Singh,Corporate,North,Beauty,Perfume,2,0.15,3910.0,625.6,Standard,2,2025-05,0.16
ORD-10902,2025-07-30,2025-08-06,Ishaan Mehta,Consumer,Central,Clothing,Formal Shirt,4,0.2,2342.4,398.21,Standard,7,2025-07,0.17
ORD-10903,2024-04-14,2024-04-16,Aarav Patel,Small Business,West,Electronics,Smartphone,1,0.0,45883.0,5505.96,Standard,2,2024-04,0.12
ORD-10904,2025-11-06,2025-11-07,Vihaan Patel,Consumer,West,Beauty,Perfume,4,0.15,9220.8,1475.33,Standard,1,2025-11,0.16
ORD-10905,2025-05-17,2025-05-23,Rahul Singh,Consumer,West,Furniture,Sofa,4,0.0,11200.0,2016.0,Standard,6,2025-05,0.18
ORD-10906,2025-02-22,2025-02-27,Meera Sharma,Corporate,Central,Electronics,Tablet,3,0.1,143526.6,11482.13,Standard,5,2025-02,0.08
ORD-10907,2025-10-16,2025-10-19,Ishaan Iyer,Corporate,North,Clothing,Sneakers,4,0.0,3896.0,974.0,Standard,3,2025-10,0.25
ORD-10908,2025-01-04,2025-01-05,Rohan Singh,Corporate,East,Clothing,Jeans,1,0.0,1362.0,340.5,Standard,1,2025-01,0.25
ORD-10909,2024-12-21,2024-12-26,Aarav Joshi,Small Business,East,Groceries,Snacks Combo,5,0.15,510.0,10.2,Express,5,2024-12,0.02
ORD-10910,2025-07-21,2025-07-24,Om Gupta,Small Business,West,Clothing,Jeans,2,0.0,1180.0,295.0,Standard,3,2025-07,0.25
ORD-10911,2024-05-07,2024-05-13,Sneha Mehta,Consumer,South,Beauty,Skincare Kit,1,0.0,2638.0,580.36,Express,6,2024-05,0.22
ORD-10912,2024-07-25,2024-07-30,Om Reddy,Corporate,South,Clothing,Formal Shirt,4,0.0,12620.0,3155.0,Standard,5,2024-07,0.25
ORD-10913,2024-02-20,2024-02-27,Priya Nair,Consumer,South,Furniture,Office Chair,2,0.1,31865.4,4461.16,Standard,7,2024-02,0.14
ORD-10914,2025-02-18,2025-02-19,Neha Das,Consumer,West,Groceries,Dairy Pack,3,0.0,3393.0,271.44,Standard,1,2025-02,0.08
ORD-10915,2025-02-24,2025-02-25,Saanvi Patel,Corporate,West,Groceries,Beverages,2,0.0,1578.0,126.24,Same Day,1,2025-02,0.08
ORD-10916,2024-01-31,2024-02-06,Saanvi Mehta,Consumer,North,Clothing,T-Shirt,2,0.1,1668.6,350.41,Standard,6,2024-01,0.21
ORD-10917,2025-01-16,2025-01-23,Saanvi Reddy,Consumer,Central,Clothing,T-Shirt,4,0.05,6843.8,1574.07,Standard,7,2025-01,0.23
ORD-10918,2025-08-25,2025-08-26,Priya Nair,Consumer,East,Electronics,Tablet,5,0.05,38351.5,3835.15,Standard,1,2025-08,0.1
ORD-10919,2024-05-12,2024-05-13,Tanvi Nair,Small Business,East,Groceries,Snacks Combo,5,0.0,685.0,54.8,Same Day,1,2024-05,0.08
ORD-10920,2025-12-21,2025-12-28,Rahul Joshi,Consumer,South,Beauty,Skincare Kit,3,0.15,7211.4,1153.82,Standard,7,2025-12,0.16
ORD-10921,2024-02-13,2024-02-16,Saanvi Kapoor,Corporate,South,Beauty,Trimmer,4,0.1,8528.4,1535.11,Express,3,2024-02,0.18
ORD-10922,2024-08-29,2024-09-04,Sneha Verma,Corporate,North,Furniture,Sofa,2,0.0,17886.0,3219.48,Standard,6,2024-08,0.18
ORD-10923,2025-07-18,2025-07-23,Kabir Singh,Consumer,South,Furniture,Bed Frame,1,0.15,14182.25,1701.87,Standard,5,2025-07,0.12
ORD-10924,2025-05-12,2025-05-15,Om Mehta,Corporate,Central,Groceries,Rice Pack,5,0.05,6042.0,362.52,Express,3,2025-05,0.06
ORD-10925,2024-02-22,2024-02-25,Vivaan Iyer,Consumer,East,Electronics,Laptop,1,0.2,22374.4,894.98,Express,3,2024-02,0.04
ORD-10926,2024-10-28,2024-11-03,Meera Verma,Small Business,North,Clothing,T-Shirt,1,0.05,3689.8,848.65,Standard,6,2024-10,0.23
ORD-10927,2025-05-20,2025-05-22,Neha Patel,Corporate,East,Groceries,Beverages,3,0.05,2109.0,126.54,Standard,2,2025-05,0.06
ORD-10928,2025-12-04,2025-12-11,Kavya Khan,Consumer,West,Clothing,Jacket,2,0.15,1433.1,272.29,Standard,7,2025-12,0.19
ORD-10929,2024-02-07,2024-02-08,Rohan Khan,Corporate,East,Electronics,Tablet,2,0.0,45587.2,2735.23,Standard,1,2024-02,0.06
ORD-10930,2025-09-19,2025-09-21,Aarav Reddy,Corporate,South,Groceries,Cooking Oil,3,0.1,1331.1,53.24,Standard,2,2025-09,0.04
ORD-10931,2024-10-13,2024-10-20,Sneha Gupta,Corporate,West,Furniture,Sofa,5,0.05,16601.25,2656.2,Standard,7,2024-10,0.16
ORD-10932,2024-04-18,2024-04-19,Neha Gupta,Consumer,Central,Furniture,Office Chair,2,0.0,39660.0,7138.8,Express,1,2024-04,0.18
ORD-10933,2024-08-17,2024-08-23,Aditya Rao,Consumer,West,Electronics,Smartphone,3,0.15,89678.4,5380.7,Standard,6,2024-08,0.06
ORD-10934,2024-09-18,2024-09-20,Neha Gupta,Small Business,North,Beauty,Skincare Kit,4,0.0,7700.0,1694.0,Express,2,2024-09,0.22
ORD-10935,2025-03-23,2025-03-30,Aditya Kapoor,Corporate,South,Furniture,Bookshelf,3,0.1,47074.5,6590.43,Standard,7,2025-03,0.14
ORD-10936,2025-03-09,2025-03-14,Sneha Gupta,Corporate,North,Furniture,Office Chair,5,0.15,21891.75,2627.01,Standard,5,2025-03,0.12
ORD-10937,2024-09-06,2024-09-13,Aditya Joshi,Consumer,Central,Electronics,Tablet,3,0.0,94962.0,11395.44,Express,7,2024-09,0.12
ORD-10938,2025-01-06,2025-01-11,Priya Reddy,Consumer,North,Electronics,Smartwatch,4,0.0,149716.0,17965.92,Standard,5,2025-01,0.12
ORD-10939,2024-08-09,2024-08-14,Rahul Sharma,Consumer,North,Groceries,Dairy Pack,2,0.0,422.0,33.76,Express,5,2024-08,0.08
ORD-10940,2025-05-11,2025-05-14,Aarav Das,Consumer,South,Groceries,Beverages,2,0.2,859.2,-0.0,Standard,3,2025-05,-0.0
ORD-10941,2024-01-02,2024-01-04,Saanvi Chatterjee,Consumer,North,Clothing,Formal Shirt,1,0.05,1328.1,305.46,Standard,2,2024-01,0.23
ORD-10942,2025-01-12,2025-01-18,Rahul Nair,Corporate,South,Clothing,T-Shirt,2,0.05,4181.9,961.84,Standard,6,2025-01,0.23
ORD-10943,2024-01-24,2024-01-31,Kavya Singh,Small Business,East,Furniture,Office Chair,4,0.05,30286.0,4845.76,Standard,7,2024-01,0.16
ORD-10944,2025-01-03,2025-01-10,Sneha Reddy,Consumer,South,Electronics,Tablet,2,0.0,115078.0,13809.36,Standard,7,2025-01,0.12
ORD-10945,2024-08-08,2024-08-10,Kabir Sharma,Consumer,North,Groceries,Snacks Combo,5,0.15,4233.0,84.66,Express,2,2024-08,0.02
ORD-10946,2025-02-16,2025-02-18,Vihaan Rao,Consumer,South,Groceries,Snacks Combo,5,0.1,5458.5,218.34,Express,2,2025-02,0.04
ORD-10947,2025-10-25,2025-10-30,Priya Verma,Corporate,North,Beauty,Trimmer,4,0.15,6133.6,981.38,Standard,5,2025-10,0.16
ORD-10948,2024-01-16,2024-01-23,Rahul Nair,Consumer,North,Electronics,Headphones,3,0.1,100423.8,8033.9,Express,7,2024-01,0.08
ORD-10949,2025-02-19,2025-02-21,Meera Sharma,Consumer,South,Beauty,Skincare Kit,2,0.1,570.6,102.71,Standard,2,2025-02,0.18
ORD-10950,2025-07-11,2025-07-16,Zara Gupta,Corporate,North,Furniture,Study Table,2,0.0,43640.0,7855.2,Standard,5,2025-07,0.18
ORD-10951,2025-05-23,2025-05-27,Om Rao,Consumer,South,Electronics,Smartwatch,3,0.2,111811.2,4472.45,Express,4,2025-05,0.04
ORD-10952,2024-04-23,2024-04-26,Kavya Kapoor,Small Business,Central,Electronics,Laptop,2,0.15,73606.6,4416.4,Standard,3,2024-04,0.06
ORD-10953,2024-08-23,2024-08-30,Arjun Iyer,Consumer,North,Beauty,Makeup Kit,3,0.1,2195.1,395.12,Express,7,2024-08,0.18
ORD-10954,2024-09-13,2024-09-14,Vivaan Das,Corporate,North,Electronics,Laptop,1,0.0,22449.0,2693.88,Standard,1,2024-09,0.12
ORD-10955,2024-12-23,2024-12-25,Diya Joshi,Small Business,Central,Groceries,Rice Pack,1,0.0,1359.0,108.72,Standard,2,2024-12,0.08
ORD-10956,2024-01-29,2024-02-05,Kabir Nair,Corporate,East,Clothing,Sneakers,4,0.05,10374.0,2386.02,Standard,7,2024-01,0.23
ORD-10957,2025-05-22,2025-05-26,Aarav Singh,Corporate,North,Furniture,Office Chair,3,0.0,74685.0,13443.3,Standard,4,2025-05,0.18
ORD-10958,2025-12-16,2025-12-18,Om Sharma,Corporate,North,Furniture,Bed Frame,5,0.05,116959.25,18713.48,Standard,2,2025-12,0.16
ORD-10959,2024-06-29,2024-07-04,Saanvi Malhotra,Corporate,East,Beauty,Perfume,4,0.1,9766.8,1758.02,Standard,5,2024-06,0.18
ORD-10960,2024-09-13,2024-09-14,Ananya Patel,Consumer,North,Beauty,Perfume,4,0.15,8306.2,1328.99,Standard,1,2024-09,0.16
ORD-10961,2025-10-19,2025-10-25,Arjun Verma,Consumer,North,Furniture,Office Chair,1,0.1,7205.4,1008.76,Standard,6,2025-10,0.14
ORD-10962,2024-11-20,2024-11-27,Rohan Gupta,Corporate,South,Furniture,Study Table,4,0.05,55825.8,8932.13,Express,7,2024-11,0.16
ORD-10963,2025-08-26,2025-08-30,Arjun Sharma,Corporate,West,Electronics,Tablet,4,0.05,115181.8,11518.18,Standard,4,2025-08,0.1
ORD-10964,2025-06-06,2025-06-08,Rahul Mehta,Consumer,North,Furniture,Study Table,5,0.25,60116.25,4809.3,Standard,2,2025-06,0.08
ORD-10965,2025-01-13,2025-01-20,Sneha Chatterjee,Small Business,South,Groceries,Beverages,1,0.0,816.0,65.28,Express,7,2025-01,0.08
ORD-10966,2025-07-01,2025-07-08,Om Verma,Consumer,Central,Beauty,Trimmer,2,0.15,4224.5,675.92,Standard,7,2025-07,0.16
ORD-10967,2025-06-02,2025-06-07,Vihaan Singh,Consumer,Central,Electronics,Laptop,1,0.2,12566.4,502.66,Same Day,5,2025-06,0.04
ORD-10968,2024-05-13,2024-05-19,Aarav Singh,Consumer,West,Electronics,Tablet,4,0.15,196088.2,11765.29,Standard,6,2024-05,0.06
ORD-10969,2024-05-31,2024-06-03,Meera Joshi,Small Business,Central,Groceries,Dairy Pack,3,0.05,703.95,42.24,Express,3,2024-05,0.06
ORD-10970,2025-02-02,2025-02-03,Aarav Sharma,Consumer,Central,Furniture,Office Chair,3,0.15,19963.95,2395.67,Express,1,2025-02,0.12
ORD-10971,2025-04-19,2025-04-24,Kabir Das,Corporate,West,Clothing,T-Shirt,4,0.2,11584.0,1969.28,Standard,5,2025-04,0.17
ORD-10972,2025-09-28,2025-10-02,Priya Joshi,Corporate,Central,Furniture,Sofa,4,0.15,27985.4,3358.25,Standard,4,2025-09,0.12
ORD-10973,2024-07-05,2024-07-08,Ananya Malhotra,Small Business,South,Beauty,Makeup Kit,5,0.0,5345.0,1175.9,Standard,3,2024-07,0.22
ORD-10974,2025-03-15,2025-03-22,Ananya Das,Consumer,South,Furniture,Sofa,3,0.0,68100.0,12258.0,Standard,7,2025-03,0.18
ORD-10975,2024-10-14,2024-10-17,Rohan Reddy,Small Business,West,Electronics,Tablet,3,0.0,7500.0,900.0,Standard,3,2024-10,0.12
ORD-10976,2025-10-17,2025-10-23,Vivaan Joshi,Small Business,Central,Clothing,Formal Shirt,2,0.25,700.5,105.08,Standard,6,2025-10,0.15
ORD-10977,2024-03-08,2024-03-11,Kavya Verma,Consumer,Central,Beauty,Makeup Kit,2,0.0,3576.0,786.72,Express,3,2024-03,0.22
ORD-10978,2024-05-24,2024-05-28,Ishaan Iyer,Corporate,North,Furniture,Office Chair,4,0.1,81532.8,11414.59,Same Day,4,2024-05,0.14
ORD-10979,2025-10-06,2025-10-09,Sneha Gupta,Corporate,West,Beauty,Perfume,2,0.2,894.4,125.22,Standard,3,2025-10,0.14
ORD-10980,2024-06-16,2024-06-17,Vihaan Das,Consumer,Central,Electronics,Laptop,3,0.2,8412.0,336.48,Express,1,2024-06,0.04
ORD-10981,2025-02-10,2025-02-13,Priya Nair,Corporate,North,Beauty,Perfume,5,0.25,4646.25,557.55,Standard,3,2025-02,0.12
ORD-10982,2025-04-03,2025-04-09,Rohan Joshi,Corporate,Central,Clothing,Jeans,3,0.0,5031.0,1257.75,Standard,6,2025-04,0.25
ORD-10983,2024-10-16,2024-10-21,Om Patel,Corporate,North,Clothing,Jacket,1,0.25,1005.75,150.86,Standard,5,2024-10,0.15
ORD-10984,2025-12-02,2025-12-04,Ishaan Nair,Corporate,Central,Groceries,Rice Pack,4,0.0,2172.0,173.76,Standard,2,2025-12,0.08
ORD-10985,2025-08-07,2025-08-10,Saanvi Rao,Consumer,South,Clothing,T-Shirt,1,0.25,1453.5,218.02,Standard,3,2025-08,0.15
ORD-10986,2025-10-24,2025-10-28,Arjun Gupta,Consumer,South,Groceries,Cooking Oil,2,0.1,2093.4,83.74,Express,4,2025-10,0.04
ORD-10987,2024-04-01,2024-04-04,Rahul Patel,Corporate,South,Electronics,Tablet,1,0.1,3747.6,299.81,Express,3,2024-04,0.08
ORD-10988,2024-07-15,2024-07-16,Kavya Sharma,Consumer,North,Clothing,Jeans,5,0.0,19725.0,4931.25,Express,1,2024-07,0.25
ORD-10989,2025-02-21,2025-02-25,Om Reddy,Consumer,West,Electronics,Headphones,1,0.0,39204.0,4704.48,Express,4,2025-02,0.12
ORD-10990,2024-08-31,2024-09-06,Priya Patel,Consumer,East,Clothing,Formal Shirt,3,0.0,9186.0,2296.5,Express,6,2024-08,0.25
ORD-10991,2024-01-22,2024-01-26,Om Kapoor,Small Business,North,Electronics,Laptop,3,0.15,82296.15,4937.77,Express,4,2024-01,0.06
ORD-10992,2025-01-28,2025-02-01,Arjun Reddy,Consumer,North,Furniture,Study Table,1,0.0,7024.0,1264.32,Standard,4,2025-01,0.18
ORD-10993,2025-06-16,2025-06-23,Om Nair,Small Business,South,Clothing,T-Shirt,2,0.15,4489.7,853.04,Standard,7,2025-06,0.19
ORD-10994,2024-03-01,2024-03-05,Saanvi Joshi,Corporate,North,Beauty,Trimmer,1,0.1,1884.6,339.23,Standard,4,2024-03,0.18
ORD-10995,2025-01-17,2025-01-21,Aarav Gupta,Consumer,East,Beauty,Hair Dryer,3,0.2,3096.0,433.44,Standard,4,2025-01,0.14
ORD-10996,2025-05-20,2025-05-26,Priya Reddy,Consumer,East,Electronics,Smartphone,5,0.0,161420.0,19370.4,Express,6,2025-05,0.12
ORD-10997,2024-03-21,2024-03-28,Aditya Iyer,Corporate,Central,Beauty,Skincare Kit,1,0.1,744.3,133.97,Standard,7,2024-03,0.18
ORD-10998,2025-07-15,2025-07-17,Aditya Sharma,Consumer,East,Furniture,Office Chair,2,0.0,8498.0,1529.64,Standard,2,2025-07,0.18
ORD-10999,2025-12-21,2025-12-22,Tanvi Malhotra,Consumer,Central,Electronics,Smartwatch,3,0.25,38979.0,779.58,Same Day,1,2025-12,0.02
ORD-11000,2024-03-14,2024-03-21,Aarav Iyer,Corporate,Central,Groceries,Rice Pack,1,0.0,1250.0,100.0,Express,7,2024-03,0.08
ORD-11001,2025-09-06,2025-09-11,Arjun Patel,Consumer,South,Beauty,Skincare Kit,4,0.25,8289.0,994.68,Express,5,2025-09,0.12
ORD-11002,2024-04-02,2024-04-06,Sneha Rao,Consumer,South,Electronics,Smartphone,2,0.0,83890.0,10066.8,Express,4,2024-04,0.12
ORD-11003,2025-10-25,2025-10-26,Tanvi Iyer,Consumer,Central,Clothing,Jacket,2,0.15,3350.7,636.63,Express,1,2025-10,0.19
ORD-11004,2024-04-05,2024-04-07,Rohan Reddy,Consumer,North,Furniture,Sofa,2,0.05,16881.5,2701.04,Standard,2,2024-04,0.16
ORD-11005,2025-03-06,2025-03-09,Meera Nair,Consumer,West,Groceries,Cooking Oil,4,0.1,504.0,20.16,Standard,3,2025-03,0.04
ORD-11006,2024-12-22,2024-12-29,Vivaan Nair,Consumer,East,Beauty,Hair Dryer,2,0.05,4069.8,813.96,Express,7,2024-12,0.2
ORD-11007,2025-08-28,2025-08-31,Aarav Gupta,Small Business,West,Furniture,Bed Frame,2,0.0,13924.0,2506.32,Standard,3,2025-08,0.18
ORD-11008,2024-08-13,2024-08-20,Aarav Chatterjee,Consumer,North,Clothing,Formal Shirt,3,0.0,4902.0,1225.5,Standard,7,2024-08,0.25
ORD-11009,2024-08-29,2024-09-05,Ishaan Chatterjee,Consumer,West,Clothing,T-Shirt,4,0.05,5624.0,1293.52,Express,7,2024-08,0.23
ORD-11010,2024-11-26,2024-11-27,Saanvi Rao,Consumer,Central,Groceries,Beverages,1,0.05,1081.1,64.87,Standard,1,2024-11,0.06
ORD-11011,2024-12-06,2024-12-10,Vihaan Gupta,Consumer,West,Electronics,Smartphone,1,0.1,51535.8,4122.86,Standard,4,2024-12,0.08
ORD-11012,2025-12-28,2025-12-29,Priya Sharma,Small Business,West,Groceries,Rice Pack,1,0.1,683.1,27.32,Express,1,2025-12,0.04
ORD-11013,2024-07-07,2024-07-11,Kavya Verma,Consumer,Central,Electronics,Tablet,3,0.1,45138.6,3611.09,Standard,4,2024-07,0.08
ORD-11014,2025-08-03,2025-08-06,Rahul Chatterjee,Corporate,North,Clothing,Formal Shirt,4,0.0,15240.0,3810.0,Express,3,2025-08,0.25
ORD-11015,2025-09-28,2025-10-03,Om Patel,Consumer,East,Electronics,Tablet,3,0.1,33339.6,2667.17,Express,5,2025-09,0.08
ORD-11016,2024-03-28,2024-04-04,Diya Verma,Consumer,North,Furniture,Bed Frame,2,0.0,16800.0,3024.0,Standard,7,2024-03,0.18
ORD-11017,2025-02-18,2025-02-19,Vihaan Nair,Small Business,North,Furniture,Bookshelf,4,0.2,13846.4,1384.64,Standard,1,2025-02,0.1
ORD-11018,2024-01-20,2024-01-24,Ishaan Das,Consumer,North,Electronics,Laptop,3,0.0,107766.0,12931.92,Standard,4,2024-01,0.12
ORD-11019,2024-07-30,2024-08-06,Aarav Singh,Consumer,East,Electronics,Headphones,3,0.05,46728.6,4672.86,Standard,7,2024-07,0.1
ORD-11020,2025-12-19,2025-12-21,Diya Verma,Consumer,West,Furniture,Study Table,2,0.0,41686.0,7503.48,Standard,2,2025-12,0.18
ORD-11021,2025-07-21,2025-07-28,Rohan Chatterjee,Corporate,West,Groceries,Cooking Oil,3,0.0,3309.0,264.72,Same Day,7,2025-07,0.08
ORD-11022,2024-12-15,2024-12-22,Kabir Mehta,Consumer,East,Clothing,Formal Shirt,5,0.0,19485.0,4871.25,Same Day,7,2024-12,0.25
ORD-11023,2025-11-25,2025-12-02,Saanvi Verma,Small Business,Central,Groceries,Rice Pack,3,0.05,4152.45,249.15,Standard,7,2025-11,0.06
ORD-11024,2025-06-25,2025-07-02,Saanvi Patel,Small Business,East,Electronics,Smartwatch,5,0.05,260186.0,26018.6,Standard,7,2025-06,0.1
ORD-11025,2025-11-15,2025-11-22,Diya Singh,Consumer,East,Clothing,Formal Shirt,5,0.15,9337.25,1774.08,Express,7,2025-11,0.19
ORD-11026,2025-12-13,2025-12-18,Rahul Verma,Consumer,South,Clothing,Formal Shirt,1,0.15,820.25,155.85,Express,5,2025-12,0.19
ORD-11027,2025-10-29,2025-11-04,Meera Chatterjee,Consumer,South,Groceries,Cooking Oil,1,0.05,716.3,42.98,Standard,6,2025-10,0.06
ORD-11028,2024-11-26,2024-12-01,Sneha Nair,Consumer,North,Beauty,Hair Dryer,1,0.05,2048.2,409.64,Standard,5,2024-11,0.2
ORD-11029,2025-09-23,2025-09-26,Kavya Das,Consumer,East,Beauty,Hair Dryer,5,0.0,1790.0,393.8,Standard,3,2025-09,0.22
ORD-11030,2025-08-14,2025-08-21,Meera Iyer,Small Business,West,Groceries,Rice Pack,4,0.15,3828.4,76.57,Express,7,2025-08,0.02
ORD-11031,2025-03-11,2025-03-14,Aarav Khan,Small Business,East,Clothing,Jacket,1,0.1,1748.7,367.23,Express,3,2025-03,0.21
ORD-11032,2024-09-21,2024-09-25,Meera Das,Consumer,North,Clothing,Sneakers,5,0.1,16726.5,3512.56,Standard,4,2024-09,0.21
ORD-11033,2024-10-19,2024-10-25,Vivaan Khan,Small Business,West,Furniture,Office Chair,1,0.05,12330.05,1972.81,Standard,6,2024-10,0.16
ORD-11034,2024-10-03,2024-10-05,Kavya Iyer,Small Business,Central,Furniture,Bed Frame,5,0.05,110024.25,17603.88,Standard,2,2024-10,0.16
ORD-11035,2024-11-03,2024-11-05,Ishaan Kapoor,Consumer,Central,Clothing,Jacket,5,0.2,11356.0,1930.52,Standard,2,2024-11,0.17
ORD-11036,2024-01-31,2024-02-05,Tanvi Kapoor,Consumer,North,Furniture,Office Chair,5,0.0,118845.0,21392.1,Express,5,2024-01,0.18
ORD-11037,2025-10-07,2025-10-14,Om Nair,Corporate,East,Electronics,Smartwatch,4,0.1,198046.8,15843.74,Standard,7,2025-10,0.08
ORD-11038,2025-02-02,2025-02-08,Aarav Das,Corporate,North,Beauty,Makeup Kit,3,0.15,7076.25,1132.2,Express,6,2025-02,0.16
ORD-11039,2025-05-29,2025-06-01,Om Nair,Consumer,North,Clothing,Sneakers,2,0.05,7170.6,1649.24,Express,3,2025-05,0.23
ORD-11040,2024-12-11,2024-12-15,Aditya Das,Corporate,Central,Electronics,Tablet,1,0.05,22853.2,2285.32,Standard,4,2024-12,0.1
ORD-11041,2025-12-15,2025-12-18,Priya Mehta,Corporate,West,Furniture,Office Chair,5,0.2,76916.0,7691.6,Standard,3,2025-12,0.1
ORD-11042,2025-07-23,2025-07-24,Vihaan Sharma,Consumer,North,Electronics,Laptop,4,0.05,152900.6,15290.06,Express,1,2025-07,0.1
ORD-11043,2024-05-24,2024-05-29,Diya Patel,Consumer,East,Groceries,Cooking Oil,4,0.1,3124.8,124.99,Same Day,5,2024-05,0.04
ORD-11044,2024-02-21,2024-02-22,Kavya Nair,Corporate,West,Electronics,Laptop,3,0.0,174702.0,20964.24,Standard,1,2024-02,0.12
ORD-11045,2025-01-10,2025-01-12,Tanvi Mehta,Consumer,East,Beauty,Makeup Kit,1,0.0,598.0,131.56,Standard,2,2025-01,0.22
ORD-11046,2024-02-18,2024-02-24,Aditya Das,Consumer,East,Beauty,Trimmer,3,0.1,7911.0,1423.98,Express,6,2024-02,0.18
ORD-11047,2025-09-04,2025-09-06,Ananya Sharma,Small Business,East,Clothing,Formal Shirt,5,0.1,7677.0,1612.17,Standard,2,2025-09,0.21
ORD-11048,2024-07-25,2024-07-29,Rohan Singh,Consumer,Central,Electronics,Headphones,1,0.0,5465.0,655.8,Standard,4,2024-07,0.12
ORD-11049,2025-07-17,2025-07-23,Aditya Malhotra,Consumer,South,Groceries,Cooking Oil,4,0.1,2624.4,104.98,Standard,6,2025-07,0.04
ORD-11050,2024-03-14,2024-03-15,Kavya Joshi,Consumer,East,Clothing,T-Shirt,5,0.2,5884.0,1000.28,Standard,1,2024-03,0.17
ORD-11051,2024-04-01,2024-04-02,Arjun Gupta,Small Business,Central,Clothing,Jacket,3,0.0,10314.0,2578.5,Same Day,1,2024-04,0.25
ORD-11052,2025-06-21,2025-06-24,Aarav Sharma,Small Business,North,Clothing,Sneakers,3,0.2,5947.2,1011.02,Standard,3,2025-06,0.17
ORD-11053,2025-03-24,2025-03-28,Vihaan Joshi,Consumer,Central,Groceries,Rice Pack,2,0.15,1609.9,32.2,Standard,4,2025-03,0.02
ORD-11054,2025-06-04,2025-06-11,Sneha Verma,Consumer,Central,Furniture,Sofa,4,0.05,80035.6,12805.7,Standard,7,2025-06,0.16
ORD-11055,2024-01-21,2024-01-26,Sneha Singh,Consumer,East,Furniture,Office Chair,2,0.15,40477.0,4857.24,Standard,5,2024-01,0.12
ORD-11056,2024-07-19,2024-07-25,Diya Malhotra,Consumer,Central,Furniture,Sofa,5,0.2,18524.0,1852.4,Express,6,2024-07,0.1
ORD-11057,2025-07-11,2025-07-14,Diya Nair,Consumer,North,Groceries,Snacks Combo,4,0.0,752.0,60.16,Same Day,3,2025-07,0.08
ORD-11058,2024-07-03,2024-07-10,Saanvi Kapoor,Corporate,North,Groceries,Rice Pack,3,0.05,2413.95,144.84,Standard,7,2024-07,0.06
ORD-11059,2025-04-24,2025-04-29,Vihaan Chatterjee,Consumer,Central,Groceries,Beverages,4,0.05,2994.4,179.66,Standard,5,2025-04,0.06
ORD-11060,2025-02-07,2025-02-13,Ishaan Nair,Consumer,North,Furniture,Sofa,4,0.1,32954.4,4613.62,Standard,6,2025-02,0.14
ORD-11061,2025-12-23,2025-12-27,Rohan Iyer,Consumer,Central,Clothing,T-Shirt,1,0.05,3684.1,847.34,Standard,4,2025-12,0.23
ORD-11062,2024-04-08,2024-04-09,Kavya Iyer,Consumer,Central,Groceries,Rice Pack,1,0.25,516.0,-10.32,Standard,1,2024-04,-0.02
ORD-11063,2024-10-04,2024-10-07,Saanvi Joshi,Corporate,Central,Clothing,T-Shirt,5,0.15,3361.75,638.73,Express,3,2024-10,0.19
ORD-11064,2024-03-26,2024-04-02,Rohan Verma,Consumer,North,Groceries,Dairy Pack,2,0.0,1442.0,115.36,Standard,7,2024-03,0.08
ORD-11065,2025-08-08,2025-08-13,Aarav Khan,Corporate,East,Electronics,Smartphone,5,0.05,73378.0,7337.8,Same Day,5,2025-08,0.1
ORD-11066,2025-01-26,2025-01-31,Meera Mehta,Consumer,South,Groceries,Rice Pack,5,0.2,4132.0,-0.0,Standard,5,2025-01,-0.0
ORD-11067,2024-12-29,2025-01-05,Neha Das,Corporate,South,Groceries,Snacks Combo,5,0.0,4575.0,366.0,Standard,7,2024-12,0.08
ORD-11068,2025-02-18,2025-02-22,Vihaan Verma,Corporate,South,Beauty,Trimmer,4,0.0,10724.0,2359.28,Standard,4,2025-02,0.22
ORD-11069,2025-10-08,2025-10-12,Aditya Verma,Corporate,Central,Furniture,Sofa,5,0.0,111635.0,20094.3,Standard,4,2025-10,0.18
ORD-11070,2024-11-29,2024-12-03,Zara Reddy,Consumer,North,Beauty,Hair Dryer,1,0.0,1225.0,269.5,Standard,4,2024-11,0.22
ORD-11071,2025-08-18,2025-08-24,Saanvi Sharma,Consumer,South,Beauty,Skincare Kit,3,0.25,5134.5,616.14,Standard,6,2025-08,0.12
ORD-11072,2024-10-06,2024-10-07,Vihaan Singh,Consumer,East,Furniture,Bed Frame,2,0.1,29604.6,4144.64,Standard,1,2024-10,0.14
ORD-11073,2025-12-19,2025-12-21,Aarav Nair,Consumer,West,Groceries,Dairy Pack,2,0.0,2178.0,174.24,Express,2,2025-12,0.08
ORD-11074,2024-04-16,2024-04-21,Zara Sharma,Small Business,Central,Beauty,Skincare Kit,4,0.1,8373.6,1507.25,Standard,5,2024-04,0.18
ORD-11075,2024-01-17,2024-01-24,Zara Nair,Consumer,East,Furniture,Study Table,4,0.1,20984.4,2937.82,Standard,7,2024-01,0.14
ORD-11076,2024-09-01,2024-09-06,Diya Iyer,Consumer,South,Furniture,Study Table,3,0.15,28863.45,3463.61,Standard,5,2024-09,0.12
ORD-11077,2025-07-03,2025-07-09,Arjun Iyer,Small Business,South,Electronics,Smartphone,5,0.0,296275.0,35553.0,Standard,6,2025-07,0.12
ORD-11078,2024-07-21,2024-07-22,Aditya Patel,Corporate,South,Groceries,Dairy Pack,2,0.0,2734.0,218.72,Standard,1,2024-07,0.08
ORD-11079,2025-12-03,2025-12-04,Neha Singh,Consumer,West,Furniture,Sofa,5,0.0,55445.0,9980.1,Standard,1,2025-12,0.18
ORD-11080,2025-11-22,2025-11-23,Om Singh,Consumer,East,Clothing,Jeans,2,0.15,5492.7,1043.61,Standard,1,2025-11,0.19
ORD-11081,2024-07-13,2024-07-15,Neha Mehta,Small Business,West,Groceries,Cooking Oil,2,0.15,2434.4,48.69,Standard,2,2024-07,0.02
ORD-11082,2025-02-16,2025-02-20,Diya Mehta,Corporate,East,Furniture,Bookshelf,1,0.05,21314.2,3410.27,Standard,4,2025-02,0.16
ORD-11083,2024-09-02,2024-09-05,Kavya Reddy,Consumer,North,Groceries,Snacks Combo,4,0.0,3684.0,294.72,Standard,3,2024-09,0.08
ORD-11084,2024-11-02,2024-11-04,Rohan Malhotra,Consumer,Central,Electronics,Smartwatch,3,0.1,105013.8,8401.1,Standard,2,2024-11,0.08
ORD-11085,2025-04-01,2025-04-08,Ishaan Mehta,Consumer,South,Furniture,Sofa,5,0.2,28312.0,2831.2,Standard,7,2025-04,0.1
ORD-11086,2025-10-21,2025-10-27,Meera Iyer,Consumer,East,Beauty,Trimmer,2,0.05,2243.9,448.78,Standard,6,2025-10,0.2
ORD-11087,2025-01-15,2025-01-16,Vihaan Nair,Consumer,West,Furniture,Bed Frame,1,0.15,3716.2,445.94,Same Day,1,2025-01,0.12
ORD-11088,2024-06-19,2024-06-25,Rahul Verma,Consumer,North,Groceries,Dairy Pack,1,0.05,1147.6,68.86,Express,6,2024-06,0.06
ORD-11089,2025-11-18,2025-11-19,Neha Iyer,Small Business,South,Furniture,Office Chair,3,0.1,7052.4,987.34,Standard,1,2025-11,0.14
ORD-11090,2024-07-17,2024-07-20,Neha Nair,Small Business,North,Furniture,Office Chair,5,0.0,84680.0,15242.4,Same Day,3,2024-07,0.18
ORD-11091,2024-12-25,2024-12-28,Sneha Sharma,Corporate,North,Beauty,Hair Dryer,2,0.0,2346.0,516.12,Standard,3,2024-12,0.22
ORD-11092,2025-10-08,2025-10-10,Saanvi Reddy,Small Business,North,Clothing,Jeans,4,0.0,15600.0,3900.0,Express,2,2025-10,0.25
ORD-11093,2025-03-04,2025-03-11,Arjun Gupta,Corporate,Central,Beauty,Perfume,2,0.1,4363.2,785.38,Express,7,2025-03,0.18
ORD-11094,2024-03-04,2024-03-06,Zara Das,Consumer,West,Furniture,Study Table,5,0.1,28611.0,4005.54,Standard,2,2024-03,0.14
ORD-11095,2025-08-21,2025-08-28,Neha Das,Consumer,South,Electronics,Smartwatch,2,0.05,57266.0,5726.6,Express,7,2025-08,0.1
ORD-11096,2024-10-18,2024-10-25,Tanvi Khan,Consumer,North,Electronics,Laptop,4,0.05,170950.6,17095.06,Same Day,7,2024-10,0.1
ORD-11097,2024-09-05,2024-09-10,Ananya Mehta,Corporate,Central,Clothing,Jacket,5,0.15,12529.0,2380.51,Standard,5,2024-09,0.19
ORD-11098,2024-08-05,2024-08-12,Tanvi Sharma,Consumer,South,Electronics,Laptop,5,0.05,230303.75,23030.38,Standard,7,2024-08,0.1
ORD-11099,2025-12-02,2025-12-03,Vihaan Das,Corporate,West,Beauty,Hair Dryer,5,0.15,5333.75,853.4,Standard,1,2025-12,0.16
ORD-11100,2025-02-26,2025-03-01,Aditya Rao,Corporate,West,Beauty,Perfume,3,0.0,8013.0,1762.86,Standard,3,2025-02,0.22
ORD-11101,2024-08-13,2024-08-17,Kabir Das,Consumer,East,Groceries,Rice Pack,5,0.25,1023.75,-20.47,Standard,4,2024-08,-0.02
ORD-11102,2025-11-06,2025-11-08,Rohan Malhotra,Corporate,East,Furniture,Sofa,3,0.15,58542.9,7025.15,Standard,2,2025-11,0.12
ORD-11103,2024-11-24,2024-12-01,Vihaan Chatterjee,Consumer,West,Beauty,Perfume,2,0.15,3177.3,508.37,Standard,7,2024-11,0.16
ORD-11104,2024-11-19,2024-11-21,Ananya Iyer,Consumer,North,Beauty,Perfume,4,0.0,9460.0,2081.2,Standard,2,2024-11,0.22
ORD-11105,2024-08-04,2024-08-11,Rahul Das,Small Business,North,Clothing,Jeans,4,0.05,8481.6,1864.6306989089283,Standard,7,2024-08,0.22
ORD-11106,2024-04-09,2024-04-12,Om Patel,Consumer,East,Furniture,Bookshelf,1,0.05,2757.85,441.26,Standard,3,2024-04,0.16
ORD-11107,2024-04-20,2024-04-25,Priya Khan,Corporate,East,Furniture,Study Table,1,0.1,15293.7,2141.12,Express,5,2024-04,0.14
ORD-11108,2025-03-26,2025-03-28,Diya Chatterjee,Corporate,East,Beauty,Skincare Kit,1,0.0,1885.0,414.7,Standard,2,2025-03,0.22
ORD-11109,2025-12-14,2025-12-18,Sneha Nair,Consumer,Central,Electronics,Tablet,1,0.0,51613.0,6193.56,Standard,4,2025-12,0.12
ORD-11110,2025-07-16,2025-07-19,Vihaan Malhotra,Corporate,North,Groceries,Snacks Combo,4,0.0,3452.0,276.16,Standard,3,2025-07,0.08
ORD-11111,2024-11-16,2024-11-20,Rohan Malhotra,Consumer,North,Furniture,Office Chair,4,0.15,84248.6,10109.83,Standard,4,2024-11,0.12
ORD-11112,2024-01-06,2024-01-09,Rahul Rao,Small Business,West,Clothing,Sneakers,1,0.2,1008.0,171.36,Standard,3,2024-01,0.17
ORD-11113,2025-01-16,2025-01-18,Rohan Joshi,Small Business,East,Clothing,T-Shirt,3,0.25,3615.75,542.36,Same Day,2,2025-01,0.15
ORD-11114,2024-01-21,2024-01-25,Meera Chatterjee,Consumer,Central,Groceries,Rice Pack,2,0.1,563.4,22.54,Standard,4,2024-01,0.04
ORD-11115,2025-11-24,2025-11-29,Saanvi Rao,Consumer,East,Groceries,Beverages,5,0.1,5962.5,238.5,Standard,5,2025-11,0.04
ORD-11116,2024-02-29,2024-03-04,Diya Das,Corporate,South,Furniture,Bookshelf,4,0.0,95988.0,17277.84,Standard,4,2024-02,0.18
ORD-11117,2024-01-29,2024-02-02,Ananya Malhotra,Consumer,North,Beauty,Perfume,1,0.0,1742.0,383.24,Standard,4,2024-01,0.22
ORD-11118,2025-02-10,2025-02-11,Arjun Verma,Corporate,Central,Beauty,Trimmer,1,0.0,590.0,129.8,Standard,1,2025-02,0.22
ORD-11119,2025-05-07,2025-05-13,Saanvi Patel,Consumer,South,Electronics,Headphones,3,0.05,95147.25,9514.72,Standard,6,2025-05,0.1
ORD-11120,2025-09-15,2025-09-22,Ishaan Malhotra,Consumer,South,Furniture,Office Chair,2,0.05,28437.3,4549.97,Standard,7,2025-09,0.16
ORD-11121,2025-12-09,2025-12-13,Zara Mehta,Corporate,North,Electronics,Headphones,1,0.05,40269.55,4026.96,Standard,4,2025-12,0.1
ORD-11122,2024-11-16,2024-11-19,Ananya Patel,Small Business,Central,Clothing,Jacket,5,0.0,11115.0,2778.75,Express,3,2024-11,0.25
ORD-11123,2025-09-29,2025-10-05,Ananya Mehta,Consumer,Central,Electronics,Smartphone,2,0.0,21528.0,2583.36,Express,6,2025-09,0.12
ORD-11124,2024-11-12,2024-11-19,Saanvi Reddy,Consumer,North,Beauty,Trimmer,4,0.05,6266.2,1253.24,Standard,7,2024-11,0.2
ORD-11125,2025-04-26,2025-04-29,Kabir Rao,Consumer,North,Electronics,Headphones,3,0.0,74307.0,8916.84,Standard,3,2025-04,0.12
ORD-11126,2025-10-18,2025-10-19,Kavya Das,Consumer,South,Furniture,Bed Frame,5,0.05,8526.25,1364.2,Standard,1,2025-10,0.16
ORD-11127,2025-12-17,2025-12-18,Kavya Verma,Consumer,West,Groceries,Snacks Combo,2,0.0,1164.0,93.12,Express,1,2025-12,0.08
ORD-11128,2024-03-29,2024-04-03,Vivaan Gupta,Small Business,Central,Clothing,T-Shirt,4,0.2,11878.4,2019.33,Same Day,5,2024-03,0.17
ORD-11129,2025-01-08,2025-01-14,Tanvi Kapoor,Consumer,South,Furniture,Study Table,4,0.15,51608.6,6193.03,Standard,6,2025-01,0.12
ORD-11130,2025-03-31,2025-04-03,Saanvi Verma,Consumer,North,Furniture,Sofa,4,0.05,69475.4,11116.06,Standard,3,2025-03,0.16
ORD-11131,2024-01-29,2024-02-02,Aarav Gupta,Small Business,West,Beauty,Perfume,4,0.05,10104.2,2020.84,Standard,4,2024-01,0.2
ORD-11132,2025-02-10,2025-02-13,Kavya Chatterjee,Corporate,North,Electronics,Headphones,3,0.25,116439.75,2328.79,Express,3,2025-02,0.02
ORD-11133,2025-02-27,2025-03-04,Neha Sharma,Consumer,North,Clothing,T-Shirt,1,0.0,2612.0,653.0,Standard,5,2025-02,0.25
ORD-11134,2025-03-02,2025-03-07,Rohan Chatterjee,Corporate,East,Beauty,Perfume,5,0.15,9061.0,1449.76,Standard,5,2025-03,0.16
ORD-11135,2025-10-02,2025-10-08,Rohan Nair,Consumer,West,Clothing,Formal Shirt,3,0.05,6409.65,1474.22,Standard,6,2025-10,0.23
ORD-11136,2025-11-24,2025-11-28,Vivaan Chatterjee,Corporate,West,Electronics,Smartphone,1,0.2,19168.8,766.75,Standard,4,2025-11,0.04
ORD-11137,2025-12-04,2025-12-06,Vivaan Singh,Small Business,North,Electronics,Smartwatch,2,0.05,20755.6,2075.56,Standard,2,2025-12,0.1
ORD-11138,2024-07-08,2024-07-11,Zara Rao,Consumer,North,Beauty,Makeup Kit,5,0.2,3348.0,468.72,Standard,3,2024-07,0.14
ORD-11139,2025-05-23,2025-05-25,Kabir Verma,Corporate,Central,Beauty,Trimmer,2,0.1,2226.6,400.79,Standard,2,2025-05,0.18
ORD-11140,2024-08-22,2024-08-23,Meera Verma,Small Business,East,Groceries,Rice Pack,5,0.0,6600.0,528.0,Same Day,1,2024-08,0.08
ORD-11141,2025-10-28,2025-11-01,Om Reddy,Corporate,South,Electronics,Tablet,5,0.0,276870.0,33224.4,Same Day,4,2025-10,0.12
ORD-11142,2025-09-07,2025-09-11,Aditya Mehta,Corporate,South,Groceries,Rice Pack,5,0.0,6070.0,485.6,Express,4,2025-09,0.08
ORD-11143,2025-01-05,2025-01-07,Zara Reddy,Small Business,South,Furniture,Office Chair,3,0.15,54360.9,6523.31,Standard,2,2025-01,0.12
ORD-11144,2024-03-23,2024-03-30,Ananya Patel,Consumer,East,Electronics,Tablet,5,0.15,66172.5,3970.35,Standard,7,2024-03,0.06
ORD-11145,2025-09-21,2025-09-23,Saanvi Singh,Small Business,West,Clothing,Jacket,1,0.2,1464.0,248.88,Same Day,2,2025-09,0.17
ORD-11146,2025-10-02,2025-10-07,Tanvi Nair,Consumer,South,Electronics,Laptop,2,0.0,118652.0,14238.24,Standard,5,2025-10,0.12
ORD-11147,2025-07-26,2025-07-28,Zara Sharma,Consumer,West,Electronics,Headphones,2,0.0,16214.0,1945.68,Standard,2,2025-07,0.12
ORD-11148,2024-04-15,2024-04-17,Aditya Rao,Consumer,Central,Beauty,Skincare Kit,3,0.15,4235.55,677.69,Express,2,2024-04,0.16
ORD-11149,2025-02-24,2025-03-02,Arjun Reddy,Corporate,Central,Electronics,Tablet,5,0.1,155263.5,12421.08,Same Day,6,2025-02,0.08
ORD-11150,2025-09-28,2025-10-01,Meera Patel,Consumer,North,Groceries,Dairy Pack,1,0.0,1484.0,118.72,Same Day,3,2025-09,0.08
ORD-11151,2025-12-21,2025-12-28,Aarav Reddy,Small Business,North,Groceries,Beverages,4,0.05,5069.2,304.15,Express,7,2025-12,0.06
ORD-11152,2025-11-14,2025-11-18,Zara Reddy,Corporate,West,Beauty,Trimmer,1,0.05,1735.65,347.13,Standard,4,2025-11,0.2
ORD-11153,2024-11-15,2024-11-16,Ishaan Gupta,Consumer,East,Electronics,Smartwatch,2,0.15,98928.1,5935.69,Express,1,2024-11,0.06
ORD-11154,2024-09-26,2024-10-01,Saanvi Nair,Consumer,North,Groceries,Snacks Combo,1,0.0,379.0,30.32,Standard,5,2024-09,0.08
ORD-11155,2024-02-02,2024-02-05,Vihaan Patel,Corporate,East,Clothing,Formal Shirt,2,0.05,6784.9,1560.53,Standard,3,2024-02,0.23
ORD-11156,2024-07-24,2024-07-30,Ananya Verma,Consumer,East,Electronics,Laptop,4,0.2,81232.0,3249.28,Standard,6,2024-07,0.04
ORD-11157,2025-05-24,2025-05-27,Neha Gupta,Small Business,West,Clothing,Formal Shirt,1,0.0,967.0,241.75,Express,3,2025-05,0.25
ORD-11158,2025-05-13,2025-05-15,Arjun Verma,Consumer,East,Furniture,Sofa,3,0.0,64590.0,11626.2,Express,2,2025-05,0.18
ORD-11159,2025-11-18,2025-11-23,Saanvi Singh,Consumer,East,Groceries,Beverages,2,0.2,2118.4,-0.0,Standard,5,2025-11,-0.0
ORD-11160,2024-11-03,2024-11-07,Ananya Kapoor,Consumer,Central,Clothing,T-Shirt,3,0.0,3042.0,760.5,Standard,4,2024-11,0.25
ORD-11161,2024-03-30,2024-04-01,Tanvi Kapoor,Consumer,East,Groceries,Snacks Combo,4,0.15,4511.8,90.24,Express,2,2024-03,0.02
ORD-11162,2024-10-04,2024-10-11,Kavya Mehta,Small Business,North,Furniture,Bookshelf,5,0.0,76590.0,13786.2,Express,7,2024-10,0.18
ORD-11163,2024-04-20,2024-04-23,Arjun Gupta,Consumer,East,Clothing,Jacket,1,0.05,2152.7,495.12,Standard,3,2024-04,0.23
ORD-11164,2025-12-07,2025-12-09,Vihaan Singh,Small Business,Central,Furniture,Office Chair,3,0.0,35907.0,6463.26,Standard,2,2025-12,0.18
ORD-11165,2024-02-09,2024-02-15,Kabir Khan,Corporate,North,Beauty,Makeup Kit,1,0.15,818.55,130.97,Standard,6,2024-02,0.16
ORD-11166,2024-10-07,2024-10-11,Rohan Khan,Consumer,West,Furniture,Sofa,3,0.0,20031.0,3605.58,Express,4,2024-10,0.18
ORD-11167,2025-02-12,2025-02-19,Saanvi Iyer,Consumer,East,Clothing,Jeans,3,0.2,1687.2,286.82,Standard,7,2025-02,0.17
ORD-11168,2025-01-31,2025-02-05,Neha Sharma,Corporate,Central,Groceries,Rice Pack,3,0.15,3503.7,70.07,Express,5,2025-01,0.02
ORD-11169,2025-11-15,2025-11-17,Vihaan Gupta,Consumer,South,Furniture,Sofa,4,0.15,55420.0,6650.4,Standard,2,2025-11,0.12
ORD-11170,2024-03-05,2024-03-10,Vihaan Kapoor,Consumer,West,Clothing,T-Shirt,2,0.0,7560.0,1890.0,Standard,5,2024-03,0.25
ORD-11171,2024-07-20,2024-07-27,Rahul Khan,Consumer,West,Electronics,Smartwatch,3,0.1,90093.6,7207.49,Standard,7,2024-07,0.08
ORD-11172,2024-04-25,2024-05-01,Kavya Patel,Consumer,West,Beauty,Perfume,1,0.05,308.75,61.75,Express,6,2024-04,0.2
ORD-11173,2025-03-26,2025-04-01,Aarav Khan,Consumer,North,Electronics,Smartwatch,3,0.2,85917.6,3436.7,Standard,6,2025-03,0.04
ORD-11174,2024-08-26,2024-08-31,Kavya Joshi,Consumer,East,Groceries,Cooking Oil,1,0.0,910.0,72.8,Standard,5,2024-08,0.08
ORD-11175,2025-12-13,2025-12-16,Diya Chatterjee,Consumer,North,Electronics,Smartwatch,3,0.15,14833.35,890.0,Express,3,2025-12,0.06
ORD-11176,2025-11-28,2025-12-03,Meera Gupta,Consumer,North,Furniture,Sofa,1,0.1,6355.8,889.81,Standard,5,2025-11,0.14
ORD-11177,2025-01-25,2025-01-28,Kabir Joshi,Consumer,West,Electronics,Smartphone,4,0.15,51724.2,3103.45,Standard,3,2025-01,0.06
ORD-11178,2025-02-11,2025-02-16,Priya Patel,Consumer,East,Groceries,Beverages,2,0.15,1144.1,22.88,Standard,5,2025-02,0.02
ORD-11179,2024-08-25,2024-09-01,Diya Nair,Corporate,West,Groceries,Rice Pack,1,0.0,691.0,55.28,Standard,7,2024-08,0.08
ORD-11180,2025-06-10,2025-06-15,Meera Chatterjee,Consumer,South,Furniture,Study Table,4,0.0,60616.0,10910.88,Standard,5,2025-06,0.18
ORD-11181,2024-07-24,2024-07-30,Kavya Iyer,Consumer,East,Electronics,Laptop,3,0.0,94254.0,11310.48,Express,6,2024-07,0.12
ORD-11182,2024-11-18,2024-11-20,Neha Khan,Corporate,West,Clothing,T-Shirt,4,0.0,9896.0,2474.0,Same Day,2,2024-11,0.25
ORD-11183,2024-04-07,2024-04-08,Tanvi Singh,Consumer,West,Beauty,Perfume,3,0.0,6276.0,1380.72,Standard,1,2024-04,0.22
ORD-11184,2025-11-30,2025-12-02,Vivaan Chatterjee,Consumer,North,Clothing,Jeans,5,0.0,3350.0,837.5,Standard,2,2025-11,0.25
ORD-11185,2024-04-16,2024-04-17,Neha Patel,Corporate,South,Beauty,Skincare Kit,2,0.0,5998.0,1319.56,Standard,1,2024-04,0.22
ORD-11186,2024-10-30,2024-11-06,Kabir Gupta,Small Business,North,Furniture,Bed Frame,5,0.05,45429.0,7268.64,Standard,7,2024-10,0.16
ORD-11187,2025-11-19,2025-11-22,Diya Joshi,Consumer,Central,Electronics,Laptop,4,0.0,100932.0,12111.84,Standard,3,2025-11,0.12
ORD-11188,2025-01-08,2025-01-12,Kabir Sharma,Consumer,North,Beauty,Hair Dryer,5,0.05,4037.5,807.5,Express,4,2025-01,0.2
ORD-11189,2024-07-23,2024-07-24,Kabir Malhotra,Small Business,East,Furniture,Office Chair,5,0.1,66073.5,9250.29,Standard,1,2024-07,0.14
ORD-11190,2025-05-13,2025-05-18,Rohan Das,Consumer,East,Groceries,Snacks Combo,2,0.15,1152.6,23.05,Standard,5,2025-05,0.02
ORD-11191,2024-09-18,2024-09-19,Aditya Gupta,Consumer,South,Beauty,Perfume,2,0.0,5134.0,1129.48,Standard,1,2024-09,0.22
ORD-11192,2025-04-08,2025-04-12,Kavya Verma,Consumer,East,Groceries,Dairy Pack,1,0.0,1273.0,101.84,Standard,4,2025-04,0.08
ORD-11193,2024-08-29,2024-09-03,Saanvi Reddy,Corporate,West,Groceries,Rice Pack,1,0.1,1131.3,45.25,Standard,5,2024-08,0.04
ORD-11194,2025-06-03,2025-06-07,Zara Singh,Corporate,South,Furniture,Sofa,1,0.0,16156.0,2908.08,Express,4,2025-06,0.18
ORD-11195,2025-07-13,2025-07-20,Meera Chatterjee,Small Business,East,Furniture,Sofa,2,0.05,13085.3,2093.65,Standard,7,2025-07,0.16
ORD-11196,2024-01-31,2024-02-05,Ishaan Joshi,Corporate,West,Groceries,Snacks Combo,5,0.0,7190.0,575.2,Standard,5,2024-01,0.08
ORD-11197,2024-11-27,2024-12-02,Om Nair,Small Business,South,Furniture,Sofa,2,0.05,24525.2,3924.03,Express,5,2024-11,0.16
ORD-11198,2025-08-14,2025-08-20,Rohan Rao,Small Business,Central,Beauty,Skincare Kit,3,0.1,1439.1,259.04,Express,6,2025-08,0.18
ORD-11199,2024-02-13,2024-02-17,Kavya Das,Consumer,Central,Beauty,Perfume,3,0.05,2773.05,554.61,Express,4,2024-02,0.2
ORD-11200,2025-05-04,2025-05-06,Om Sharma,Corporate,South,Beauty,Perfume,2,0.0,988.0,217.36,Same Day,2,2025-05,0.22
ORD-11201,2024-06-19,2024-06-25,Vihaan Patel,Consumer,South,Groceries,Beverages,4,0.1,3517.2,140.69,Standard,6,2024-06,0.04
ORD-11202,2024-11-01,2024-11-07,Sneha Sharma,Small Business,South,Furniture,Bookshelf,5,0.1,22869.0,3201.66,Same Day,6,2024-11,0.14
ORD-11203,2025-09-10,2025-09-15,Priya Verma,Consumer,West,Beauty,Hair Dryer,5,0.2,10196.0,1427.44,Same Day,5,2025-09,0.14
ORD-11204,2024-09-06,2024-09-08,Aditya Malhotra,Consumer,East,Electronics,Tablet,2,0.0,86574.0,10388.88,Same Day,2,2024-09,0.12
ORD-11205,2025-06-04,2025-06-06,Saanvi Chatterjee,Consumer,West,Electronics,Tablet,2,0.2,65675.2,2627.01,Standard,2,2025-06,0.04
ORD-11206,2024-05-15,2024-05-22,Vihaan Khan,Consumer,West,Beauty,Hair Dryer,1,0.2,1104.8,154.67,Express,7,2024-05,0.14
ORD-11207,2025-01-11,2025-01-16,Aditya Kapoor,Corporate,East,Beauty,Skincare Kit,5,0.25,4301.25,516.15,Standard,5,2025-01,0.12
ORD-11208,2024-02-21,2024-02-28,Arjun Mehta,Small Business,Central,Beauty,Skincare Kit,4,0.1,9907.2,1783.3,Same Day,7,2024-02,0.18
ORD-11209,2024-06-13,2024-06-14,Diya Singh,Consumer,East,Electronics,Headphones,1,0.0,19921.0,2390.52,Express,1,2024-06,0.12
ORD-11210,2024-10-05,2024-10-11,Diya Nair,Corporate,West,Clothing,Sneakers,2,0.1,4766.4,1000.94,Standard,6,2024-10,0.21
ORD-11211,2024-11-28,2024-11-29,Vivaan Joshi,Consumer,East,Furniture,Bed Frame,3,0.05,30583.35,4893.34,Standard,1,2024-11,0.16
ORD-11212,2025-07-15,2025-07-18,Neha Patel,Consumer,Central,Groceries,Beverages,4,0.0,3680.0,294.4,Express,3,2025-07,0.08
ORD-11213,2025-06-02,2025-06-09,Vivaan Chatterjee,Corporate,Central,Groceries,Dairy Pack,2,0.1,1234.8,49.39,Express,7,2025-06,0.04
ORD-11214,2024-09-19,2024-09-24,Priya Singh,Corporate,West,Furniture,Office Chair,3,0.05,45175.35,7228.06,Standard,5,2024-09,0.16
ORD-11215,2025-06-17,2025-06-20,Saanvi Chatterjee,Consumer,North,Beauty,Skincare Kit,1,0.0,678.0,149.16,Standard,3,2025-06,0.22
ORD-11216,2025-04-08,2025-04-10,Meera Iyer,Consumer,Central,Electronics,Headphones,3,0.2,34420.8,1376.83,Standard,2,2025-04,0.04
ORD-11217,2025-01-30,2025-01-31,Kabir Chatterjee,Consumer,South,Electronics,Smartphone,2,0.2,44550.4,1782.02,Standard,1,2025-01,0.04
ORD-11218,2024-11-29,2024-12-04,Ishaan Joshi,Consumer,North,Groceries,Beverages,5,0.0,2475.0,198.0,Standard,5,2024-11,0.08
ORD-11219,2025-07-08,2025-07-15,Kabir Verma,Consumer,West,Furniture,Study Table,2,0.05,4193.3,670.93,Standard,7,2025-07,0.16
ORD-11220,2024-11-04,2024-11-05,Tanvi Khan,Small Business,South,Groceries,Dairy Pack,5,0.0,6695.0,535.6,Standard,1,2024-11,0.08
ORD-11221,2025-04-22,2025-04-26,Rahul Chatterjee,Consumer,West,Clothing,Formal Shirt,2,0.15,4707.3,894.39,Standard,4,2025-04,0.19
ORD-11222,2025-03-24,2025-03-31,Ishaan Reddy,Consumer,South,Groceries,Rice Pack,1,0.05,249.85,14.99,Express,7,2025-03,0.06
ORD-11223,2025-04-04,2025-04-10,Ishaan Gupta,Corporate,Central,Furniture,Bookshelf,1,0.0,21395.0,3851.1,Express,6,2025-04,0.18
ORD-11224,2025-12-05,2025-12-12,Ishaan Singh,Consumer,West,Electronics,Tablet,4,0.0,32092.0,3851.04,Standard,7,2025-12,0.12
ORD-11225,2024-11-14,2024-11-20,Aditya Reddy,Consumer,East,Clothing,Sneakers,1,0.1,655.2,137.59,Standard,6,2024-11,0.21
ORD-11226,2024-09-01,2024-09-04,Zara Kapoor,Consumer,Central,Clothing,Jeans,4,0.15,3281.0,623.39,Express,3,2024-09,0.19
ORD-11227,2024-03-07,2024-03-10,Aarav Reddy,Corporate,East,Clothing,T-Shirt,4,0.0,15616.0,3904.0,Standard,3,2024-03,0.25
ORD-11228,2024-02-10,2024-02-16,Om Mehta,Consumer,Central,Beauty,Skincare Kit,2,0.1,1627.2,292.9,Express,6,2024-02,0.18
ORD-11229,2024-07-14,2024-07-16,Vivaan Gupta,Consumer,North,Electronics,Headphones,1,0.05,26315.95,2631.6,Express,2,2024-07,0.1
ORD-11230,2024-03-26,2024-03-29,Rahul Malhotra,Consumer,West,Beauty,Skincare Kit,4,0.15,7225.0,1156.0,Standard,3,2024-03,0.16
ORD-11231,2025-02-03,2025-02-06,Kavya Reddy,Consumer,West,Furniture,Office Chair,5,0.0,48460.0,8722.8,Express,3,2025-02,0.18
ORD-11232,2025-03-08,2025-03-09,Ananya Verma,Consumer,South,Electronics,Smartwatch,2,0.05,32548.9,3254.89,Standard,1,2025-03,0.1
ORD-11233,2024-05-05,2024-05-09,Kavya Reddy,Consumer,South,Groceries,Cooking Oil,2,0.1,1917.0,76.68,Express,4,2024-05,0.04
ORD-11234,2025-12-25,2025-12-30,Saanvi Singh,Small Business,North,Clothing,Sneakers,3,0.25,2193.75,329.06,Standard,5,2025-12,0.15
ORD-11235,2024-10-11,2024-10-13,Tanvi Verma,Small Business,North,Groceries,Beverages,1,0.2,788.0,-0.0,Express,2,2024-10,-0.0
ORD-11236,2025-04-02,2025-04-07,Om Iyer,Corporate,North,Electronics,Tablet,1,0.1,3942.0,315.36,Express,5,2025-04,0.08
ORD-11237,2024-05-15,2024-05-21,Priya Verma,Small Business,West,Furniture,Sofa,3,0.0,27750.0,4995.0,Express,6,2024-05,0.18
ORD-11238,2024-10-30,2024-11-02,Rahul Joshi,Consumer,East,Electronics,Tablet,1,0.05,36104.75,3610.47,Standard,3,2024-10,0.1
ORD-11239,2025-11-25,2025-11-30,Aditya Kapoor,Consumer,West,Beauty,Trimmer,2,0.0,4142.0,911.24,Express,5,2025-11,0.22
ORD-11240,2024-10-07,2024-10-13,Zara Mehta,Consumer,South,Clothing,T-Shirt,2,0.1,5396.4,1133.24,Standard,6,2024-10,0.21
ORD-11241,2024-03-28,2024-03-29,Kabir Rao,Consumer,East,Beauty,Makeup Kit,1,0.1,1771.2,318.82,Standard,1,2024-03,0.18
ORD-11242,2025-01-17,2025-01-22,Meera Chatterjee,Consumer,North,Groceries,Snacks Combo,5,0.0,6405.0,512.4,Standard,5,2025-01,0.08
ORD-11243,2025-03-18,2025-03-22,Priya Chatterjee,Small Business,South,Beauty,Skincare Kit,1,0.0,1824.0,401.28,Standard,4,2025-03,0.22
ORD-11244,2024-05-21,2024-05-23,Rohan Joshi,Small Business,North,Groceries,Cooking Oil,1,0.25,120.75,-2.42,Standard,2,2024-05,-0.02
ORD-11245,2025-02-19,2025-02-22,Saanvi Singh,Small Business,West,Clothing,Jacket,2,0.25,5286.0,792.9,Express,3,2025-02,0.15
ORD-11246,2025-01-13,2025-01-14,Ishaan Patel,Corporate,North,Beauty,Makeup Kit,4,0.0,8920.0,1962.4,Express,1,2025-01,0.22
ORD-11247,2024-12-19,2024-12-21,Sneha Patel,Corporate,East,Clothing,Jacket,5,0.15,11598.25,2203.67,Standard,2,2024-12,0.19
ORD-11248,2025-11-13,2025-11-17,Ishaan Sharma,Corporate,South,Clothing,Jeans,2,0.05,1164.7,267.88,Standard,4,2025-11,0.23
ORD-11249,2025-06-05,2025-06-10,Aarav Patel,Corporate,Central,Furniture,Study Table,2,0.0,42124.0,7582.32,Same Day,5,2025-06,0.18
ORD-11250,2024-09-13,2024-09-18,Vihaan Mehta,Consumer,Central,Groceries,Rice Pack,5,0.1,3847.5,153.9,Standard,5,2024-09,0.04
ORD-11251,2025-03-28,2025-03-29,Aarav Chatterjee,Consumer,North,Groceries,Dairy Pack,2,0.0,2618.0,209.44,Standard,1,2025-03,0.08
ORD-11252,2024-05-11,2024-05-12,Ananya Das,Small Business,North,Groceries,Snacks Combo,4,0.15,4073.2,81.46,Standard,1,2024-05,0.02
ORD-11253,2024-05-13,2024-05-17,Neha Nair,Small Business,East,Electronics,Smartwatch,5,0.1,95004.0,7600.32,Standard,4,2024-05,0.08
ORD-11254,2025-04-17,2025-04-24,Vihaan Gupta,Small Business,North,Beauty,Makeup Kit,3,0.0,8097.0,1781.34,Express,7,2025-04,0.22
ORD-11255,2024-07-11,2024-07-13,Om Singh,Small Business,South,Beauty,Perfume,4,0.2,4224.0,591.36,Standard,2,2024-07,0.14
ORD-11256,2024-09-10,2024-09-11,Aditya Verma,Consumer,West,Clothing,T-Shirt,1,0.0,2773.0,693.25,Express,1,2024-09,0.25
ORD-11257,2025-11-27,2025-11-28,Neha Mehta,Small Business,Central,Furniture,Sofa,1,0.1,17925.3,2509.54,Express,1,2025-11,0.14
ORD-11258,2025-10-23,2025-10-28,Sneha Kapoor,Consumer,South,Beauty,Skincare Kit,2,0.1,3655.8,658.04,Express,5,2025-10,0.18
ORD-11259,2025-02-09,2025-02-12,Kabir Rao,Consumer,South,Clothing,T-Shirt,4,0.0,10484.0,2621.0,Standard,3,2025-02,0.25
ORD-11260,2025-05-01,2025-05-08,Vihaan Khan,Consumer,South,Electronics,Laptop,3,0.0,39852.0,4782.24,Standard,7,2025-05,0.12
ORD-11261,2024-08-17,2024-08-20,Ananya Khan,Consumer,Central,Electronics,Laptop,4,0.0,219060.0,26287.2,Standard,3,2024-08,0.12
ORD-11262,2024-08-17,2024-08-24,Zara Singh,Corporate,East,Beauty,Skincare Kit,4,0.25,4422.0,530.64,Standard,7,2024-08,0.12
ORD-11263,2025-11-08,2025-11-12,Om Reddy,Consumer,Central,Beauty,Skincare Kit,4,0.05,9792.6,1958.52,Standard,4,2025-11,0.2
ORD-11264,2025-04-01,2025-04-02,Vihaan Kapoor,Small Business,West,Furniture,Bed Frame,4,0.0,74684.0,13443.12,Express,1,2025-04,0.18
ORD-11265,2025-04-09,2025-04-16,Vivaan Iyer,Consumer,West,Beauty,Makeup Kit,2,0.05,2017.8,403.56,Same Day,7,2025-04,0.2
ORD-11266,2025-02-28,2025-03-04,Kavya Rao,Consumer,Central,Furniture,Office Chair,1,0.0,6164.0,1109.52,Express,4,2025-02,0.18
ORD-11267,2025-04-23,2025-04-24,Arjun Rao,Consumer,West,Groceries,Beverages,5,0.0,6810.0,544.8,Same Day,1,2025-04,0.08
ORD-11268,2025-10-11,2025-10-12,Vihaan Singh,Corporate,North,Beauty,Perfume,1,0.15,1266.5,202.64,Standard,1,2025-10,0.16
ORD-11269,2025-12-14,2025-12-15,Tanvi Iyer,Consumer,West,Groceries,Dairy Pack,3,0.0,2397.0,191.76,Standard,1,2025-12,0.08
ORD-11270,2025-02-02,2025-02-05,Kabir Nair,Consumer,Central,Groceries,Beverages,4,0.05,4761.4,285.68,Express,3,2025-02,0.06
ORD-11271,2025-09-13,2025-09-19,Ishaan Gupta,Consumer,South,Groceries,Beverages,2,0.0,2290.0,183.2,Standard,6,2025-09,0.08
ORD-11272,2024-03-05,2024-03-09,Ishaan Verma,Consumer,West,Groceries,Snacks Combo,4,0.0,5224.0,417.92,Standard,4,2024-03,0.08
ORD-11273,2025-07-11,2025-07-13,Saanvi Verma,Consumer,Central,Groceries,Snacks Combo,5,0.05,5624.0,337.44,Standard,2,2025-07,0.06
ORD-11274,2024-11-29,2024-12-03,Ananya Sharma,Consumer,North,Clothing,Jeans,2,0.1,1535.4,322.43,Standard,4,2024-11,0.21
ORD-11275,2024-02-13,2024-02-16,Rohan Singh,Corporate,Central,Furniture,Sofa,3,0.0,6780.0,1220.4,Standard,3,2024-02,0.18
ORD-11276,2024-05-17,2024-05-20,Kabir Joshi,Corporate,East,Furniture,Bed Frame,2,0.1,30807.0,4312.98,Standard,3,2024-05,0.14
ORD-11277,2024-06-17,2024-06-22,Ananya Das,Corporate,West,Furniture,Office Chair,1,0.05,11584.3,1853.49,Standard,5,2024-06,0.16
ORD-11278,2024-05-27,2024-06-01,Diya Iyer,Consumer,West,Clothing,Jeans,4,0.2,12220.8,2077.54,Standard,5,2024-05,0.17
ORD-11279,2024-08-15,2024-08-19,Kavya Rao,Small Business,South,Clothing,Jeans,4,0.2,6163.2,1047.74,Express,4,2024-08,0.17
ORD-11280,2024-07-28,2024-08-03,Neha Patel,Small Business,Central,Clothing,Formal Shirt,3,0.1,6091.2,1279.15,Standard,6,2024-07,0.21
ORD-11281,2024-06-21,2024-06-22,Kabir Mehta,Consumer,Central,Clothing,Jeans,2,0.1,869.4,182.57,Standard,1,2024-06,0.21
ORD-11282,2025-03-21,2025-03-22,Zara Chatterjee,Consumer,North,Electronics,Smartphone,2,0.15,55445.5,3326.73,Express,1,2025-03,0.06
ORD-11283,2025-11-02,2025-11-09,Vivaan Joshi,Consumer,West,Beauty,Hair Dryer,1,0.15,1833.45,293.35,Standard,7,2025-11,0.16
ORD-11284,2025-06-19,2025-06-21,Kavya Iyer,Small Business,North,Clothing,T-Shirt,2,0.0,6660.0,1665.0,Standard,2,2025-06,0.25
ORD-11285,2025-11-13,2025-11-16,Meera Khan,Corporate,North,Beauty,Makeup Kit,4,0.0,10196.0,2243.12,Standard,3,2025-11,0.22
ORD-11286,2025-11-04,2025-11-07,Vihaan Malhotra,Corporate,North,Furniture,Sofa,4,0.1,25207.2,3529.01,Express,3,2025-11,0.14
ORD-11287,2024-09-20,2024-09-27,Vivaan Kapoor,Consumer,South,Clothing,Jeans,2,0.15,6035.0,1146.65,Standard,7,2024-09,0.19
ORD-11288,2024-04-20,2024-04-27,Ananya Mehta,Consumer,South,Beauty,Hair Dryer,1,0.05,2311.35,462.27,Same Day,7,2024-04,0.2
ORD-11289,2025-03-26,2025-03-30,Zara Khan,Consumer,North,Electronics,Smartwatch,2,0.1,33384.6,2670.77,Express,4,2025-03,0.08
ORD-11290,2025-09-13,2025-09-18,Neha Iyer,Corporate,Central,Beauty,Makeup Kit,1,0.1,490.5,88.29,Standard,5,2025-09,0.18
ORD-11291,2024-10-30,2024-11-04,Zara Das,Small Business,South,Furniture,Study Table,4,0.0,65160.0,11728.8,Standard,5,2024-10,0.18
ORD-11292,2024-07-03,2024-07-07,Rahul Sharma,Consumer,North,Furniture,Sofa,3,0.2,21031.2,2103.12,Standard,4,2024-07,0.1
ORD-11293,2024-09-18,2024-09-24,Rohan Patel,Corporate,North,Clothing,Jeans,1,0.0,3334.0,833.5,Express,6,2024-09,0.25
ORD-11294,2025-03-08,2025-03-09,Diya Joshi,Consumer,South,Furniture,Office Chair,2,0.1,18786.6,2630.12,Standard,1,2025-03,0.14
ORD-11295,2025-07-04,2025-07-10,Arjun Kapoor,Corporate,East,Beauty,Makeup Kit,5,0.2,3516.0,492.24,Standard,6,2025-07,0.14
ORD-11296,2025-06-08,2025-06-15,Saanvi Malhotra,Consumer,East,Groceries,Dairy Pack,2,0.0,1474.0,117.92,Standard,7,2025-06,0.08
ORD-11297,2024-10-13,2024-10-17,Om Joshi,Consumer,East,Furniture,Sofa,1,0.0,6820.0,1227.6,Standard,4,2024-10,0.18
ORD-11298,2024-04-17,2024-04-21,Rohan Reddy,Corporate,South,Furniture,Bed Frame,4,0.0,43756.0,7876.08,Standard,4,2024-04,0.18
ORD-11299,2025-12-21,2025-12-24,Vivaan Mehta,Consumer,North,Electronics,Smartwatch,1,0.05,14972.0,1497.2,Standard,3,2025-12,0.1
ORD-11300,2025-12-23,2025-12-29,Om Das,Corporate,South,Beauty,Trimmer,1,0.0,1479.0,325.38,Standard,6,2025-12,0.22
ORD-11301,2024-09-09,2024-09-14,Sneha Khan,Small Business,North,Electronics,Laptop,4,0.05,213126.8,21312.68,Standard,5,2024-09,0.1
ORD-11302,2025-11-15,2025-11-22,Ishaan Kapoor,Small Business,North,Beauty,Makeup Kit,3,0.0,2268.0,498.96,Standard,7,2025-11,0.22
ORD-11303,2024-09-22,2024-09-25,Aarav Verma,Consumer,South,Electronics,Headphones,3,0.0,98676.0,11841.12,Standard,3,2024-09,0.12
ORD-11304,2025-01-05,2025-01-09,Saanvi Malhotra,Consumer,North,Clothing,Formal Shirt,2,0.0,1930.0,482.5,Standard,4,2025-01,0.25
ORD-11305,2025-05-21,2025-05-22,Saanvi Rao,Consumer,East,Groceries,Rice Pack,2,0.25,613.5,-12.27,Standard,1,2025-05,-0.02
ORD-11306,2025-05-06,2025-05-11,Zara Nair,Corporate,East,Groceries,Rice Pack,2,0.1,1666.8,66.67,Express,5,2025-05,0.04
ORD-11307,2024-06-13,2024-06-17,Kabir Nair,Consumer,West,Electronics,Smartphone,5,0.1,213066.0,17045.28,Standard,4,2024-06,0.08
ORD-11308,2025-01-27,2025-02-03,Diya Gupta,Consumer,Central,Beauty,Perfume,3,0.1,2524.5,454.41,Standard,7,2025-01,0.18
ORD-11309,2025-06-26,2025-06-28,Aarav Chatterjee,Small Business,South,Beauty,Trimmer,5,0.05,9124.75,1824.95,Express,2,2025-06,0.2
ORD-11310,2024-03-17,2024-03-24,Diya Reddy,Consumer,East,Furniture,Study Table,3,0.0,71196.0,12815.28,Express,7,2024-03,0.18
ORD-11311,2024-03-28,2024-04-01,Rahul Singh,Consumer,East,Groceries,Rice Pack,4,0.0,2724.0,217.92,Express,4,2024-03,0.08
ORD-11312,2024-05-15,2024-05-22,Zara Verma,Small Business,West,Clothing,Jacket,2,0.05,5903.3,1357.76,Express,7,2024-05,0.23
ORD-11313,2025-01-15,2025-01-19,Kavya Kapoor,Corporate,East,Electronics,Headphones,2,0.25,58885.5,1177.71,Same Day,4,2025-01,0.02
ORD-11314,2025-10-24,2025-10-28,Ishaan Singh,Consumer,West,Clothing,Sneakers,4,0.05,9481.0,2180.63,Standard,4,2025-10,0.23
ORD-11315,2025-06-05,2025-06-08,Ishaan Patel,Small Business,West,Beauty,Skincare Kit,5,0.05,8113.0,1622.6,Express,3,2025-06,0.2
ORD-11316,2025-03-21,2025-03-27,Kabir Joshi,Consumer,East,Clothing,Jeans,4,0.05,14576.8,3352.66,Standard,6,2025-03,0.23
ORD-11317,2024-01-29,2024-02-03,Ananya Singh,Consumer,East,Furniture,Sofa,3,0.0,39465.0,7103.7,Same Day,5,2024-01,0.18
ORD-11318,2025-04-09,2025-04-16,Ananya Reddy,Consumer,Central,Electronics,Smartwatch,4,0.05,66180.8,6618.08,Same Day,7,2025-04,0.1
ORD-11319,2025-10-24,2025-10-27,Om Reddy,Small Business,East,Electronics,Tablet,2,0.0,64728.0,7767.36,Standard,3,2025-10,0.12
ORD-11320,2025-02-08,2025-02-11,Rahul Nair,Consumer,East,Furniture,Study Table,2,0.25,37206.0,2976.48,Standard,3,2025-02,0.08
ORD-11321,2025-07-08,2025-07-11,Sneha Gupta,Consumer,West,Clothing,Formal Shirt,1,0.05,1920.9,441.81,Standard,3,2025-07,0.23
ORD-11322,2025-08-07,2025-08-10,Aarav Nair,Small Business,Central,Furniture,Bed Frame,5,0.1,81886.5,11464.11,Standard,3,2025-08,0.14
ORD-11323,2025-09-15,2025-09-19,Diya Patel,Small Business,South,Groceries,Cooking Oil,4,0.0,3164.0,253.12,Express,4,2025-09,0.08
ORD-11324,2025-07-29,2025-07-31,Aarav Joshi,Consumer,North,Clothing,Formal Shirt,2,0.05,2173.6,499.93,Standard,2,2025-07,0.23
ORD-11325,2025-01-25,2025-01-27,Tanvi Singh,Consumer,East,Groceries,Rice Pack,3,0.0,3360.0,268.8,Standard,2,2025-01,0.08
ORD-11326,2024-08-22,2024-08-26,Arjun Sharma,Consumer,North,Furniture,Bookshelf,5,0.1,62275.5,8718.57,Standard,4,2024-08,0.14
ORD-11327,2025-04-06,2025-04-08,Kabir Khan,Corporate,West,Furniture,Sofa,4,0.1,39481.2,5527.37,Standard,2,2025-04,0.14
ORD-11328,2024-10-18,2024-10-20,Sneha Rao,Corporate,West,Groceries,Dairy Pack,5,0.05,2888.0,173.28,Standard,2,2024-10,0.06
ORD-11329,2025-02-15,2025-02-18,Meera Mehta,Consumer,West,Beauty,Perfume,1,0.0,2126.0,467.72,Express,3,2025-02,0.22
ORD-11330,2025-11-02,2025-11-06,Ishaan Verma,Small Business,West,Electronics,Laptop,5,0.0,294585.0,35350.2,Express,4,2025-11,0.12
ORD-11331,2024-08-17,2024-08-23,Diya Nair,Corporate,North,Furniture,Study Table,4,0.1,76399.2,10695.89,Same Day,6,2024-08,0.14
ORD-11332,2025-04-26,2025-04-29,Rohan Kapoor,Consumer,Central,Groceries,Snacks Combo,5,0.15,3931.25,78.62,Standard,3,2025-04,0.02
ORD-11333,2024-04-16,2024-04-17,Aditya Gupta,Consumer,South,Furniture,Sofa,1,0.1,9976.5,1396.71,Standard,1,2024-04,0.14
ORD-11334,2024-04-10,2024-04-11,Rahul Joshi,Small Business,Central,Groceries,Snacks Combo,1,0.0,1083.0,86.64,Same Day,1,2024-04,0.08
ORD-11335,2024-11-24,2024-11-26,Ananya Joshi,Corporate,North,Beauty,Hair Dryer,1,0.1,808.2,145.48,Standard,2,2024-11,0.18
ORD-11336,2024-03-06,2024-03-11,Kavya Kapoor,Corporate,North,Clothing,T-Shirt,2,0.05,6032.5,1387.48,Standard,5,2024-03,0.23
ORD-11337,2025-10-03,2025-10-04,Om Verma,Corporate,North,Beauty,Hair Dryer,4,0.05,7489.8,1497.96,Express,1,2025-10,0.2
ORD-11338,2024-01-30,2024-02-03,Aditya Khan,Consumer,North,Electronics,Laptop,3,0.0,42999.0,5159.88,Standard,4,2024-01,0.12
ORD-11339,2024-08-12,2024-08-18,Kavya Das,Consumer,East,Beauty,Perfume,5,0.0,3760.0,827.2,Standard,6,2024-08,0.22
ORD-11340,2025-05-04,2025-05-08,Om Rao,Consumer,Central,Furniture,Bookshelf,3,0.1,41229.0,5772.06,Standard,4,2025-05,0.14
ORD-11341,2025-11-24,2025-11-28,Meera Mehta,Consumer,Central,Beauty,Makeup Kit,5,0.0,8785.0,1932.7,Standard,4,2025-11,0.22
ORD-11342,2025-06-17,2025-06-18,Kabir Mehta,Consumer,West,Electronics,Tablet,5,0.1,58216.5,4657.32,Express,1,2025-06,0.08
ORD-11343,2024-05-06,2024-05-12,Aarav Mehta,Small Business,East,Electronics,Smartphone,1,0.0,23427.0,2811.24,Standard,6,2024-05,0.12
ORD-11344,2024-01-05,2024-01-12,Kabir Joshi,Consumer,West,Furniture,Office Chair,2,0.1,41774.4,5848.42,Standard,7,2024-01,0.14
ORD-11345,2025-08-18,2025-08-20,Sneha Joshi,Small Business,South,Furniture,Study Table,4,0.05,61833.6,9893.38,Standard,2,2025-08,0.16
ORD-11346,2024-02-24,2024-03-02,Rahul Joshi,Corporate,West,Groceries,Dairy Pack,4,0.0,5100.0,408.0,Standard,7,2024-02,0.08
ORD-11347,2024-12-29,2025-01-04,Rahul Khan,Corporate,Central,Clothing,Formal Shirt,2,0.05,3218.6,740.28,Express,6,2024-12,0.23
ORD-11348,2025-01-24,2025-01-26,Kavya Malhotra,Small Business,East,Groceries,Snacks Combo,2,0.05,851.2,51.07,Standard,2,2025-01,0.06
ORD-11349,2024-12-06,2024-12-13,Meera Malhotra,Consumer,East,Furniture,Office Chair,5,0.1,83205.0,11648.7,Standard,7,2024-12,0.14
ORD-11350,2024-04-11,2024-04-15,Kabir Joshi,Consumer,Central,Beauty,Trimmer,1,0.0,1849.0,406.78,Express,4,2024-04,0.22
ORD-11351,2024-06-07,2024-06-10,Rohan Mehta,Consumer,West,Electronics,Laptop,3,0.0,131988.0,15838.56,Express,3,2024-06,0.12
ORD-11352,2025-01-05,2025-01-08,Om Malhotra,Consumer,West,Furniture,Bookshelf,2,0.05,42081.2,6732.99,Express,3,2025-01,0.16
ORD-11353,2024-12-07,2024-12-12,Diya Verma,Consumer,North,Furniture,Office Chair,5,0.15,40872.25,4904.67,Standard,5,2024-12,0.12
ORD-11354,2025-03-16,2025-03-18,Vivaan Iyer,Consumer,Central,Beauty,Trimmer,1,0.0,2943.0,647.46,Standard,2,2025-03,0.22
ORD-11355,2025-10-16,2025-10-22,Zara Nair,Consumer,Central,Electronics,Laptop,2,0.25,10426.5,208.53,Standard,6,2025-10,0.02
ORD-11356,2025-02-12,2025-02-14,Arjun Sharma,Consumer,North,Clothing,Formal Shirt,2,0.0,2682.0,670.5,Standard,2,2025-02,0.25
ORD-11357,2025-11-25,2025-12-01,Zara Iyer,Consumer,North,Electronics,Tablet,3,0.05,146085.3,14608.53,Express,6,2025-11,0.1
ORD-11358,2025-03-16,2025-03-21,Arjun Gupta,Consumer,Central,Furniture,Office Chair,3,0.0,39267.0,7068.06,Standard,5,2025-03,0.18
ORD-11359,2025-02-25,2025-02-26,Priya Khan,Corporate,South,Electronics,Smartphone,5,0.1,17257.5,1380.6,Standard,1,2025-02,0.08
ORD-11360,2024-11-18,2024-11-22,Arjun Malhotra,Consumer,East,Clothing,T-Shirt,4,0.0,1920.0,480.0,Standard,4,2024-11,0.25
ORD-11361,2024-02-23,2024-02-24,Om Singh,Small Business,East,Electronics,Laptop,4,0.15,118221.4,7093.28,Same Day,1,2024-02,0.06
ORD-11362,2024-03-16,2024-03-21,Meera Das,Corporate,North,Beauty,Skincare Kit,3,0.1,6866.1,1235.9,Standard,5,2024-03,0.18
ORD-11363,2024-08-15,2024-08-18,Om Gupta,Corporate,East,Clothing,Jacket,3,0.05,7848.9,1805.25,Express,3,2024-08,0.23
ORD-11364,2025-08-16,2025-08-22,Vivaan Reddy,Small Business,South,Electronics,Smartwatch,2,0.0,19092.0,2291.04,Express,6,2025-08,0.12
ORD-11365,2025-08-05,2025-08-07,Arjun Verma,Consumer,East,Groceries,Rice Pack,3,0.05,587.1,35.23,Standard,2,2025-08,0.06
ORD-11366,2025-11-05,2025-11-08,Neha Iyer,Corporate,East,Electronics,Laptop,1,0.0,44590.0,5350.8,Standard,3,2025-11,0.12
ORD-11367,2025-07-19,2025-07-25,Ananya Malhotra,Small Business,Central,Groceries,Cooking Oil,3,0.05,324.9,19.49,Standard,6,2025-07,0.06
ORD-11368,2024-04-24,2024-04-25,Diya Nair,Consumer,North,Clothing,Sneakers,4,0.1,1663.2,349.27,Express,1,2024-04,0.21
ORD-11369,2025-10-23,2025-10-24,Saanvi Kapoor,Small Business,East,Groceries,Beverages,1,0.2,100.8,0.0,Standard,1,2025-10,0.0
ORD-11370,2025-09-10,2025-09-15,Neha Mehta,Small Business,North,Clothing,Sneakers,2,0.0,3024.0,756.0,Express,5,2025-09,0.25
ORD-11371,2025-05-21,2025-05-24,Vihaan Chatterjee,Corporate,West,Furniture,Bed Frame,5,0.1,14701.5,2058.21,Standard,3,2025-05,0.14
ORD-11372,2025-08-20,2025-08-27,Ananya Mehta,Corporate,West,Electronics,Laptop,3,0.15,70573.8,4234.43,Standard,7,2025-08,0.06
ORD-11373,2024-09-07,2024-09-13,Arjun Gupta,Consumer,North,Clothing,Jeans,3,0.05,2909.85,669.27,Standard,6,2024-09,0.23
ORD-11374,2024-03-10,2024-03-17,Om Das,Consumer,South,Beauty,Skincare Kit,4,0.0,3244.0,713.68,Standard,7,2024-03,0.22
ORD-11375,2024-02-08,2024-02-15,Ananya Malhotra,Small Business,Central,Groceries,Cooking Oil,1,0.15,261.8,5.24,Standard,7,2024-02,0.02
ORD-11376,2024-09-15,2024-09-18,Neha Sharma,Consumer,South,Furniture,Sofa,5,0.05,57874.0,9259.84,Standard,3,2024-09,0.16
ORD-11377,2025-02-22,2025-02-28,Zara Das,Consumer,North,Electronics,Tablet,5,0.0,294215.0,35305.8,Standard,6,2025-02,0.12
ORD-11378,2025-07-27,2025-07-30,Rohan Chatterjee,Corporate,Central,Groceries,Rice Pack,2,0.1,2014.2,80.57,Express,3,2025-07,0.04
ORD-11379,2024-01-16,2024-01-22,Tanvi Gupta,Consumer,West,Electronics,Smartphone,1,0.15,32791.3,1967.48,Express,6,2024-01,0.06
ORD-11380,2025-01-28,2025-02-03,Kabir Patel,Corporate,West,Electronics,Tablet,3,0.1,52825.5,4226.04,Same Day,6,2025-01,0.08
ORD-11381,2024-02-16,2024-02-23,Aarav Rao,Small Business,Central,Clothing,Jeans,2,0.05,4322.5,994.18,Express,7,2024-02,0.23
ORD-11382,2025-05-05,2025-05-06,Om Rao,Corporate,Central,Clothing,Formal Shirt,5,0.15,2065.5,392.44,Express,1,2025-05,0.19
ORD-11383,2024-12-19,2024-12-20,Arjun Nair,Small Business,East,Beauty,Makeup Kit,5,0.05,7685.5,1537.1,Standard,1,2024-12,0.2
ORD-11384,2025-12-11,2025-12-16,Diya Chatterjee,Corporate,North,Groceries,Beverages,2,0.2,312.0,-0.0,Express,5,2025-12,-0.0
ORD-11385,2025-08-21,2025-08-28,Ishaan Verma,Consumer,North,Furniture,Office Chair,4,0.0,76572.0,13782.96,Express,7,2025-08,0.18
ORD-11386,2025-09-01,2025-09-05,Rohan Das,Consumer,North,Electronics,Laptop,4,0.05,170946.8,17094.68,Express,4,2025-09,0.1
ORD-11387,2024-08-20,2024-08-25,Ananya Rao,Consumer,East,Beauty,Perfume,3,0.05,8450.25,1690.05,Standard,5,2024-08,0.2
ORD-11388,2025-07-25,2025-07-29,Saanvi Rao,Consumer,Central,Groceries,Snacks Combo,4,0.1,2775.6,111.02,Express,4,2025-07,0.04
ORD-11389,2024-01-10,2024-01-14,Arjun Kapoor,Consumer,North,Groceries,Cooking Oil,5,0.2,5588.0,-0.0,Standard,4,2024-01,-0.0
ORD-11390,2024-08-28,2024-09-01,Aarav Malhotra,Consumer,North,Groceries,Cooking Oil,3,0.1,2303.1,92.12,Express,4,2024-08,0.04
ORD-11391,2024-11-25,2024-11-30,Kabir Khan,Corporate,East,Furniture,Office Chair,3,0.0,11565.0,2081.7,Express,5,2024-11,0.18
ORD-11392,2024-06-14,2024-06-18,Aarav Reddy,Small Business,West,Groceries,Beverages,4,0.0,3536.0,282.88,Express,4,2024-06,0.08
ORD-11393,2024-02-16,2024-02-18,Ishaan Mehta,Corporate,Central,Furniture,Bookshelf,2,0.05,21384.5,3421.52,Standard,2,2024-02,0.16
ORD-11394,2025-10-23,2025-10-26,Kavya Singh,Small Business,North,Beauty,Makeup Kit,1,0.0,2933.0,645.26,Standard,3,2025-10,0.22
ORD-11395,2024-12-17,2024-12-18,Arjun Malhotra,Consumer,Central,Furniture,Bed Frame,5,0.0,35080.0,6314.4,Express,1,2024-12,0.18
ORD-11396,2024-08-10,2024-08-14,Sneha Gupta,Consumer,West,Clothing,T-Shirt,5,0.05,5761.75,1325.2,Standard,4,2024-08,0.23
ORD-11397,2025-09-19,2025-09-23,Saanvi Chatterjee,Corporate,East,Beauty,Makeup Kit,2,0.0,4384.0,964.48,Express,4,2025-09,0.22
ORD-11398,2024-10-28,2024-10-29,Kavya Verma,Consumer,West,Groceries,Dairy Pack,4,0.0,4172.0,333.76,Express,1,2024-10,0.08
ORD-11399,2025-07-07,2025-07-12,Aditya Chatterjee,Corporate,Central,Furniture,Bookshelf,4,0.1,86472.0,12106.08,Express,5,2025-07,0.14
ORD-11400,2025-04-12,2025-04-14,Aditya Iyer,Consumer,South,Clothing,Jacket,4,0.0,8424.0,2106.0,Standard,2,2025-04,0.25
ORD-11401,2024-05-08,2024-05-12,Kabir Singh,Small Business,North,Furniture,Sofa,5,0.0,112510.0,20251.8,Express,4,2024-05,0.18
ORD-11402,2025-10-23,2025-10-24,Zara Joshi,Corporate,West,Furniture,Bed Frame,4,0.1,14979.6,2097.14,Standard,1,2025-10,0.14
ORD-11403,2024-12-23,2024-12-29,Vihaan Joshi,Consumer,West,Clothing,Sneakers,3,0.0,10035.0,2508.75,Standard,6,2024-12,0.25
ORD-11404,2025-10-11,2025-10-14,Kabir Mehta,Small Business,East,Furniture,Office Chair,3,0.15,14109.15,1693.1,Standard,3,2025-10,0.12
ORD-11405,2024-01-06,2024-01-11,Ishaan Khan,Consumer,South,Beauty,Perfume,2,0.0,1152.0,253.44,Same Day,5,2024-01,0.22
ORD-11406,2025-10-09,2025-10-10,Zara Nair,Consumer,South,Furniture,Office Chair,4,0.05,27048.4,4327.74,Express,1,2025-10,0.16
ORD-11407,2024-04-23,2024-04-25,Aarav Khan,Consumer,East,Beauty,Makeup Kit,1,0.05,1806.9,361.38,Standard,2,2024-04,0.2
ORD-11408,2024-07-27,2024-07-31,Rohan Sharma,Small Business,North,Clothing,Jacket,3,0.05,10906.95,2508.6,Standard,4,2024-07,0.23
ORD-11409,2024-12-22,2024-12-25,Vihaan Sharma,Corporate,West,Furniture,Sofa,5,0.1,106173.0,14864.22,Standard,3,2024-12,0.14
ORD-11410,2025-10-24,2025-10-28,Rahul Gupta,Small Business,West,Clothing,Jeans,2,0.1,5034.6,1057.27,Same Day,4,2025-10,0.21
ORD-11411,2024-08-01,2024-08-07,Aarav Rao,Corporate,South,Furniture,Sofa,3,0.15,51810.9,6217.31,Standard,6,2024-08,0.12
ORD-11412,2025-10-24,2025-10-29,Aarav Das,Consumer,South,Clothing,T-Shirt,3,0.15,3207.9,609.5,Standard,5,2025-10,0.19
ORD-11413,2025-05-22,2025-05-29,Sneha Malhotra,Consumer,East,Beauty,Skincare Kit,4,0.0,8704.0,1914.88,Standard,7,2025-05,0.22
ORD-11414,2024-09-19,2024-09-25,Sneha Gupta,Corporate,West,Furniture,Study Table,4,0.1,53845.2,7538.33,Express,6,2024-09,0.14
ORD-11415,2025-11-20,2025-11-25,Aditya Nair,Consumer,West,Electronics,Smartwatch,5,0.0,281430.0,33771.6,Standard,5,2025-11,0.12
ORD-11416,2025-12-04,2025-12-09,Kabir Iyer,Consumer,West,Groceries,Beverages,1,0.1,1066.5,42.66,Standard,5,2025-12,0.04
ORD-11417,2025-11-29,2025-12-02,Kavya Reddy,Corporate,West,Beauty,Perfume,1,0.15,2237.2,357.95,Standard,3,2025-11,0.16
ORD-11418,2025-10-17,2025-10-21,Diya Rao,Consumer,South,Beauty,Skincare Kit,5,0.1,8352.0,1503.36,Express,4,2025-10,0.18
ORD-11419,2025-07-17,2025-07-18,Aditya Sharma,Small Business,East,Clothing,T-Shirt,5,0.05,11670.75,2684.27,Express,1,2025-07,0.23
ORD-11420,2024-01-11,2024-01-12,Vivaan Kapoor,Corporate,Central,Beauty,Perfume,3,0.25,4828.5,579.42,Standard,1,2024-01,0.12
ORD-11421,2025-04-18,2025-04-19,Zara Kapoor,Consumer,Central,Clothing,Jeans,2,0.0,7738.0,1934.5,Express,1,2025-04,0.25
ORD-11422,2025-08-20,2025-08-26,Arjun Iyer,Corporate,South,Electronics,Laptop,4,0.05,210675.8,21067.58,Standard,6,2025-08,0.1
ORD-11423,2025-12-08,2025-12-12,Sneha Nair,Small Business,East,Clothing,Formal Shirt,3,0.0,10944.0,2736.0,Standard,4,2025-12,0.25
ORD-11424,2024-12-19,2024-12-22,Meera Patel,Consumer,South,Furniture,Office Chair,2,0.1,23315.4,3264.16,Standard,3,2024-12,0.14
ORD-11425,2025-09-11,2025-09-17,Om Chatterjee,Small Business,South,Clothing,Formal Shirt,4,0.2,11712.0,1991.04,Standard,6,2025-09,0.17
ORD-11426,2025-03-14,2025-03-20,Tanvi Mehta,Consumer,North,Furniture,Office Chair,2,0.0,16526.0,2974.68,Standard,6,2025-03,0.18
ORD-11427,2025-06-27,2025-07-03,Zara Khan,Consumer,East,Clothing,T-Shirt,2,0.15,3527.5,670.22,Standard,6,2025-06,0.19
ORD-11428,2025-12-01,2025-12-05,Zara Singh,Consumer,North,Electronics,Laptop,4,0.05,101258.6,10125.86,Express,4,2025-12,0.1
ORD-11429,2024-11-26,2024-12-01,Meera Joshi,Small Business,South,Clothing,Formal Shirt,3,0.0,2733.0,683.25,Express,5,2024-11,0.25
ORD-11430,2025-11-23,2025-11-29,Zara Nair,Consumer,West,Clothing,T-Shirt,3,0.05,8575.65,1972.4,Standard,6,2025-11,0.23
ORD-11431,2024-07-28,2024-08-04,Aditya Malhotra,Small Business,West,Groceries,Beverages,2,0.1,637.2,25.49,Express,7,2024-07,0.04
ORD-11432,2024-07-03,2024-07-10,Diya Khan,Small Business,West,Furniture,Bookshelf,5,0.0,56175.0,10111.5,Express,7,2024-07,0.18
ORD-11433,2024-05-20,2024-05-23,Vihaan Joshi,Corporate,East,Electronics,Smartphone,4,0.15,193232.2,11593.93,Same Day,3,2024-05,0.06
ORD-11434,2025-04-13,2025-04-20,Vihaan Sharma,Consumer,Central,Furniture,Office Chair,4,0.2,13529.6,1352.96,Standard,7,2025-04,0.1
ORD-11435,2024-02-29,2024-03-05,Kabir Chatterjee,Consumer,North,Clothing,Formal Shirt,3,0.05,4434.6,1019.96,Express,5,2024-02,0.23
ORD-11436,2024-10-24,2024-10-29,Om Patel,Consumer,Central,Groceries,Snacks Combo,1,0.1,250.2,10.01,Standard,5,2024-10,0.04
ORD-11437,2024-08-03,2024-08-10,Aarav Khan,Consumer,North,Groceries,Rice Pack,4,0.0,2844.0,227.52,Standard,7,2024-08,0.08
ORD-11438,2024-07-20,2024-07-22,Sneha Gupta,Consumer,East,Electronics,Laptop,5,0.0,41210.0,4945.2,Express,2,2024-07,0.12
ORD-11439,2025-06-08,2025-06-09,Ananya Chatterjee,Small Business,West,Electronics,Smartwatch,1,0.1,39942.0,3195.36,Express,1,2025-06,0.08
ORD-11440,2024-01-25,2024-01-26,Rohan Mehta,Consumer,East,Beauty,Perfume,1,0.05,1702.4,340.48,Standard,1,2024-01,0.2
ORD-11441,2024-08-28,2024-08-29,Zara Verma,Corporate,North,Beauty,Perfume,3,0.25,6437.25,772.47,Same Day,1,2024-08,0.12
ORD-11442,2024-02-08,2024-02-11,Zara Verma,Consumer,East,Electronics,Smartwatch,1,0.1,47861.1,3828.89,Standard,3,2024-02,0.08
ORD-11443,2025-12-22,2025-12-25,Zara Malhotra,Consumer,Central,Beauty,Hair Dryer,4,0.0,11556.0,2542.32,Standard,3,2025-12,0.22
ORD-11444,2025-10-01,2025-10-07,Aditya Reddy,Small Business,North,Furniture,Office Chair,2,0.0,34280.0,6170.4,Standard,6,2025-10,0.18
ORD-11445,2025-10-26,2025-10-31,Arjun Rao,Small Business,West,Groceries,Rice Pack,1,0.05,1029.8,61.79,Standard,5,2025-10,0.06
ORD-11446,2024-05-28,2024-06-03,Diya Verma,Corporate,North,Clothing,Jacket,1,0.15,2878.1,546.84,Same Day,6,2024-05,0.19
ORD-11447,2025-12-04,2025-12-08,Ishaan Khan,Small Business,East,Electronics,Tablet,2,0.2,76785.6,3071.42,Same Day,4,2025-12,0.04
ORD-11448,2024-06-25,2024-06-30,Meera Rao,Small Business,North,Groceries,Cooking Oil,3,0.25,2830.5,-56.61,Standard,5,2024-06,-0.02
ORD-11449,2024-07-25,2024-08-01,Priya Reddy,Small Business,West,Electronics,Headphones,4,0.0,62900.0,7548.0,Standard,7,2024-07,0.12
ORD-11450,2025-10-11,2025-10-13,Vihaan Sharma,Consumer,North,Beauty,Trimmer,4,0.05,6764.0,1352.8,Express,2,2025-10,0.2
ORD-11451,2025-02-10,2025-02-14,Kabir Malhotra,Consumer,South,Groceries,Beverages,1,0.0,590.0,47.2,Standard,4,2025-02,0.08
ORD-11452,2025-07-25,2025-07-30,Zara Khan,Small Business,West,Beauty,Trimmer,5,0.0,13265.0,2918.3,Standard,5,2025-07,0.22
ORD-11453,2024-09-22,2024-09-26,Om Rao,Corporate,South,Clothing,Sneakers,1,0.05,1442.1,331.68,Express,4,2024-09,0.23
ORD-11454,2025-06-01,2025-06-02,Rahul Patel,Corporate,Central,Clothing,Jeans,1,0.05,2348.4,540.13,Express,1,2025-06,0.23
ORD-11455,2024-02-12,2024-02-16,Ananya Kapoor,Consumer,West,Electronics,Tablet,3,0.0,47703.0,5724.36,Express,4,2024-02,0.12
ORD-11456,2024-06-23,2024-06-26,Om Malhotra,Small Business,West,Furniture,Study Table,2,0.0,12468.0,2244.24,Express,3,2024-06,0.18
ORD-11457,2024-06-27,2024-07-02,Rohan Chatterjee,Consumer,East,Beauty,Skincare Kit,1,0.05,1322.4,264.48,Express,5,2024-06,0.2
ORD-11458,2025-09-21,2025-09-25,Tanvi Chatterjee,Consumer,East,Electronics,Laptop,4,0.0,62828.0,7539.36,Standard,4,2025-09,0.12
ORD-11459,2025-12-17,2025-12-21,Ananya Singh,Small Business,South,Furniture,Bed Frame,3,0.05,39241.65,6278.66,Express,4,2025-12,0.16
ORD-11460,2025-05-20,2025-05-26,Sneha Verma,Consumer,Central,Furniture,Bed Frame,1,0.05,10726.45,1716.23,Standard,6,2025-05,0.16
ORD-11461,2025-12-16,2025-12-19,Kabir Singh,Consumer,East,Clothing,Sneakers,2,0.05,6710.8,1543.48,Standard,3,2025-12,0.23
ORD-11462,2025-08-25,2025-08-28,Zara Joshi,Consumer,South,Furniture,Bed Frame,1,0.0,15552.0,2799.36,Express,3,2025-08,0.18
ORD-11463,2024-09-21,2024-09-25,Sneha Rao,Consumer,South,Clothing,Sneakers,5,0.2,15320.0,2604.4,Standard,4,2024-09,0.17
ORD-11464,2024-12-15,2024-12-18,Kabir Kapoor,Small Business,West,Furniture,Bed Frame,1,0.05,11772.4,1883.58,Standard,3,2024-12,0.16
ORD-11465,2025-11-10,2025-11-11,Arjun Iyer,Corporate,South,Furniture,Bookshelf,1,0.15,14863.95,1783.67,Standard,1,2025-11,0.12
ORD-11466,2024-03-27,2024-04-03,Vihaan Khan,Small Business,Central,Electronics,Tablet,3,0.15,88477.35,5308.64,Express,7,2024-03,0.06
ORD-11467,2025-03-20,2025-03-22,Kavya Khan,Small Business,West,Beauty,Hair Dryer,3,0.0,3708.0,815.76,Express,2,2025-03,0.22
ORD-11468,2024-02-26,2024-02-27,Kabir Khan,Consumer,East,Electronics,Tablet,2,0.0,43468.0,5216.16,Standard,1,2024-02,0.12
ORD-11469,2025-09-21,2025-09-28,Arjun Gupta,Consumer,South,Electronics,Smartphone,3,0.1,7022.7,561.82,Standard,7,2025-09,0.08
ORD-11470,2024-09-21,2024-09-22,Ishaan Singh,Small Business,East,Clothing,T-Shirt,5,0.0,12035.0,3008.75,Express,1,2024-09,0.25
ORD-11471,2024-12-28,2025-01-04,Meera Kapoor,Small Business,West,Electronics,Headphones,5,0.1,15957.0,1276.56,Express,7,2024-12,0.08
ORD-11472,2025-06-16,2025-06-23,Neha Das,Consumer,South,Beauty,Hair Dryer,2,0.0,1182.0,260.04,Express,7,2025-06,0.22
ORD-11473,2025-05-24,2025-05-27,Sneha Nair,Consumer,Central,Beauty,Trimmer,2,0.25,642.0,77.04,Standard,3,2025-05,0.12
ORD-11474,2025-10-28,2025-10-31,Ishaan Mehta,Consumer,West,Furniture,Bed Frame,5,0.15,57009.5,6841.14,Express,3,2025-10,0.12
ORD-11475,2024-10-23,2024-10-25,Tanvi Das,Corporate,North,Electronics,Headphones,4,0.05,153744.2,15374.42,Standard,2,2024-10,0.1
ORD-11476,2024-01-19,2024-01-24,Zara Gupta,Corporate,Central,Furniture,Sofa,5,0.1,108477.0,15186.78,Standard,5,2024-01,0.14
ORD-11477,2025-03-26,2025-03-31,Rohan Patel,Corporate,West,Beauty,Perfume,2,0.25,2079.0,249.48,Standard,5,2025-03,0.12
ORD-11478,2025-04-28,2025-04-29,Priya Patel,Consumer,Central,Electronics,Tablet,2,0.0,48316.0,5797.92,Standard,1,2025-04,0.12
ORD-11479,2025-08-29,2025-09-05,Saanvi Patel,Small Business,North,Electronics,Smartwatch,1,0.0,56643.0,6797.16,Standard,7,2025-08,0.12
ORD-11480,2025-07-21,2025-07-25,Meera Iyer,Consumer,West,Beauty,Makeup Kit,1,0.0,2655.0,584.1,Express,4,2025-07,0.22
ORD-11481,2024-05-25,2024-05-29,Vivaan Iyer,Small Business,Central,Beauty,Perfume,1,0.05,335.35,67.07,Standard,4,2024-05,0.2
ORD-11482,2024-09-18,2024-09-25,Ishaan Gupta,Corporate,North,Clothing,T-Shirt,1,0.0,1223.0,268.86947566091527,Same Day,7,2024-09,0.22
ORD-11483,2025-02-07,2025-02-12,Meera Gupta,Consumer,North,Furniture,Study Table,1,0.05,11669.8,1867.17,Same Day,5,2025-02,0.16
ORD-11484,2025-02-17,2025-02-23,Neha Reddy,Consumer,West,Clothing,Jeans,5,0.0,17865.0,4466.25,Standard,6,2025-02,0.25
ORD-11485,2025-10-31,2025-11-05,Rohan Nair,Corporate,West,Beauty,Trimmer,3,0.0,7272.0,1599.84,Express,5,2025-10,0.22
ORD-11486,2025-12-09,2025-12-15,Meera Khan,Small Business,West,Furniture,Bookshelf,5,0.0,82570.0,14862.6,Standard,6,2025-12,0.18
ORD-11487,2024-09-04,2024-09-10,Vihaan Sharma,Corporate,Central,Groceries,Cooking Oil,1,0.2,1037.6,0.0,Standard,6,2024-09,0.0
ORD-11488,2024-04-02,2024-04-05,Vihaan Reddy,Corporate,East,Groceries,Beverages,2,0.0,1156.0,92.48,Standard,3,2024-04,0.08
ORD-11489,2025-07-16,2025-07-20,Neha Iyer,Consumer,West,Clothing,Jeans,5,0.05,18634.25,4285.88,Standard,4,2025-07,0.23
ORD-11490,2025-08-10,2025-08-11,Kabir Joshi,Consumer,South,Furniture,Bookshelf,1,0.0,20653.0,3717.54,Standard,1,2025-08,0.18
ORD-11491,2025-12-04,2025-12-05,Diya Kapoor,Corporate,North,Groceries,Dairy Pack,1,0.15,584.8,11.7,Express,1,2025-12,0.02
ORD-11492,2024-05-30,2024-05-31,Neha Rao,Consumer,North,Groceries,Snacks Combo,2,0.0,990.0,79.2,Standard,1,2024-05,0.08
ORD-11493,2024-05-14,2024-05-16,Priya Mehta,Corporate,South,Clothing,Sneakers,4,0.1,12603.6,2646.76,Express,2,2024-05,0.21
ORD-11494,2025-10-27,2025-10-31,Diya Nair,Corporate,South,Electronics,Headphones,1,0.0,15764.0,1891.68,Standard,4,2025-10,0.12
ORD-11495,2024-10-16,2024-10-23,Aditya Singh,Consumer,West,Furniture,Study Table,3,0.0,7560.0,1360.8,Express,7,2024-10,0.18
ORD-11496,2024-01-10,2024-01-12,Saanvi Iyer,Small Business,Central,Groceries,Rice Pack,1,0.1,1070.1,42.8,Standard,2,2024-01,0.04
ORD-11497,2024-01-17,2024-01-22,Kabir Mehta,Corporate,West,Beauty,Skincare Kit,2,0.0,2430.0,534.6,Express,5,2024-01,0.22
ORD-11498,2024-02-21,2024-02-24,Ananya Gupta,Consumer,South,Clothing,Jeans,2,0.05,883.5,203.2,Standard,3,2024-02,0.23
ORD-11499,2024-11-01,2024-11-05,Ishaan Iyer,Corporate,West,Groceries,Beverages,5,0.1,6484.5,259.38,Standard,4,2024-11,0.04
ORD-11500,2025-05-11,2025-05-14,Ishaan Reddy,Small Business,South,Groceries,Cooking Oil,4,0.05,5456.8,327.41,Standard,3,2025-05,0.06
ORD-11501,2024-02-08,2024-02-10,Neha Kapoor,Corporate,West,Clothing,Jeans,1,0.15,522.75,99.32,Same Day,2,2024-02,0.19
ORD-11502,2024-12-20,2024-12-21,Saanvi Malhotra,Consumer,South,Clothing,Jeans,4,0.0,5592.0,1398.0,Express,1,2024-12,0.25
ORD-11503,2024-01-31,2024-02-04,Tanvi Singh,Corporate,North,Electronics,Smartphone,1,0.1,31117.5,2489.4,Express,4,2024-01,0.08
ORD-11504,2025-03-03,2025-03-04,Ishaan Nair,Corporate,West,Clothing,Sneakers,4,0.0,13718.0,3155.14,Standard,1,2025-03,0.23
ORD-11505,2025-11-15,2025-11-18,Zara Sharma,Corporate,South,Beauty,Hair Dryer,4,0.0,860.0,189.2,Standard,3,2025-11,0.22
ORD-11506,2024-11-21,2024-11-25,Sneha Mehta,Consumer,West,Clothing,T-Shirt,5,0.15,5720.5,1086.9,Same Day,4,2024-11,0.19
ORD-11507,2025-12-29,2026-01-02,Saanvi Reddy,Consumer,Central,Groceries,Rice Pack,1,0.1,1015.2,40.61,Same Day,4,2025-12,0.04
ORD-11508,2024-05-26,2024-05-31,Sneha Sharma,Consumer,East,Beauty,Perfume,4,0.15,6721.8,1075.49,Standard,5,2024-05,0.16
ORD-11509,2025-07-22,2025-07-27,Neha Khan,Consumer,North,Electronics,Smartwatch,2,0.0,81730.0,9807.6,Standard,5,2025-07,0.12
ORD-11510,2025-04-13,2025-04-17,Meera Iyer,Consumer,Central,Beauty,Perfume,5,0.0,2905.0,639.1,Express,4,2025-04,0.22
ORD-11511,2025-06-15,2025-06-19,Neha Verma,Corporate,Central,Groceries,Beverages,1,0.0,103.0,8.24,Express,4,2025-06,0.08
ORD-11512,2024-09-16,2024-09-18,Aditya Malhotra,Consumer,East,Electronics,Headphones,5,0.2,146108.0,5844.32,Standard,2,2024-09,0.04
ORD-11513,2025-09-23,2025-09-29,Vivaan Joshi,Corporate,North,Groceries,Dairy Pack,2,0.05,699.2,41.95,Standard,6,2025-09,0.06
ORD-11514,2025-09-03,2025-09-08,Ananya Kapoor,Small Business,East,Groceries,Rice Pack,5,0.1,796.5,31.86,Standard,5,2025-09,0.04
ORD-11515,2024-03-08,2024-03-12,Ananya Mehta,Consumer,Central,Groceries,Snacks Combo,1,0.15,325.55,6.51,Same Day,4,2024-03,0.02
ORD-11516,2024-06-23,2024-06-28,Aditya Patel,Consumer,West,Furniture,Office Chair,1,0.05,14205.35,2272.86,Standard,5,2024-06,0.16
ORD-11517,2025-12-20,2025-12-23,Ishaan Nair,Consumer,North,Furniture,Office Chair,1,0.2,13634.4,1363.44,Standard,3,2025-12,0.1
ORD-11518,2025-10-04,2025-10-05,Priya Reddy,Corporate,Central,Furniture,Sofa,4,0.0,25028.0,4505.04,Express,1,2025-10,0.18
ORD-11519,2024-02-21,2024-02-26,Arjun Reddy,Consumer,South,Groceries,Rice Pack,2,0.05,2158.4,129.5,Express,5,2024-02,0.06
ORD-11520,2024-08-01,2024-08-05,Vivaan Sharma,Small Business,North,Beauty,Skincare Kit,2,0.0,5216.0,1147.52,Express,4,2024-08,0.22
ORD-11521,2024-02-21,2024-02-24,Aditya Rao,Consumer,Central,Groceries,Beverages,5,0.15,3476.5,69.53,Standard,3,2024-02,0.02
ORD-11522,2025-04-04,2025-04-09,Kabir Gupta,Consumer,Central,Beauty,Perfume,5,0.05,3909.25,781.85,Same Day,5,2025-04,0.2
ORD-11523,2024-04-07,2024-04-14,Vivaan Rao,Consumer,West,Beauty,Perfume,3,0.2,1024.8,143.47,Standard,7,2024-04,0.14
ORD-11524,2025-03-16,2025-03-17,Ishaan Rao,Consumer,East,Groceries,Snacks Combo,2,0.2,1755.2,-0.0,Standard,1,2025-03,-0.0
ORD-11525,2025-12-07,2025-12-11,Ananya Khan,Consumer,East,Furniture,Bed Frame,3,0.05,27100.65,4336.1,Standard,4,2025-12,0.16
ORD-11526,2024-09-19,2024-09-26,Saanvi Kapoor,Small Business,East,Electronics,Tablet,3,0.15,131651.4,7899.08,Standard,7,2024-09,0.06
ORD-11527,2024-12-15,2024-12-17,Aditya Verma,Consumer,Central,Groceries,Cooking Oil,2,0.25,534.0,-10.68,Same Day,2,2024-12,-0.02
ORD-11528,2024-09-11,2024-09-17,Rahul Iyer,Small Business,South,Electronics,Headphones,5,0.05,97683.75,9768.38,Express,6,2024-09,0.1
ORD-11529,2025-05-15,2025-05-19,Kabir Sharma,Consumer,South,Groceries,Dairy Pack,5,0.15,5584.5,111.69,Standard,4,2025-05,0.02
ORD-11530,2025-08-25,2025-08-27,Aditya Sharma,Consumer,North,Electronics,Smartphone,1,0.0,58093.0,6971.16,Standard,2,2025-08,0.12
ORD-11531,2025-07-29,2025-07-30,Meera Gupta,Corporate,West,Clothing,Sneakers,5,0.2,9104.0,1547.68,Express,1,2025-07,0.17
ORD-11532,2024-05-13,2024-05-18,Kavya Khan,Consumer,West,Electronics,Headphones,4,0.1,152366.4,12189.31,Same Day,5,2024-05,0.08
ORD-11533,2025-01-08,2025-01-14,Rahul Rao,Consumer,North,Beauty,Skincare Kit,4,0.0,3168.0,696.96,Standard,6,2025-01,0.22
ORD-11534,2025-11-19,2025-11-21,Kavya Gupta,Corporate,South,Groceries,Rice Pack,1,0.0,1415.0,113.2,Express,2,2025-11,0.08
ORD-11535,2024-12-09,2024-12-14,Arjun Rao,Consumer,North,Beauty,Skincare Kit,5,0.1,9558.0,1720.44,Express,5,2024-12,0.18
ORD-11536,2024-03-08,2024-03-11,Kabir Patel,Consumer,North,Beauty,Trimmer,4,0.15,5861.6,937.86,Express,3,2024-03,0.16
ORD-11537,2025-11-12,2025-11-18,Arjun Khan,Consumer,Central,Clothing,T-Shirt,4,0.15,7068.6,1343.03,Standard,6,2025-11,0.19
ORD-11538,2025-06-13,2025-06-15,Vihaan Malhotra,Small Business,South,Beauty,Perfume,2,0.0,4340.0,954.8,Same Day,2,2025-06,0.22
ORD-11539,2024-05-31,2024-06-06,Neha Khan,Consumer,South,Clothing,Formal Shirt,4,0.2,2982.4,507.01,Standard,6,2024-05,0.17
ORD-11540,2025-01-19,2025-01-20,Om Sharma,Consumer,East,Groceries,Snacks Combo,2,0.0,1240.0,99.2,Express,1,2025-01,0.08
ORD-11541,2024-10-07,2024-10-12,Priya Reddy,Consumer,North,Groceries,Rice Pack,2,0.0,1062.0,84.96,Standard,5,2024-10,0.08
ORD-11542,2025-12-21,2025-12-23,Priya Gupta,Consumer,North,Beauty,Hair Dryer,4,0.0,7276.0,1600.72,Standard,2,2025-12,0.22
ORD-11543,2024-02-06,2024-02-09,Zara Reddy,Consumer,North,Clothing,Sneakers,2,0.0,1222.0,305.5,Express,3,2024-02,0.25
ORD-11544,2025-06-12,2025-06-15,Kavya Mehta,Consumer,North,Furniture,Office Chair,2,0.0,4142.0,745.56,Express,3,2025-06,0.18
ORD-11545,2025-08-05,2025-08-07,Ishaan Singh,Corporate,East,Furniture,Bed Frame,2,0.0,46370.0,8346.6,Standard,2,2025-08,0.18
ORD-11546,2025-08-29,2025-09-02,Aarav Singh,Small Business,North,Furniture,Sofa,2,0.2,9500.8,950.08,Standard,4,2025-08,0.1
ORD-11547,2025-04-07,2025-04-09,Rahul Mehta,Consumer,North,Beauty,Perfume,5,0.05,14235.75,2847.15,Standard,2,2025-04,0.2
ORD-11548,2024-08-30,2024-09-06,Kabir Verma,Corporate,North,Furniture,Bookshelf,3,0.1,59367.6,8311.46,Standard,7,2024-08,0.14
ORD-11549,2024-07-02,2024-07-07,Vivaan Iyer,Consumer,West,Groceries,Cooking Oil,3,0.0,3003.0,240.24,Standard,5,2024-07,0.08
ORD-11550,2024-10-10,2024-10-16,Meera Rao,Corporate,Central,Groceries,Snacks Combo,2,0.25,1285.5,-25.71,Standard,6,2024-10,-0.02
ORD-11551,2025-06-15,2025-06-16,Ishaan Rao,Consumer,North,Furniture,Study Table,5,0.0,41170.0,7410.6,Standard,1,2025-06,0.18
ORD-11552,2024-12-06,2024-12-10,Meera Reddy,Consumer,West,Groceries,Rice Pack,3,0.0,1581.0,126.48,Standard,4,2024-12,0.08
ORD-11553,2025-02-15,2025-02-18,Arjun Reddy,Small Business,North,Groceries,Cooking Oil,5,0.0,6915.0,553.2,Standard,3,2025-02,0.08
ORD-11554,2024-01-29,2024-02-03,Aditya Kapoor,Corporate,North,Beauty,Makeup Kit,1,0.0,1471.0,323.62,Standard,5,2024-01,0.22
ORD-11555,2025-02-19,2025-02-23,Om Khan,Consumer,North,Beauty,Trimmer,4,0.1,8222.4,1480.03,Standard,4,2025-02,0.18
ORD-11556,2024-01-18,2024-01-21,Rahul Kapoor,Consumer,East,Beauty,Hair Dryer,4,0.0,7764.0,1708.08,Standard,3,2024-01,0.22
ORD-11557,2025-12-02,2025-12-04,Rohan Sharma,Corporate,North,Clothing,Jacket,5,0.1,10782.0,2264.22,Standard,2,2025-12,0.21
ORD-11558,2025-12-24,2025-12-28,Kavya Malhotra,Small Business,East,Beauty,Skincare Kit,5,0.0,14940.0,3286.8,Express,4,2025-12,0.22
ORD-11559,2025-04-09,2025-04-12,Ishaan Joshi,Consumer,North,Furniture,Sofa,5,0.05,38641.25,6182.6,Standard,3,2025-04,0.16
ORD-11560,2024-12-20,2024-12-27,Saanvi Joshi,Consumer,Central,Furniture,Sofa,2,0.0,31544.0,5677.92,Express,7,2024-12,0.18
ORD-11561,2025-04-06,2025-04-08,Aarav Kapoor,Small Business,North,Furniture,Bed Frame,4,0.0,48956.0,8812.08,Standard,2,2025-04,0.18
ORD-11562,2024-01-16,2024-01-21,Sneha Verma,Corporate,North,Beauty,Makeup Kit,4,0.1,9309.6,1675.73,Standard,5,2024-01,0.18
ORD-11563,2024-03-15,2024-03-21,Saanvi Mehta,Consumer,East,Groceries,Cooking Oil,4,0.05,1881.0,112.86,Standard,6,2024-03,0.06
ORD-11564,2024-03-30,2024-04-04,Diya Singh,Consumer,Central,Furniture,Bed Frame,1,0.15,14959.15,1795.1,Same Day,5,2024-03,0.12
ORD-11565,2025-04-11,2025-04-14,Saanvi Nair,Small Business,East,Beauty,Perfume,3,0.1,4371.3,786.83,Express,3,2025-04,0.18
ORD-11566,2024-04-12,2024-04-18,Zara Malhotra,Consumer,West,Groceries,Cooking Oil,3,0.1,1344.6,53.78,Express,6,2024-04,0.04
ORD-11567,2024-08-27,2024-08-30,Priya Gupta,Consumer,North,Beauty,Hair Dryer,3,0.1,6264.0,1127.52,Express,3,2024-08,0.18
ORD-11568,2024-10-06,2024-10-07,Zara Patel,Consumer,East,Electronics,Laptop,4,0.1,135187.2,10814.98,Express,1,2024-10,0.08
ORD-11569,2025-06-03,2025-06-10,Vivaan Patel,Consumer,East,Clothing,Jacket,5,0.15,16205.25,3079.0,Express,7,2025-06,0.19
ORD-11570,2025-06-09,2025-06-11,Ananya Iyer,Consumer,North,Beauty,Trimmer,5,0.05,12359.5,2471.9,Express,2,2025-06,0.2
ORD-11571,2025-11-17,2025-11-23,Meera Kapoor,Small Business,East,Groceries,Snacks Combo,3,0.0,3501.0,280.08,Standard,6,2025-11,0.08
ORD-11572,2025-02-28,2025-03-06,Rohan Khan,Consumer,North,Electronics,Laptop,2,0.15,57711.6,3462.7,Standard,6,2025-02,0.06
ORD-11573,2024-07-22,2024-07-29,Vihaan Khan,Small Business,North,Furniture,Office Chair,4,0.25,25413.0,2033.04,Same Day,7,2024-07,0.08
ORD-11574,2024-10-31,2024-11-06,Saanvi Singh,Consumer,West,Furniture,Sofa,4,0.1,15872.4,2222.14,Standard,6,2024-10,0.14
ORD-11575,2024-09-09,2024-09-15,Vihaan Reddy,Small Business,North,Furniture,Office Chair,1,0.05,9106.7,1457.07,Express,6,2024-09,0.16
ORD-11576,2024-08-15,2024-08-17,Tanvi Chatterjee,Small Business,East,Clothing,Sneakers,3,0.0,10038.0,2509.5,Standard,2,2024-08,0.25
ORD-11577,2024-08-27,2024-08-29,Vihaan Khan,Small Business,West,Groceries,Snacks Combo,4,0.0,2640.0,211.2,Express,2,2024-08,0.08
ORD-11578,2025-07-12,2025-07-17,Aarav Malhotra,Corporate,West,Electronics,Laptop,3,0.0,58362.0,7003.44,Same Day,5,2025-07,0.12
ORD-11579,2024-11-22,2024-11-29,Meera Patel,Corporate,East,Electronics,Smartwatch,3,0.0,17682.0,2121.84,Same Day,7,2024-11,0.12
ORD-11580,2024-10-28,2024-10-30,Ishaan Das,Consumer,North,Clothing,Formal Shirt,2,0.15,5839.5,1109.51,Standard,2,2024-10,0.19
ORD-11581,2024-09-19,2024-09-20,Neha Singh,Corporate,West,Beauty,Perfume,5,0.0,5070.0,1115.4,Standard,1,2024-09,0.22
ORD-11582,2025-10-18,2025-10-25,Vivaan Reddy,Corporate,East,Beauty,Skincare Kit,5,0.1,11754.0,2115.72,Same Day,7,2025-10,0.18
ORD-11583,2024-12-12,2024-12-17,Vivaan Gupta,Corporate,South,Groceries,Dairy Pack,1,0.2,1180.8,0.0,Express,5,2024-12,0.0
ORD-11584,2024-05-11,2024-05-13,Aditya Joshi,Consumer,North,Groceries,Snacks Combo,5,0.0,1040.0,83.2,Standard,2,2024-05,0.08
ORD-11585,2024-01-08,2024-01-12,Rohan Nair,Consumer,East,Furniture,Study Table,4,0.1,13176.0,1844.64,Standard,4,2024-01,0.14
ORD-11586,2025-04-11,2025-04-15,Rohan Rao,Consumer,West,Electronics,Smartphone,4,0.0,166232.0,19947.84,Standard,4,2025-04,0.12
ORD-11587,2024-02-27,2024-03-03,Om Verma,Corporate,South,Beauty,Makeup Kit,1,0.2,2283.2,319.65,Standard,5,2024-02,0.14
ORD-11588,2024-07-21,2024-07-27,Arjun Joshi,Consumer,East,Beauty,Hair Dryer,4,0.25,624.0,74.88,Standard,6,2024-07,0.12
ORD-11589,2025-03-11,2025-03-17,Neha Kapoor,Corporate,Central,Furniture,Sofa,2,0.05,35712.4,5713.98,Standard,6,2025-03,0.16
ORD-11590,2025-02-15,2025-02-17,Vivaan Reddy,Consumer,South,Electronics,Smartphone,4,0.1,17359.2,1388.74,Standard,2,2025-02,0.08
ORD-11591,2024-04-25,2024-04-28,Diya Rao,Consumer,South,Clothing,Sneakers,3,0.05,7355.85,1691.85,Standard,3,2024-04,0.23
ORD-11592,2024-12-13,2024-12-16,Saanvi Iyer,Consumer,South,Furniture,Study Table,1,0.1,16259.4,2276.32,Standard,3,2024-12,0.14
ORD-11593,2025-12-06,2025-12-13,Priya Rao,Corporate,West,Clothing,Sneakers,2,0.0,6128.0,1532.0,Same Day,7,2025-12,0.25
ORD-11594,2025-09-02,2025-09-04,Zara Sharma,Consumer,South,Beauty,Makeup Kit,2,0.25,3219.0,386.28,Standard,2,2025-09,0.12
ORD-11595,2025-12-30,2026-01-06,Vihaan Nair,Consumer,South,Furniture,Bed Frame,3,0.1,13041.0,1825.74,Express,7,2025-12,0.14
ORD-11596,2024-11-07,2024-11-14,Vivaan Gupta,Corporate,North,Furniture,Office Chair,4,0.0,46092.0,8296.56,Express,7,2024-11,0.18
ORD-11597,2024-01-17,2024-01-22,Vihaan Kapoor,Corporate,North,Groceries,Dairy Pack,4,0.1,4813.2,192.53,Standard,5,2024-01,0.04
ORD-11598,2024-11-26,2024-11-27,Neha Malhotra,Consumer,North,Beauty,Hair Dryer,3,0.0,1740.0,382.8,Standard,1,2024-11,0.22
ORD-11599,2025-01-30,2025-02-05,Kabir Das,Consumer,West,Clothing,Jacket,2,0.0,1070.0,267.5,Express,6,2025-01,0.25
ORD-11600,2025-10-05,2025-10-10,Vivaan Gupta,Consumer,North,Beauty,Makeup Kit,2,0.05,3729.7,745.94,Standard,5,2025-10,0.2
ORD-11601,2025-01-22,2025-01-24,Kavya Khan,Corporate,West,Clothing,Jeans,5,0.1,9702.0,2037.42,Standard,2,2025-01,0.21
ORD-11602,2024-06-08,2024-06-10,Zara Khan,Consumer,South,Furniture,Office Chair,3,0.0,20976.0,3775.68,Express,2,2024-06,0.18
ORD-11603,2025-02-21,2025-02-24,Zara Mehta,Consumer,North,Beauty,Hair Dryer,5,0.1,8856.0,1594.08,Standard,3,2025-02,0.18
ORD-11604,2025-07-21,2025-07-26,Rahul Kapoor,Small Business,East,Electronics,Tablet,3,0.0,18702.0,2244.24,Standard,5,2025-07,0.12
ORD-11605,2025-02-27,2025-02-28,Ishaan Reddy,Consumer,South,Beauty,Perfume,4,0.15,1251.2,200.19,Express,1,2025-02,0.16
ORD-11606,2025-09-23,2025-09-28,Priya Mehta,Consumer,East,Groceries,Cooking Oil,1,0.25,1055.25,-21.11,Standard,5,2025-09,-0.02
ORD-11607,2024-05-01,2024-05-07,Rahul Malhotra,Consumer,Central,Furniture,Office Chair,5,0.2,41548.0,4154.8,Express,6,2024-05,0.1
ORD-11608,2025-01-29,2025-02-04,Meera Chatterjee,Consumer,Central,Clothing,Jeans,3,0.15,7030.35,1335.77,Standard,6,2025-01,0.19
ORD-11609,2024-01-26,2024-01-31,Kavya Khan,Corporate,West,Groceries,Rice Pack,2,0.15,1167.9,23.36,Standard,5,2024-01,0.02
ORD-11610,2025-10-10,2025-10-15,Arjun Chatterjee,Consumer,North,Furniture,Bookshelf,1,0.1,7251.3,1015.18,Standard,5,2025-10,0.14
ORD-11611,2025-05-21,2025-05-24,Vihaan Singh,Corporate,West,Clothing,Sneakers,1,0.2,3189.6,542.23,Standard,3,2025-05,0.17
ORD-11612,2025-02-17,2025-02-19,Sneha Malhotra,Consumer,East,Clothing,Jeans,1,0.05,1023.15,235.32,Standard,2,2025-02,0.23
ORD-11613,2025-06-13,2025-06-17,Kavya Chatterjee,Consumer,South,Beauty,Makeup Kit,2,0.0,1436.0,315.92,Standard,4,2025-06,0.22
ORD-11614,2024-11-04,2024-11-08,Arjun Singh,Consumer,East,Furniture,Office Chair,4,0.15,44808.6,5377.03,Standard,4,2024-11,0.12
ORD-11615,2024-10-17,2024-10-22,Meera Reddy,Small Business,West,Electronics,Smartwatch,5,0.05,166972.0,16697.2,Express,5,2024-10,0.1
ORD-11616,2024-10-07,2024-10-10,Rohan Khan,Corporate,East,Electronics,Tablet,1,0.05,15704.45,1570.45,Standard,3,2024-10,0.1
ORD-11617,2024-07-12,2024-07-17,Kabir Gupta,Small Business,Central,Electronics,Tablet,2,0.15,77190.2,4631.41,Standard,5,2024-07,0.06
ORD-11618,2025-02-16,2025-02-17,Vihaan Malhotra,Corporate,North,Furniture,Study Table,3,0.0,41343.0,7441.74,Standard,1,2025-02,0.18
ORD-11619,2024-03-21,2024-03-25,Aditya Patel,Small Business,North,Clothing,Sneakers,3,0.1,10786.5,2265.16,Standard,4,2024-03,0.21
ORD-11620,2025-06-28,2025-07-04,Diya Reddy,Small Business,Central,Electronics,Headphones,1,0.0,50413.0,6049.56,Standard,6,2025-06,0.12
ORD-11621,2025-05-18,2025-05-21,Ishaan Khan,Small Business,West,Clothing,Jeans,4,0.2,5347.2,909.02,Standard,3,2025-05,0.17
ORD-11622,2025-03-27,2025-04-01,Kabir Mehta,Corporate,South,Clothing,T-Shirt,3,0.0,11181.0,2795.25,Express,5,2025-03,0.25
ORD-11623,2024-11-18,2024-11-20,Rahul Kapoor,Consumer,South,Beauty,Skincare Kit,1,0.0,2137.0,470.14,Standard,2,2024-11,0.22
ORD-11624,2025-07-20,2025-07-23,Sneha Mehta,Consumer,Central,Clothing,Jacket,4,0.1,2044.8,429.41,Same Day,3,2025-07,0.21
ORD-11625,2024-11-12,2024-11-15,Vihaan Kapoor,Consumer,South,Furniture,Study Table,2,0.1,11347.2,1588.61,Standard,3,2024-11,0.14
ORD-11626,2024-09-28,2024-09-30,Vihaan Singh,Consumer,Central,Groceries,Snacks Combo,3,0.0,1290.0,103.2,Express,2,2024-09,0.08
ORD-11627,2025-04-10,2025-04-17,Tanvi Singh,Consumer,Central,Furniture,Sofa,4,0.15,10655.6,1278.67,Standard,7,2025-04,0.12
ORD-11628,2024-03-02,2024-03-07,Ananya Gupta,Consumer,Central,Beauty,Makeup Kit,2,0.1,3661.2,659.02,Standard,5,2024-03,0.18
ORD-11629,2024-01-12,2024-01-15,Priya Verma,Consumer,Central,Clothing,Jacket,5,0.0,5560.0,1390.0,Standard,3,2024-01,0.25
ORD-11630,2024-10-08,2024-10-11,Diya Rao,Consumer,Central,Furniture,Sofa,5,0.25,9416.25,753.3,Standard,3,2024-10,0.08
ORD-11631,2025-06-01,2025-06-04,Ishaan Iyer,Consumer,South,Groceries,Cooking Oil,2,0.0,1050.0,84.0,Standard,3,2025-06,0.08
ORD-11632,2025-01-11,2025-01-15,Neha Patel,Corporate,East,Beauty,Makeup Kit,3,0.1,6245.1,1124.12,Standard,4,2025-01,0.18
ORD-11633,2024-07-03,2024-07-08,Rahul Iyer,Consumer,West,Clothing,Formal Shirt,4,0.0,4564.0,1141.0,Express,5,2024-07,0.25
ORD-11634,2025-09-29,2025-10-02,Zara Das,Consumer,South,Groceries,Cooking Oil,1,0.15,1054.0,21.08,Standard,3,2025-09,0.02
ORD-11635,2024-11-09,2024-11-10,Ananya Mehta,Consumer,East,Groceries,Cooking Oil,1,0.1,204.3,8.17,Express,1,2024-11,0.04
ORD-11636,2024-05-20,2024-05-24,Tanvi Joshi,Small Business,North,Electronics,Headphones,1,0.0,58282.0,6993.84,Express,4,2024-05,0.12
ORD-11637,2024-02-14,2024-02-19,Vivaan Iyer,Consumer,South,Clothing,T-Shirt,5,0.0,11945.0,2986.25,Standard,5,2024-02,0.25
ORD-11638,2024-03-03,2024-03-04,Rahul Chatterjee,Consumer,South,Clothing,Jeans,1,0.1,1107.9,232.66,Standard,1,2024-03,0.21
ORD-11639,2024-06-17,2024-06-20,Rahul Chatterjee,Consumer,Central,Clothing,Jeans,2,0.1,4363.2,916.27,Standard,3,2024-06,0.21
ORD-11640,2025-03-04,2025-03-10,Ananya Gupta,Corporate,North,Furniture,Office Chair,1,0.05,2739.8,438.37,Standard,6,2025-03,0.16
ORD-11641,2025-12-21,2025-12-25,Zara Verma,Consumer,South,Beauty,Perfume,5,0.1,3195.0,575.1,Same Day,4,2025-12,0.18
ORD-11642,2025-07-02,2025-07-07,Aditya Joshi,Consumer,North,Electronics,Smartwatch,3,0.0,124836.0,14980.32,Standard,5,2025-07,0.12
ORD-11643,2025-04-05,2025-04-08,Zara Kapoor,Consumer,East,Electronics,Smartphone,2,0.0,13928.0,1671.36,Express,3,2025-04,0.12
ORD-11644,2025-08-18,2025-08-22,Kavya Khan,Corporate,South,Groceries,Snacks Combo,2,0.15,2237.2,44.74,Standard,4,2025-08,0.02
ORD-11645,2024-05-05,2024-05-06,Sneha Kapoor,Consumer,East,Groceries,Rice Pack,5,0.0,7030.0,562.4,Express,1,2024-05,0.08
ORD-11646,2024-02-12,2024-02-14,Arjun Gupta,Small Business,Central,Groceries,Rice Pack,5,0.05,1149.5,68.97,Express,2,2024-02,0.06
ORD-11647,2024-03-13,2024-03-15,Kabir Gupta,Small Business,Central,Beauty,Perfume,4,0.0,6644.0,1461.68,Express,2,2024-03,0.22
ORD-11648,2025-05-12,2025-05-16,Saanvi Singh,Consumer,South,Clothing,Sneakers,1,0.2,1613.6,274.31,Same Day,4,2025-05,0.17
ORD-11649,2025-10-12,2025-10-17,Ishaan Malhotra,Corporate,South,Groceries,Snacks Combo,2,0.2,1523.2,-0.0,Standard,5,2025-10,-0.0
ORD-11650,2024-07-31,2024-08-04,Tanvi Das,Consumer,South,Clothing,Jeans,5,0.0,4840.0,1210.0,Express,4,2024-07,0.25
ORD-11651,2025-03-13,2025-03-20,Aditya Singh,Consumer,East,Clothing,Jeans,2,0.15,1582.7,300.71,Express,7,2025-03,0.19
ORD-11652,2024-12-22,2024-12-29,Kavya Das,Small Business,West,Electronics,Smartwatch,3,0.15,148387.05,8903.22,Standard,7,2024-12,0.06
ORD-11653,2025-05-10,2025-05-13,Rahul Gupta,Consumer,West,Groceries,Snacks Combo,3,0.2,1833.6,-0.0,Standard,3,2025-05,-0.0
ORD-11654,2025-06-02,2025-06-04,Aditya Verma,Small Business,North,Groceries,Snacks Combo,4,0.0,1652.0,132.16,Standard,2,2025-06,0.08
ORD-11655,2024-01-24,2024-01-28,Rahul Das,Consumer,North,Electronics,Headphones,1,0.15,10247.6,614.86,Express,4,2024-01,0.06
ORD-11656,2025-11-15,2025-11-19,Kabir Reddy,Consumer,East,Groceries,Rice Pack,2,0.1,217.8,8.71,Standard,4,2025-11,0.04
ORD-11657,2025-08-23,2025-08-27,Rahul Joshi,Consumer,East,Groceries,Beverages,5,0.0,7495.0,599.6,Express,4,2025-08,0.08
ORD-11658,2024-03-30,2024-04-05,Rahul Das,Consumer,North,Electronics,Headphones,5,0.0,30950.0,3714.0,Express,6,2024-03,0.12
ORD-11659,2025-09-30,2025-10-05,Tanvi Kapoor,Corporate,Central,Furniture,Study Table,3,0.0,28464.0,5123.52,Standard,5,2025-09,0.18
ORD-11660,2025-09-28,2025-10-01,Priya Reddy,Consumer,South,Groceries,Snacks Combo,4,0.15,1254.6,25.09,Express,3,2025-09,0.02
ORD-11661,2025-05-21,2025-05-28,Vihaan Reddy,Consumer,Central,Groceries,Snacks Combo,4,0.1,3423.6,136.94,Same Day,7,2025-05,0.04
ORD-11662,2024-05-25,2024-05-30,Aarav Mehta,Consumer,West,Groceries,Beverages,1,0.1,1255.5,50.22,Standard,5,2024-05,0.04
ORD-11663,2025-07-23,2025-07-29,Arjun Patel,Small Business,East,Groceries,Snacks Combo,1,0.0,259.0,20.72,Express,6,2025-07,0.08
ORD-11664,2024-10-27,2024-10-30,Sneha Nair,Corporate,North,Furniture,Office Chair,1,0.0,24670.0,4440.6,Standard,3,2024-10,0.18
ORD-11665,2025-11-20,2025-11-21,Tanvi Kapoor,Small Business,Central,Electronics,Laptop,5,0.0,152650.0,18318.0,Standard,1,2025-11,0.12
ORD-11666,2025-08-25,2025-08-29,Kabir Das,Consumer,Central,Beauty,Makeup Kit,4,0.0,3912.0,860.64,Standard,4,2025-08,0.22
ORD-11667,2024-08-14,2024-08-21,Ananya Nair,Small Business,South,Clothing,T-Shirt,5,0.1,9234.0,1939.14,Standard,7,2024-08,0.21
ORD-11668,2024-10-26,2024-10-29,Priya Patel,Corporate,East,Groceries,Beverages,4,0.15,2329.0,46.58,Standard,3,2024-10,0.02
ORD-11669,2024-07-30,2024-08-05,Arjun Rao,Consumer,West,Groceries,Beverages,5,0.0,5035.0,402.8,Standard,6,2024-07,0.08
ORD-11670,2025-06-11,2025-06-12,Tanvi Reddy,Small Business,Central,Furniture,Sofa,3,0.0,67068.0,12072.24,Standard,1,2025-06,0.18
ORD-11671,2025-10-13,2025-10-19,Zara Verma,Small Business,North,Furniture,Bed Frame,3,0.1,25415.1,3558.11,Standard,6,2025-10,0.14
ORD-11672,2025-03-31,2025-04-06,Ananya Gupta,Consumer,North,Clothing,T-Shirt,5,0.0,6895.0,1723.75,Standard,6,2025-03,0.25
ORD-11673,2025-06-13,2025-06-17,Vihaan Verma,Corporate,West,Electronics,Smartphone,2,0.25,46102.5,922.05,Express,4,2025-06,0.02
ORD-11674,2025-04-17,2025-04-20,Sneha Chatterjee,Consumer,North,Groceries,Dairy Pack,5,0.2,2708.0,0.0,Express,3,2025-04,0.0
ORD-11675,2025-12-02,2025-12-07,Tanvi Sharma,Corporate,East,Electronics,Smartwatch,4,0.05,43187.0,4318.7,Standard,5,2025-12,0.1
ORD-11676,2024-11-25,2024-11-30,Rohan Joshi,Small Business,West,Furniture,Bookshelf,4,0.0,42280.0,7610.4,Same Day,5,2024-11,0.18
ORD-11677,2024-06-20,2024-06-22,Neha Joshi,Consumer,North,Beauty,Hair Dryer,4,0.1,9964.8,1793.66,Same Day,2,2024-06,0.18
ORD-11678,2024-10-30,2024-11-01,Zara Joshi,Corporate,West,Furniture,Study Table,1,0.1,2549.7,356.96,Standard,2,2024-10,0.14
ORD-11679,2025-10-03,2025-10-10,Kabir Rao,Corporate,North,Groceries,Rice Pack,3,0.25,2805.75,-56.11,Same Day,7,2025-10,-0.02
ORD-11680,2025-03-31,2025-04-06,Vivaan Patel,Consumer,West,Groceries,Cooking Oil,4,0.0,1420.0,113.6,Standard,6,2025-03,0.08
ORD-11681,2024-06-26,2024-07-02,Zara Das,Consumer,West,Beauty,Hair Dryer,1,0.0,2248.0,494.56,Standard,6,2024-06,0.22
ORD-11682,2025-10-16,2025-10-22,Sneha Singh,Consumer,North,Electronics,Laptop,4,0.05,115645.4,11564.54,Standard,6,2025-10,0.1
ORD-11683,2025-08-29,2025-09-02,Ananya Sharma,Corporate,North,Furniture,Sofa,3,0.0,52374.0,9427.32,Standard,4,2025-08,0.18
ORD-11684,2025-03-20,2025-03-27,Aditya Verma,Consumer,South,Electronics,Smartwatch,5,0.0,13945.0,1220.2912506397058,Express,7,2025-03,0.088
ORD-11685,2025-04-19,2025-04-21,Om Singh,Consumer,North,Electronics,Smartphone,3,0.05,42670.2,4267.02,Standard,2,2025-04,0.1
ORD-11686,2025-04-29,2025-05-06,Zara Patel,Small Business,North,Groceries,Rice Pack,3,0.0,3780.0,302.4,Express,7,2025-04,0.08
ORD-11687,2024-10-19,2024-10-25,Diya Das,Consumer,East,Furniture,Study Table,1,0.0,8221.0,1479.78,Standard,6,2024-10,0.18
ORD-11688,2024-02-28,2024-03-01,Aditya Mehta,Corporate,South,Electronics,Smartwatch,1,0.2,44482.4,1779.3,Standard,2,2024-02,0.04
ORD-11689,2025-02-06,2025-02-09,Saanvi Khan,Consumer,North,Electronics,Headphones,1,0.05,18909.75,1890.98,Standard,3,2025-02,0.1
ORD-11690,2025-10-23,2025-10-24,Zara Malhotra,Corporate,West,Furniture,Sofa,3,0.05,25422.0,4067.52,Express,1,2025-10,0.16
ORD-11691,2024-02-04,2024-02-10,Ishaan Reddy,Consumer,North,Beauty,Trimmer,4,0.0,1216.0,267.52,Same Day,6,2024-02,0.22
ORD-11692,2025-07-30,2025-08-05,Aarav Sharma,Consumer,South,Beauty,Makeup Kit,4,0.0,1608.0,353.76,Standard,6,2025-07,0.22
ORD-11693,2024-03-12,2024-03-14,Ananya Kapoor,Consumer,West,Electronics,Smartwatch,4,0.1,162990.0,13039.2,Standard,2,2024-03,0.08
ORD-11694,2024-06-28,2024-07-04,Kabir Sharma,Consumer,West,Groceries,Beverages,5,0.0,2645.0,211.6,Express,6,2024-06,0.08
ORD-11695,2024-06-22,2024-06-27,Diya Das,Corporate,North,Beauty,Hair Dryer,5,0.05,11875.0,2375.0,Standard,5,2024-06,0.2
ORD-11696,2024-12-24,2024-12-31,Aditya Nair,Corporate,Central,Groceries,Cooking Oil,2,0.0,1282.0,102.56,Standard,7,2024-12,0.08
ORD-11697,2025-11-13,2025-11-15,Ishaan Singh,Consumer,East,Groceries,Dairy Pack,4,0.1,4716.0,188.64,Standard,2,2025-11,0.04
ORD-11698,2025-12-26,2026-01-01,Om Singh,Small Business,East,Beauty,Trimmer,1,0.0,688.0,151.36,Standard,6,2025-12,0.22
ORD-11699,2024-03-05,2024-03-06,Om Reddy,Consumer,South,Beauty,Perfume,4,0.05,4681.6,936.32,Same Day,1,2024-03,0.2
ORD-11700,2024-12-18,2024-12-21,Zara Patel,Consumer,Central,Groceries,Cooking Oil,4,0.0,1868.0,149.44,Standard,3,2024-12,0.08
ORD-11701,2025-05-23,2025-05-27,Rahul Mehta,Consumer,West,Electronics,Smartwatch,5,0.1,106087.5,8487.0,Express,4,2025-05,0.08
ORD-11702,2025-02-26,2025-03-02,Diya Verma,Consumer,South,Beauty,Skincare Kit,2,0.0,2650.0,583.0,Express,4,2025-02,0.22
ORD-11703,2025-01-31,2025-02-05,Tanvi Khan,Small Business,South,Electronics,Smartwatch,1,0.1,48614.4,3889.15,Express,5,2025-01,0.08
ORD-11704,2024-03-24,2024-03-28,Vihaan Das,Small Business,South,Beauty,Hair Dryer,4,0.15,6385.2,1021.63,Standard,4,2024-03,0.16
ORD-11705,2024-11-24,2024-11-27,Vivaan Singh,Consumer,West,Electronics,Laptop,1,0.05,11482.65,1148.26,Same Day,3,2024-11,0.1
ORD-11706,2024-05-13,2024-05-15,Sneha Sharma,Corporate,South,Beauty,Makeup Kit,1,0.25,533.25,63.99,Standard,2,2024-05,0.12
ORD-11707,2024-02-11,2024-02-18,Neha Verma,Consumer,North,Groceries,Rice Pack,4,0.05,3461.8,207.71,Express,7,2024-02,0.06
ORD-11708,2025-10-18,2025-10-21,Vivaan Iyer,Small Business,South,Electronics,Headphones,4,0.1,83404.8,6672.38,Standard,3,2025-10,0.08
ORD-11709,2025-11-02,2025-11-07,Ananya Singh,Consumer,Central,Groceries,Rice Pack,1,0.2,941.6,-0.0,Standard,5,2025-11,-0.0
ORD-11710,2025-10-01,2025-10-07,Saanvi Chatterjee,Consumer,Central,Groceries,Beverages,4,0.0,5960.0,476.8,Standard,6,2025-10,0.08
ORD-11711,2024-09-28,2024-10-05,Priya Patel,Consumer,West,Electronics,Laptop,3,0.1,158017.5,12641.4,Standard,7,2024-09,0.08
ORD-11712,2024-02-01,2024-02-02,Kabir Mehta,Consumer,South,Beauty,Hair Dryer,4,0.1,2494.8,449.06,Standard,1,2024-02,0.18
ORD-11713,2024-08-31,2024-09-06,Aditya Gupta,Small Business,Central,Beauty,Skincare Kit,3,0.0,8901.0,1958.22,Standard,6,2024-08,0.22
ORD-11714,2024-04-28,2024-05-03,Neha Khan,Corporate,West,Clothing,Jeans,3,0.25,1847.25,277.09,Standard,5,2024-04,0.15
ORD-11715,2024-09-14,2024-09-15,Aarav Nair,Small Business,Central,Electronics,Smartphone,4,0.2,61683.2,2467.33,Standard,1,2024-09,0.04
ORD-11716,2024-02-25,2024-03-03,Meera Iyer,Corporate,East,Groceries,Snacks Combo,4,0.0,836.0,66.88,Standard,7,2024-02,0.08
ORD-11717,2025-07-26,2025-08-02,Vivaan Patel,Corporate,East,Groceries,Rice Pack,4,0.05,3530.2,211.81,Standard,7,2025-07,0.06
ORD-11718,2024-04-01,2024-04-05,Kabir Malhotra,Small Business,West,Beauty,Trimmer,5,0.15,6060.5,969.68,Standard,4,2024-04,0.16
ORD-11719,2024-12-22,2024-12-25,Neha Verma,Consumer,West,Clothing,Formal Shirt,4,0.1,2502.0,525.42,Standard,3,2024-12,0.21
ORD-11720,2025-06-12,2025-06-17,Rohan Singh,Consumer,West,Groceries,Rice Pack,5,0.0,1005.0,80.4,Standard,5,2025-06,0.08
ORD-11721,2024-12-28,2024-12-29,Vivaan Reddy,Small Business,North,Beauty,Trimmer,4,0.0,9128.0,2008.16,Standard,1,2024-12,0.22
ORD-11722,2025-02-19,2025-02-20,Kabir Gupta,Consumer,North,Furniture,Sofa,5,0.15,9260.75,1111.29,Same Day,1,2025-02,0.12
ORD-11723,2024-10-20,2024-10-27,Meera Sharma,Consumer,East,Furniture,Bed Frame,5,0.0,32035.0,5766.3,Standard,7,2024-10,0.18
ORD-11724,2024-06-01,2024-06-06,Meera Patel,Consumer,North,Groceries,Dairy Pack,5,0.0,7340.0,587.2,Standard,5,2024-06,0.08
ORD-11725,2025-10-09,2025-10-10,Om Mehta,Small Business,North,Beauty,Skincare Kit,3,0.1,3574.8,643.46,Express,1,2025-10,0.18
ORD-11726,2024-07-25,2024-07-30,Arjun Mehta,Corporate,West,Beauty,Trimmer,4,0.0,10836.0,2383.92,Standard,5,2024-07,0.22
ORD-11727,2025-05-28,2025-06-01,Diya Mehta,Corporate,East,Furniture,Bookshelf,2,0.25,29821.5,2385.72,Standard,4,2025-05,0.08
ORD-11728,2024-05-12,2024-05-19,Kabir Rao,Corporate,West,Electronics,Smartwatch,5,0.0,50125.0,6015.0,Standard,7,2024-05,0.12
ORD-11729,2025-09-29,2025-10-02,Diya Rao,Consumer,North,Groceries,Cooking Oil,4,0.1,3103.2,124.13,Express,3,2025-09,0.04
ORD-11730,2024-11-22,2024-11-27,Vihaan Iyer,Corporate,East,Clothing,Jeans,2,0.0,5838.0,1459.5,Express,5,2024-11,0.25
ORD-11731,2025-01-27,2025-01-31,Ananya Iyer,Corporate,East,Clothing,Jacket,4,0.0,10072.0,2518.0,Same Day,4,2025-01,0.25
ORD-11732,2025-03-13,2025-03-14,Ananya Verma,Small Business,South,Furniture,Bookshelf,5,0.0,34450.0,6201.0,Express,1,2025-03,0.18
ORD-11733,2025-08-06,2025-08-08,Meera Kapoor,Corporate,Central,Furniture,Bed Frame,4,0.15,41803.0,5016.36,Express,2,2025-08,0.12
ORD-11734,2025-02-13,2025-02-16,Meera Rao,Small Business,South,Electronics,Headphones,5,0.0,45685.0,5482.2,Express,3,2025-02,0.12
ORD-11735,2024-10-03,2024-10-07,Priya Sharma,Corporate,Central,Clothing,T-Shirt,3,0.0,11010.0,2752.5,Standard,4,2024-10,0.25
ORD-11736,2025-07-16,2025-07-23,Zara Kapoor,Corporate,West,Electronics,Smartphone,2,0.1,8026.2,642.1,Standard,7,2025-07,0.08
ORD-11737,2024-02-10,2024-02-17,Rohan Patel,Small Business,South,Clothing,Jacket,4,0.15,8381.0,1592.39,Standard,7,2024-02,0.19
ORD-11738,2024-07-24,2024-07-29,Kavya Verma,Consumer,West,Electronics,Smartphone,4,0.1,84589.2,6767.14,Standard,5,2024-07,0.08
ORD-11739,2024-04-07,2024-04-12,Om Khan,Consumer,West,Electronics,Smartphone,1,0.0,26518.0,3182.16,Standard,5,2024-04,0.12
ORD-11740,2024-08-19,2024-08-20,Vivaan Kapoor,Consumer,Central,Furniture,Office Chair,4,0.05,76988.0,12318.08,Express,1,2024-08,0.16
ORD-11741,2024-01-12,2024-01-17,Aarav Kapoor,Corporate,East,Clothing,Jacket,3,0.1,3015.9,633.34,Standard,5,2024-01,0.21
ORD-11742,2024-11-26,2024-12-01,Neha Reddy,Consumer,South,Furniture,Sofa,3,0.0,49023.0,8824.14,Standard,5,2024-11,0.18
ORD-11743,2025-12-07,2025-12-08,Kavya Chatterjee,Small Business,West,Beauty,Hair Dryer,3,0.05,1387.95,277.59,Express,1,2025-12,0.2
ORD-11744,2024-11-26,2024-12-01,Om Iyer,Corporate,West,Clothing,Sneakers,2,0.05,1939.9,446.18,Express,5,2024-11,0.23
ORD-11745,2024-12-03,2024-12-04,Vihaan Patel,Consumer,Central,Electronics,Smartwatch,5,0.05,250733.5,25073.35,Same Day,1,2024-12,0.1
ORD-11746,2025-10-24,2025-10-28,Vihaan Rao,Corporate,North,Groceries,Cooking Oil,1,0.0,450.0,36.0,Standard,4,2025-10,0.08
ORD-11747,2024-03-08,2024-03-14,Om Das,Consumer,South,Groceries,Dairy Pack,4,0.1,1508.4,60.34,Express,6,2024-03,0.04
ORD-11748,2024-08-19,2024-08-23,Vivaan Verma,Consumer,East,Beauty,Trimmer,3,0.0,8547.0,1880.34,Express,4,2024-08,0.22
ORD-11749,2025-08-16,2025-08-22,Priya Malhotra,Corporate,North,Groceries,Cooking Oil,1,0.15,540.6,10.81,Express,6,2025-08,0.02
ORD-11750,2025-04-01,2025-04-02,Saanvi Verma,Consumer,North,Groceries,Cooking Oil,4,0.1,2797.2,111.89,Standard,1,2025-04,0.04
ORD-11751,2024-08-25,2024-08-30,Kabir Malhotra,Consumer,Central,Electronics,Headphones,2,0.0,106412.0,12769.44,Same Day,5,2024-08,0.12
ORD-11752,2024-08-08,2024-08-13,Arjun Sharma,Corporate,West,Beauty,Trimmer,5,0.2,10068.0,1409.52,Express,5,2024-08,0.14
ORD-11753,2025-07-06,2025-07-13,Aditya Das,Corporate,North,Groceries,Rice Pack,5,0.05,6355.5,381.33,Standard,7,2025-07,0.06
ORD-11754,2024-05-20,2024-05-21,Rohan Khan,Consumer,South,Groceries,Dairy Pack,3,0.05,4257.9,255.47,Standard,1,2024-05,0.06
ORD-11755,2024-12-10,2024-12-16,Kavya Rao,Consumer,South,Beauty,Trimmer,2,0.05,3439.0,687.8,Standard,6,2024-12,0.2
ORD-11756,2025-02-02,2025-02-06,Vivaan Malhotra,Consumer,East,Beauty,Hair Dryer,5,0.1,900.0,162.0,Same Day,4,2025-02,0.18
ORD-11757,2024-07-10,2024-07-15,Saanvi Verma,Small Business,South,Clothing,Jeans,3,0.25,6194.25,929.14,Express,5,2024-07,0.15
ORD-11758,2025-04-18,2025-04-20,Diya Chatterjee,Consumer,West,Electronics,Smartwatch,1,0.2,33356.8,1334.27,Express,2,2025-04,0.04
ORD-11759,2024-06-24,2024-06-30,Meera Iyer,Consumer,Central,Groceries,Cooking Oil,5,0.0,5545.0,443.6,Standard,6,2024-06,0.08
ORD-11760,2025-09-24,2025-10-01,Aditya Mehta,Consumer,South,Beauty,Trimmer,4,0.1,8085.6,1455.41,Express,7,2025-09,0.18
ORD-11761,2025-05-25,2025-06-01,Meera Patel,Small Business,North,Groceries,Rice Pack,3,0.2,2985.6,-0.0,Standard,7,2025-05,-0.0
ORD-11762,2024-09-20,2024-09-22,Zara Joshi,Small Business,North,Clothing,Sneakers,2,0.05,6076.2,1397.53,Standard,2,2024-09,0.23
ORD-11763,2025-06-16,2025-06-17,Ananya Reddy,Corporate,Central,Furniture,Bed Frame,4,0.15,82178.0,9861.36,Express,1,2025-06,0.12
ORD-11764,2025-07-23,2025-07-30,Ananya Patel,Small Business,South,Electronics,Smartphone,2,0.0,51734.0,6208.08,Standard,7,2025-07,0.12
ORD-11765,2024-10-24,2024-10-28,Kabir Sharma,Small Business,East,Beauty,Skincare Kit,3,0.0,4023.0,885.06,Standard,4,2024-10,0.22
ORD-11766,2024-10-01,2024-10-08,Vivaan Verma,Consumer,Central,Beauty,Makeup Kit,1,0.0,1879.0,413.38,Express,7,2024-10,0.22
ORD-11767,2024-09-30,2024-10-05,Ananya Verma,Small Business,South,Groceries,Snacks Combo,1,0.1,1003.5,40.14,Standard,5,2024-09,0.04
ORD-11768,2025-04-30,2025-05-04,Ishaan Joshi,Consumer,West,Clothing,Jeans,5,0.0,12610.0,3152.5,Standard,4,2025-04,0.25
ORD-11769,2025-02-10,2025-02-15,Ananya Rao,Consumer,Central,Beauty,Skincare Kit,4,0.0,10584.0,2328.48,Standard,5,2025-02,0.22
ORD-11770,2025-11-13,2025-11-14,Vihaan Das,Small Business,Central,Furniture,Office Chair,1,0.1,15235.2,2132.93,Express,1,2025-11,0.14
ORD-11771,2025-07-03,2025-07-08,Arjun Rao,Consumer,Central,Clothing,T-Shirt,2,0.2,5406.4,919.09,Standard,5,2025-07,0.17
ORD-11772,2024-04-10,2024-04-13,Arjun Khan,Consumer,West,Groceries,Dairy Pack,4,0.1,435.6,17.42,Standard,3,2024-04,0.04
ORD-11773,2025-02-06,2025-02-07,Zara Joshi,Consumer,West,Groceries,Snacks Combo,2,0.15,241.4,4.83,Standard,1,2025-02,0.02
ORD-11774,2024-04-08,2024-04-12,Meera Kapoor,Small Business,West,Furniture,Bookshelf,5,0.0,59820.0,10767.6,Express,4,2024-04,0.18
ORD-11775,2024-10-07,2024-10-08,Arjun Singh,Consumer,West,Electronics,Laptop,5,0.0,246915.0,29629.8,Standard,1,2024-10,0.12
ORD-11776,2024-09-27,2024-10-04,Ananya Singh,Corporate,Central,Furniture,Bed Frame,3,0.1,61136.1,8559.05,Standard,7,2024-09,0.14
ORD-11777,2024-12-13,2024-12-18,Neha Khan,Consumer,East,Beauty,Hair Dryer,3,0.05,2382.6,476.52,Standard,5,2024-12,0.2
ORD-11778,2025-06-20,2025-06-27,Ananya Sharma,Consumer,Central,Beauty,Trimmer,3,0.25,1158.75,139.05,Standard,7,2025-06,0.12
ORD-11779,2024-12-14,2024-12-21,Aarav Khan,Corporate,North,Groceries,Beverages,5,0.15,5108.5,102.17,Express,7,2024-12,0.02
ORD-11780,2024-01-07,2024-01-11,Tanvi Rao,Consumer,South,Electronics,Smartphone,1,0.0,16120.0,1934.4,Standard,4,2024-01,0.12
ORD-11781,2024-12-28,2024-12-30,Ananya Das,Consumer,West,Electronics,Smartphone,1,0.15,25255.2,1515.31,Express,2,2024-12,0.06
ORD-11782,2025-09-20,2025-09-24,Ishaan Singh,Small Business,South,Beauty,Trimmer,4,0.0,2660.0,585.2,Same Day,4,2025-09,0.22
ORD-11783,2025-11-05,2025-11-06,Rahul Malhotra,Small Business,Central,Clothing,Sneakers,1,0.0,3565.0,891.25,Standard,1,2025-11,0.25
ORD-11784,2025-02-09,2025-02-11,Vivaan Sharma,Consumer,North,Furniture,Bed Frame,5,0.05,99018.5,15842.96,Standard,2,2025-02,0.16
ORD-11785,2024-02-05,2024-02-08,Sneha Khan,Consumer,East,Electronics,Laptop,2,0.0,77110.0,9253.2,Standard,3,2024-02,0.12
ORD-11786,2024-05-19,2024-05-23,Aarav Joshi,Consumer,West,Furniture,Office Chair,3,0.05,15398.55,2463.77,Standard,4,2024-05,0.16
ORD-11787,2025-10-04,2025-10-10,Sneha Rao,Consumer,South,Furniture,Study Table,4,0.1,18752.4,2625.34,Standard,6,2025-10,0.14
ORD-11788,2024-04-02,2024-04-06,Rohan Malhotra,Consumer,Central,Groceries,Dairy Pack,5,0.0,5440.0,435.2,Standard,4,2024-04,0.08
ORD-11789,2024-05-11,2024-05-12,Neha Kapoor,Small Business,North,Groceries,Snacks Combo,4,0.1,1209.6,48.38,Standard,1,2024-05,0.04
ORD-11790,2024-04-10,2024-04-14,Tanvi Patel,Corporate,West,Beauty,Skincare Kit,4,0.0,10860.0,2389.2,Same Day,4,2024-04,0.22
ORD-11791,2024-09-16,2024-09-17,Priya Iyer,Consumer,Central,Clothing,Sneakers,4,0.1,4356.0,914.76,Same Day,1,2024-09,0.21
ORD-11792,2025-11-18,2025-11-20,Neha Kapoor,Consumer,East,Electronics,Smartwatch,2,0.25,22029.0,440.58,Express,2,2025-11,0.02
ORD-11793,2024-08-18,2024-08-21,Arjun Patel,Consumer,East,Furniture,Sofa,3,0.1,35648.1,4990.73,Standard,3,2024-08,0.14
ORD-11794,2025-11-02,2025-11-03,Vihaan Gupta,Corporate,Central,Clothing,T-Shirt,5,0.2,13964.0,2373.88,Express,1,2025-11,0.17
ORD-11795,2025-04-26,2025-05-02,Ishaan Rao,Consumer,South,Clothing,T-Shirt,3,0.05,4195.2,964.9,Standard,6,2025-04,0.23
ORD-11796,2024-07-08,2024-07-12,Tanvi Verma,Small Business,South,Beauty,Trimmer,4,0.0,1424.0,313.28,Standard,4,2024-07,0.22
ORD-11797,2024-10-15,2024-10-20,Diya Sharma,Corporate,East,Clothing,T-Shirt,2,0.0,7840.0,1960.0,Same Day,5,2024-10,0.25
ORD-11798,2024-11-17,2024-11-24,Aarav Mehta,Small Business,West,Beauty,Hair Dryer,2,0.1,2534.4,456.19,Same Day,7,2024-11,0.18
ORD-11799,2025-01-31,2025-02-02,Diya Joshi,Consumer,West,Electronics,Tablet,4,0.0,236904.0,28428.48,Standard,2,2025-01,0.12
ORD-11800,2025-04-09,2025-04-12,Rohan Rao,Corporate,South,Furniture,Sofa,2,0.1,12180.6,1705.28,Standard,3,2025-04,0.14
ORD-11801,2025-03-28,2025-03-29,Diya Gupta,Consumer,East,Groceries,Snacks Combo,4,0.25,2022.0,-40.44,Standard,1,2025-03,-0.02
ORD-11802,2025-04-12,2025-04-19,Arjun Reddy,Consumer,West,Electronics,Tablet,1,0.25,43542.75,870.85,Standard,7,2025-04,0.02
ORD-11803,2025-05-09,2025-05-16,Arjun Malhotra,Small Business,Central,Clothing,T-Shirt,2,0.15,2801.6,532.3,Standard,7,2025-05,0.19
ORD-11804,2024-09-13,2024-09-18,Meera Joshi,Small Business,North,Furniture,Bed Frame,1,0.15,5207.1,624.85,Standard,5,2024-09,0.12
ORD-11805,2024-12-26,2024-12-29,Aarav Patel,Consumer,East,Groceries,Snacks Combo,2,0.2,409.6,-0.0,Standard,3,2024-12,-0.0
ORD-11806,2025-07-04,2025-07-08,Rahul Singh,Corporate,South,Beauty,Perfume,4,0.2,2060.8,288.51,Same Day,4,2025-07,0.14
ORD-11807,2025-04-03,2025-04-05,Ananya Iyer,Consumer,East,Beauty,Makeup Kit,2,0.2,4172.8,584.19,Standard,2,2025-04,0.14
ORD-11808,2024-08-12,2024-08-18,Saanvi Iyer,Consumer,West,Beauty,Perfume,2,0.1,768.6,138.35,Standard,6,2024-08,0.18
ORD-11809,2024-06-05,2024-06-08,Rohan Reddy,Small Business,East,Clothing,T-Shirt,2,0.05,4620.8,1062.78,Same Day,3,2024-06,0.23
ORD-11810,2025-08-30,2025-09-01,Ishaan Singh,Consumer,North,Electronics,Laptop,2,0.15,56428.1,3385.69,Standard,2,2025-08,0.06
ORD-11811,2025-10-10,2025-10-14,Ishaan Iyer,Small Business,South,Beauty,Makeup Kit,1,0.0,2113.0,464.86,Standard,4,2025-10,0.22
ORD-11812,2024-06-03,2024-06-10,Vivaan Nair,Consumer,East,Furniture,Sofa,3,0.1,14752.8,2065.39,Express,7,2024-06,0.14
ORD-11813,2025-12-17,2025-12-24,Kabir Das,Consumer,West,Beauty,Trimmer,5,0.1,6781.5,1220.67,Standard,7,2025-12,0.18
ORD-11814,2025-05-22,2025-05-27,Aditya Reddy,Consumer,West,Groceries,Dairy Pack,5,0.0,3265.0,261.2,Standard,5,2025-05,0.08
ORD-11815,2025-10-14,2025-10-17,Sneha Kapoor,Consumer,Central,Furniture,Bookshelf,1,0.0,14245.0,2564.1,Express,3,2025-10,0.18
ORD-11816,2024-01-21,2024-01-22,Om Das,Consumer,South,Beauty,Perfume,5,0.05,5809.25,1161.85,Standard,1,2024-01,0.2
ORD-11817,2024-10-26,2024-10-27,Rahul Joshi,Corporate,South,Electronics,Smartphone,2,0.0,26980.0,3237.6,Standard,1,2024-10,0.12
ORD-11818,2025-02-24,2025-02-28,Vivaan Mehta,Consumer,Central,Beauty,Trimmer,1,0.1,1836.0,330.48,Express,4,2025-02,0.18
ORD-11819,2024-10-14,2024-10-18,Vihaan Rao,Consumer,West,Beauty,Skincare Kit,4,0.05,9899.0,1979.8,Express,4,2024-10,0.2
ORD-11820,2025-12-09,2025-12-16,Kavya Sharma,Consumer,East,Beauty,Makeup Kit,5,0.15,7169.75,1147.16,Same Day,7,2025-12,0.16
ORD-11821,2025-04-05,2025-04-09,Diya Gupta,Consumer,West,Groceries,Snacks Combo,5,0.0,1160.0,92.8,Standard,4,2025-04,0.08
ORD-11822,2025-12-02,2025-12-07,Zara Sharma,Consumer,East,Groceries,Beverages,1,0.1,688.5,27.54,Same Day,5,2025-12,0.04
ORD-11823,2024-04-16,2024-04-21,Rohan Reddy,Corporate,West,Furniture,Bed Frame,1,0.25,14214.75,1137.18,Standard,5,2024-04,0.08
ORD-11824,2024-06-09,2024-06-11,Ananya Iyer,Consumer,East,Beauty,Hair Dryer,5,0.05,9656.75,1931.35,Standard,2,2024-06,0.2
ORD-11825,2024-01-19,2024-01-22,Ishaan Joshi,Consumer,South,Groceries,Snacks Combo,3,0.0,4476.0,358.08,Express,3,2024-01,0.08
ORD-11826,2025-02-13,2025-02-14,Saanvi Nair,Consumer,West,Electronics,Tablet,4,0.1,50068.8,4005.5,Standard,1,2025-02,0.08
ORD-11827,2024-08-12,2024-08-16,Saanvi Mehta,Small Business,Central,Clothing,Jeans,3,0.05,7355.85,1691.85,Standard,4,2024-08,0.23
ORD-11828,2024-11-28,2024-11-30,Meera Chatterjee,Consumer,West,Electronics,Tablet,3,0.2,62028.0,2481.12,Standard,2,2024-11,0.04
ORD-11829,2025-04-20,2025-04-21,Arjun Singh,Corporate,South,Groceries,Rice Pack,1,0.2,637.6,-0.0,Standard,1,2025-04,-0.0
ORD-11830,2025-02-09,2025-02-11,Arjun Malhotra,Corporate,North,Beauty,Hair Dryer,2,0.25,3000.0,360.0,Standard,2,2025-02,0.12
ORD-11831,2025-08-09,2025-08-16,Tanvi Joshi,Corporate,South,Electronics,Tablet,5,0.0,193840.0,23260.8,Express,7,2025-08,0.12
ORD-11832,2024-07-29,2024-08-03,Diya Reddy,Consumer,South,Electronics,Tablet,3,0.25,37516.5,750.33,Express,5,2024-07,0.02
ORD-11833,2024-09-13,2024-09-19,Om Iyer,Consumer,North,Electronics,Tablet,5,0.0,226745.0,27209.4,Standard,6,2024-09,0.12
ORD-11834,2025-12-12,2025-12-15,Sneha Verma,Corporate,East,Clothing,Formal Shirt,5,0.1,14818.5,3111.88,Standard,3,2025-12,0.21
ORD-11835,2024-06-20,2024-06-22,Rahul Verma,Small Business,East,Clothing,Formal Shirt,5,0.05,5842.5,1343.78,Standard,2,2024-06,0.23
ORD-11836,2024-08-08,2024-08-09,Om Singh,Consumer,South,Beauty,Perfume,2,0.05,2511.8,502.36,Express,1,2024-08,0.2
ORD-11837,2024-12-09,2024-12-10,Aarav Singh,Consumer,Central,Electronics,Laptop,5,0.0,41455.0,4974.6,Standard,1,2024-12,0.12
ORD-11838,2024-12-22,2024-12-27,Ananya Das,Small Business,South,Furniture,Sofa,3,0.05,57225.15,9156.02,Express,5,2024-12,0.16
ORD-11839,2024-03-13,2024-03-17,Vihaan Rao,Corporate,East,Electronics,Headphones,3,0.0,41217.0,4946.04,Express,4,2024-03,0.12
ORD-11840,2024-08-20,2024-08-27,Diya Malhotra,Corporate,South,Electronics,Headphones,3,0.1,126540.9,10123.27,Standard,7,2024-08,0.08
ORD-11841,2024-08-13,2024-08-16,Ishaan Patel,Corporate,Central,Electronics,Laptop,3,0.2,27981.6,1119.26,Standard,3,2024-08,0.04
ORD-11842,2024-12-24,2024-12-29,Saanvi Chatterjee,Corporate,South,Groceries,Rice Pack,1,0.0,271.0,21.68,Express,5,2024-12,0.08
ORD-11843,2025-10-29,2025-10-30,Priya Chatterjee,Corporate,South,Groceries,Cooking Oil,5,0.0,2145.0,171.6,Standard,1,2025-10,0.08
ORD-11844,2024-08-07,2024-08-10,Arjun Nair,Corporate,West,Furniture,Sofa,3,0.0,10008.0,1801.44,Express,3,2024-08,0.18
ORD-11845,2024-11-29,2024-12-02,Priya Malhotra,Consumer,Central,Furniture,Sofa,1,0.25,6177.75,494.22,Standard,3,2024-11,0.08
ORD-11846,2024-10-13,2024-10-14,Rahul Gupta,Corporate,East,Beauty,Skincare Kit,4,0.05,5240.2,1048.04,Standard,1,2024-10,0.2
ORD-11847,2025-09-02,2025-09-04,Ananya Malhotra,Consumer,North,Clothing,Jeans,5,0.2,1676.0,284.92,Same Day,2,2025-09,0.17
ORD-11848,2025-08-26,2025-09-01,Diya Patel,Small Business,North,Groceries,Beverages,3,0.05,2502.3,150.14,Same Day,6,2025-08,0.06
ORD-11849,2024-11-30,2024-12-07,Tanvi Reddy,Consumer,South,Clothing,Jacket,5,0.1,11164.5,2344.54,Standard,7,2024-11,0.21
ORD-11850,2024-11-04,2024-11-06,Kavya Das,Consumer,South,Groceries,Cooking Oil,2,0.0,1526.0,122.08,Standard,2,2024-11,0.08
ORD-11851,2024-06-09,2024-06-13,Ananya Singh,Corporate,East,Beauty,Skincare Kit,1,0.0,1236.0,271.92,Express,4,2024-06,0.22
ORD-11852,2024-02-06,2024-02-09,Meera Nair,Consumer,North,Electronics,Smartwatch,4,0.1,85773.6,6861.89,Standard,3,2024-02,0.08
ORD-11853,2024-03-01,2024-03-06,Meera Gupta,Consumer,West,Beauty,Makeup Kit,3,0.1,7735.5,1392.39,Express,5,2024-03,0.18
ORD-11854,2025-01-13,2025-01-20,Vihaan Sharma,Corporate,West,Beauty,Perfume,1,0.05,1987.4,397.48,Standard,7,2025-01,0.2
ORD-11855,2024-11-13,2024-11-14,Zara Patel,Consumer,North,Furniture,Study Table,3,0.0,8169.0,1470.42,Standard,1,2024-11,0.18
ORD-11856,2024-09-15,2024-09-19,Vivaan Chatterjee,Consumer,West,Clothing,Jeans,3,0.15,5995.05,1139.06,Standard,4,2024-09,0.19
ORD-11857,2025-11-08,2025-11-11,Aditya Patel,Corporate,Central,Clothing,Sneakers,4,0.05,12756.6,2934.02,Standard,3,2025-11,0.23
ORD-11858,2024-08-29,2024-09-01,Zara Mehta,Small Business,South,Beauty,Perfume,5,0.2,5144.0,720.16,Standard,3,2024-08,0.14
ORD-11859,2025-02-19,2025-02-20,Ananya Singh,Consumer,West,Clothing,Formal Shirt,2,0.05,2171.7,499.49,Express,1,2025-02,0.23
ORD-11860,2025-12-26,2026-01-02,Om Chatterjee,Consumer,Central,Electronics,Laptop,3,0.05,113392.95,11339.29,Standard,7,2025-12,0.1
ORD-11861,2024-06-21,2024-06-28,Meera Gupta,Small Business,North,Clothing,Jacket,2,0.1,5925.6,1244.38,Express,7,2024-06,0.21
ORD-11862,2024-09-29,2024-10-05,Aditya Gupta,Small Business,Central,Furniture,Office Chair,4,0.05,59831.0,9572.96,Express,6,2024-09,0.16
ORD-11863,2024-02-01,2024-02-08,Neha Das,Corporate,West,Furniture,Office Chair,5,0.2,44892.0,4489.2,Standard,7,2024-02,0.1
ORD-11864,2024-06-23,2024-06-25,Ishaan Das,Consumer,Central,Clothing,Formal Shirt,3,0.05,10507.95,2416.83,Standard,2,2024-06,0.23
ORD-11865,2025-07-24,2025-07-27,Meera Joshi,Corporate,Central,Electronics,Tablet,2,0.0,27538.0,3304.56,Same Day,3,2025-07,0.12
ORD-11866,2024-03-23,2024-03-25,Meera Chatterjee,Consumer,West,Electronics,Smartphone,3,0.05,95198.55,9519.86,Standard,2,2024-03,0.1
ORD-11867,2024-01-16,2024-01-17,Zara Joshi,Consumer,South,Groceries,Dairy Pack,5,0.05,4916.25,294.98,Standard,1,2024-01,0.06
ORD-11868,2024-08-22,2024-08-27,Kavya Joshi,Corporate,North,Beauty,Hair Dryer,1,0.05,2283.8,456.76,Standard,5,2024-08,0.2
ORD-11869,2025-01-11,2025-01-12,Neha Malhotra,Consumer,South,Electronics,Smartphone,3,0.0,130368.0,15644.16,Standard,1,2025-01,0.12
ORD-11870,2024-12-06,2024-12-07,Arjun Verma,Small Business,North,Electronics,Tablet,3,0.05,83958.15,8395.81,Standard,1,2024-12,0.1
ORD-11871,2025-02-27,2025-03-05,Aarav Iyer,Consumer,North,Furniture,Office Chair,2,0.15,14064.1,1687.69,Standard,6,2025-02,0.12
ORD-11872,2025-06-18,2025-06-25,Ananya Joshi,Corporate,West,Clothing,Jeans,4,0.0,4200.0,1050.0,Express,7,2025-06,0.25
ORD-11873,2024-10-09,2024-10-14,Neha Sharma,Consumer,South,Electronics,Tablet,2,0.1,23772.6,1901.81,Standard,5,2024-10,0.08
ORD-11874,2024-09-30,2024-10-02,Kavya Verma,Corporate,West,Clothing,Sneakers,3,0.0,9495.0,2373.75,Standard,2,2024-09,0.25
ORD-11875,2024-11-23,2024-11-30,Rahul Sharma,Small Business,West,Beauty,Perfume,2,0.1,1890.0,340.2,Same Day,7,2024-11,0.18
ORD-11876,2024-06-04,2024-06-05,Kavya Joshi,Consumer,West,Electronics,Smartwatch,5,0.05,148328.25,14832.82,Express,1,2024-06,0.1
ORD-11877,2025-09-05,2025-09-06,Aditya Malhotra,Consumer,North,Groceries,Dairy Pack,4,0.0,4388.0,351.04,Standard,1,2025-09,0.08
ORD-11878,2024-11-15,2024-11-22,Aditya Gupta,Small Business,West,Beauty,Trimmer,2,0.0,5798.0,1275.56,Standard,7,2024-11,0.22
ORD-11879,2024-08-11,2024-08-18,Priya Das,Consumer,North,Beauty,Makeup Kit,2,0.15,3792.7,606.83,Express,7,2024-08,0.16
ORD-11880,2025-07-18,2025-07-23,Rahul Verma,Consumer,South,Electronics,Smartphone,3,0.0,16368.0,1964.16,Standard,5,2025-07,0.12
ORD-11881,2025-11-10,2025-11-12,Arjun Nair,Small Business,South,Beauty,Trimmer,4,0.0,11632.0,2559.04,Standard,2,2025-11,0.22
ORD-11882,2025-01-22,2025-01-27,Ishaan Kapoor,Consumer,North,Electronics,Tablet,2,0.15,88388.1,5303.29,Express,5,2025-01,0.06
ORD-11883,2024-08-14,2024-08-17,Sneha Kapoor,Small Business,North,Furniture,Bed Frame,2,0.15,37134.8,4456.18,Express,3,2024-08,0.12
ORD-11884,2024-06-30,2024-07-01,Rohan Verma,Consumer,West,Clothing,Jeans,4,0.0,14068.0,3517.0,Standard,1,2024-06,0.25
ORD-11885,2024-05-16,2024-05-20,Vihaan Nair,Consumer,West,Electronics,Headphones,1,0.0,28796.0,3455.52,Standard,4,2024-05,0.12
ORD-11886,2024-08-05,2024-08-09,Neha Patel,Consumer,North,Electronics,Smartphone,2,0.0,69248.0,8309.76,Standard,4,2024-08,0.12
ORD-11887,2024-04-02,2024-04-07,Rohan Nair,Consumer,Central,Groceries,Dairy Pack,1,0.1,1087.2,43.49,Express,5,2024-04,0.04
ORD-11888,2025-05-20,2025-05-21,Sneha Iyer,Consumer,East,Furniture,Study Table,4,0.0,71608.0,12889.44,Express,1,2025-05,0.18
ORD-11889,2025-04-10,2025-04-15,Rohan Malhotra,Consumer,North,Beauty,Trimmer,3,0.2,4382.4,613.54,Express,5,2025-04,0.14
ORD-11890,2024-01-06,2024-01-12,Diya Chatterjee,Corporate,South,Electronics,Tablet,5,0.0,221155.0,26538.6,Standard,6,2024-01,0.12
ORD-11891,2025-07-19,2025-07-21,Vihaan Malhotra,Consumer,South,Furniture,Study Table,4,0.05,72378.6,11580.58,Standard,2,2025-07,0.16
ORD-11892,2024-07-28,2024-07-31,Vihaan Reddy,Corporate,Central,Beauty,Perfume,3,0.05,2639.1,527.82,Express,3,2024-07,0.2
ORD-11893,2025-01-30,2025-01-31,Saanvi Verma,Corporate,West,Electronics,Tablet,1,0.1,16262.1,1300.97,Standard,1,2025-01,0.08
ORD-11894,2025-09-20,2025-09-26,Diya Khan,Consumer,South,Electronics,Laptop,4,0.0,17272.0,2072.64,Express,6,2025-09,0.12
ORD-11895,2025-12-16,2025-12-19,Sneha Malhotra,Small Business,Central,Furniture,Bookshelf,2,0.1,38691.0,5416.74,Standard,3,2025-12,0.14
ORD-11896,2024-06-25,2024-07-02,Sneha Joshi,Corporate,North,Beauty,Perfume,1,0.1,1846.8,332.42,Standard,7,2024-06,0.18
ORD-11897,2025-04-30,2025-05-05,Aditya Malhotra,Consumer,West,Groceries,Beverages,3,0.1,2141.1,85.64,Standard,5,2025-04,0.04
ORD-11898,2024-11-23,2024-11-26,Kavya Chatterjee,Consumer,East,Beauty,Trimmer,2,0.0,2948.0,648.56,Standard,3,2024-11,0.22
ORD-11899,2025-03-12,2025-03-18,Neha Gupta,Small Business,West,Beauty,Perfume,3,0.05,2371.2,474.24,Standard,6,2025-03,0.2
ORD-11900,2024-02-18,2024-02-20,Rahul Iyer,Corporate,South,Furniture,Office Chair,2,0.05,15572.4,2491.58,Express,2,2024-02,0.16
ORD-11901,2025-09-17,2025-09-18,Zara Singh,Consumer,North,Furniture,Bed Frame,3,0.0,63594.0,11446.92,Standard,1,2025-09,0.18
ORD-11902,2025-03-15,2025-03-20,Rahul Patel,Consumer,East,Groceries,Rice Pack,2,0.0,1646.0,131.68,Express,5,2025-03,0.08
ORD-11903,2024-01-26,2024-01-30,Kavya Rao,Small Business,Central,Electronics,Smartwatch,1,0.15,40460.0,2427.6,Express,4,2024-01,0.06
ORD-11904,2025-06-14,2025-06-21,Neha Malhotra,Small Business,North,Electronics,Smartwatch,4,0.1,41569.2,3325.54,Express,7,2025-06,0.08
ORD-11905,2025-07-06,2025-07-08,Priya Kapoor,Consumer,North,Beauty,Skincare Kit,2,0.2,2720.0,380.8,Express,2,2025-07,0.14
ORD-11906,2025-10-15,2025-10-16,Vihaan Malhotra,Corporate,Central,Furniture,Study Table,1,0.1,20510.1,2871.41,Same Day,1,2025-10,0.14
ORD-11907,2025-06-05,2025-06-09,Aarav Sharma,Small Business,West,Electronics,Smartphone,1,0.1,13700.7,1096.06,Same Day,4,2025-06,0.08
ORD-11908,2024-11-29,2024-12-02,Rohan Rao,Consumer,West,Clothing,Sneakers,1,0.05,2657.15,611.14,Standard,3,2024-11,0.23
ORD-11909,2025-03-27,2025-04-03,Rahul Iyer,Consumer,West,Clothing,Jeans,4,0.0,6940.0,1735.0,Express,7,2025-03,0.25
ORD-11910,2025-07-09,2025-07-10,Saanvi Khan,Corporate,North,Clothing,T-Shirt,1,0.1,2349.0,493.29,Standard,1,2025-07,0.21
ORD-11911,2024-04-13,2024-04-17,Ishaan Sharma,Corporate,West,Electronics,Smartwatch,4,0.0,45312.0,5437.44,Express,4,2024-04,0.12
ORD-11912,2025-09-11,2025-09-12,Priya Iyer,Small Business,South,Electronics,Smartwatch,2,0.25,7945.5,158.91,Standard,1,2025-09,0.02
ORD-11913,2025-08-16,2025-08-19,Aarav Chatterjee,Consumer,South,Beauty,Hair Dryer,3,0.1,6048.0,1088.64,Standard,3,2025-08,0.18
ORD-11914,2025-05-22,2025-05-28,Ishaan Sharma,Corporate,Central,Furniture,Sofa,5,0.0,46065.0,8291.7,Standard,6,2025-05,0.18
ORD-11915,2024-11-02,2024-11-06,Tanvi Nair,Consumer,Central,Beauty,Makeup Kit,3,0.0,3726.0,819.72,Standard,4,2024-11,0.22
ORD-11916,2024-07-29,2024-07-30,Vihaan Patel,Small Business,Central,Furniture,Office Chair,3,0.15,19068.9,2288.27,Same Day,1,2024-07,0.12
ORD-11917,2025-08-31,2025-09-06,Kabir Malhotra,Consumer,North,Beauty,Skincare Kit,2,0.15,3945.7,631.31,Express,6,2025-08,0.16
ORD-11918,2025-04-18,2025-04-20,Aarav Khan,Corporate,South,Furniture,Office Chair,4,0.1,79171.2,11083.97,Standard,2,2025-04,0.14
ORD-11919,2025-06-09,2025-06-11,Om Rao,Consumer,North,Furniture,Sofa,3,0.25,26995.5,2159.64,Express,2,2025-06,0.08
ORD-11920,2025-03-30,2025-04-06,Kavya Malhotra,Small Business,Central,Clothing,T-Shirt,5,0.1,5080.5,1066.9,Standard,7,2025-03,0.21
ORD-11921,2025-12-16,2025-12-22,Neha Sharma,Small Business,Central,Beauty,Skincare Kit,4,0.15,4406.4,705.02,Standard,6,2025-12,0.16
ORD-11922,2025-12-20,2025-12-25,Meera Verma,Corporate,South,Furniture,Office Chair,1,0.0,17070.0,3072.6,Express,5,2025-12,0.18
ORD-11923,2024-05-03,2024-05-07,Rohan Gupta,Consumer,South,Clothing,T-Shirt,1,0.05,2504.2,575.97,Express,4,2024-05,0.23
ORD-11924,2024-12-05,2024-12-12,Om Joshi,Small Business,West,Beauty,Skincare Kit,3,0.15,5434.05,869.45,Express,7,2024-12,0.16
ORD-11925,2025-06-23,2025-06-26,Arjun Mehta,Consumer,North,Clothing,Formal Shirt,5,0.15,12095.5,2298.14,Standard,3,2025-06,0.19
ORD-11926,2025-12-04,2025-12-05,Sneha Nair,Consumer,North,Clothing,Jeans,4,0.1,9590.4,2013.98,Same Day,1,2025-12,0.21
ORD-11927,2024-01-05,2024-01-11,Diya Reddy,Consumer,North,Furniture,Office Chair,1,0.05,14653.75,2344.6,Standard,6,2024-01,0.16
ORD-11928,2025-11-24,2025-12-01,Ananya Chatterjee,Small Business,West,Furniture,Sofa,1,0.1,12520.8,1752.91,Same Day,7,2025-11,0.14
ORD-11929,2024-06-25,2024-07-02,Aditya Gupta,Consumer,East,Beauty,Perfume,1,0.0,2738.0,602.36,Express,7,2024-06,0.22
ORD-11930,2025-03-09,2025-03-15,Ananya Iyer,Small Business,East,Electronics,Smartwatch,4,0.25,158550.0,3171.0,Standard,6,2025-03,0.02
ORD-11931,2024-09-12,2024-09-16,Om Malhotra,Consumer,South,Electronics,Headphones,2,0.05,105904.1,10590.41,Express,4,2024-09,0.1
ORD-11932,2025-11-13,2025-11-16,Aditya Singh,Consumer,Central,Furniture,Bed Frame,3,0.25,23809.5,1904.76,Standard,3,2025-11,0.08
ORD-11933,2024-12-02,2024-12-03,Vihaan Kapoor,Consumer,East,Electronics,Laptop,1,0.25,17853.0,357.06,Standard,1,2024-12,0.02
ORD-11934,2024-06-30,2024-07-04,Neha Reddy,Consumer,Central,Groceries,Beverages,1,0.0,443.0,35.44,Express,4,2024-06,0.08
ORD-11935,2025-02-12,2025-02-16,Zara Malhotra,Small Business,East,Clothing,Formal Shirt,3,0.0,6852.0,1713.0,Standard,4,2025-02,0.25
ORD-11936,2024-12-22,2024-12-25,Aditya Joshi,Corporate,East,Electronics,Smartphone,3,0.0,100500.0,12060.0,Standard,3,2024-12,0.12
ORD-11937,2025-03-20,2025-03-25,Diya Mehta,Corporate,Central,Electronics,Headphones,3,0.15,58002.3,3480.14,Express,5,2025-03,0.06
ORD-11938,2025-07-18,2025-07-21,Vivaan Kapoor,Corporate,West,Electronics,Tablet,3,0.05,27921.45,2792.14,Same Day,3,2025-07,0.1
ORD-11939,2025-08-01,2025-08-04,Ananya Gupta,Corporate,North,Electronics,Smartphone,1,0.05,33960.6,3396.06,Same Day,3,2025-08,0.1
ORD-11940,2024-10-30,2024-11-05,Aarav Rao,Consumer,Central,Beauty,Hair Dryer,3,0.15,1581.0,252.96,Standard,6,2024-10,0.16
ORD-11941,2025-03-12,2025-03-18,Rohan Das,Consumer,South,Groceries,Beverages,5,0.1,4018.5,160.74,Standard,6,2025-03,0.04
ORD-11942,2025-03-04,2025-03-06,Om Nair,Corporate,East,Furniture,Bed Frame,3,0.25,26745.75,2139.66,Standard,2,2025-03,0.08
ORD-11943,2025-07-23,2025-07-26,Vihaan Sharma,Consumer,Central,Beauty,Trimmer,3,0.0,5892.0,1296.24,Standard,3,2025-07,0.22
ORD-11944,2024-12-13,2024-12-19,Rohan Iyer,Small Business,South,Clothing,Sneakers,4,0.1,1774.8,372.71,Standard,6,2024-12,0.21
ORD-11945,2025-09-19,2025-09-24,Tanvi Singh,Corporate,West,Groceries,Rice Pack,4,0.05,858.8,51.53,Same Day,5,2025-09,0.06
ORD-11946,2024-11-04,2024-11-08,Aditya Kapoor,Small Business,North,Electronics,Smartphone,3,0.0,153279.0,18393.48,Same Day,4,2024-11,0.12
ORD-11947,2025-01-28,2025-02-04,Ananya Verma,Consumer,South,Groceries,Cooking Oil,5,0.05,2332.25,139.94,Standard,7,2025-01,0.06
ORD-11948,2024-07-01,2024-07-03,Tanvi Malhotra,Consumer,West,Beauty,Perfume,3,0.0,1152.0,253.44,Express,2,2024-07,0.22
ORD-11949,2024-05-07,2024-05-13,Rohan Sharma,Corporate,Central,Clothing,Sneakers,3,0.1,8154.0,1712.34,Standard,6,2024-05,0.21
ORD-11950,2025-12-29,2025-12-30,Aditya Singh,Consumer,West,Clothing,Jacket,4,0.05,7280.8,1674.58,Express,1,2025-12,0.23
ORD-11951,2024-05-03,2024-05-08,Ananya Malhotra,Small Business,North,Beauty,Hair Dryer,4,0.05,9298.6,1859.72,Standard,5,2024-05,0.2
ORD-11952,2025-03-17,2025-03-20,Sneha Gupta,Consumer,West,Groceries,Cooking Oil,5,0.0,6210.0,496.8,Standard,3,2025-03,0.08
ORD-11953,2025-11-09,2025-11-14,Vihaan Rao,Consumer,East,Beauty,Hair Dryer,5,0.05,1567.5,313.5,Standard,5,2025-11,0.2
ORD-11954,2024-10-11,2024-10-18,Aditya Reddy,Consumer,South,Groceries,Snacks Combo,4,0.15,1081.2,21.62,Standard,7,2024-10,0.02
ORD-11955,2025-09-11,2025-09-16,Vihaan Das,Consumer,East,Furniture,Study Table,1,0.0,9908.0,1783.44,Express,5,2025-09,0.18
ORD-11956,2025-05-29,2025-06-01,Meera Rao,Consumer,South,Electronics,Smartphone,1,0.1,42877.8,3430.22,Express,3,2025-05,0.08
ORD-11957,2024-12-20,2024-12-25,Aarav Kapoor,Consumer,North,Groceries,Snacks Combo,2,0.1,869.4,34.78,Standard,5,2024-12,0.04
ORD-11958,2025-04-04,2025-04-09,Om Iyer,Small Business,North,Beauty,Perfume,2,0.1,4741.2,853.42,Same Day,5,2025-04,0.18
ORD-11959,2025-11-19,2025-11-23,Meera Rao,Small Business,South,Groceries,Cooking Oil,3,0.0,3600.0,288.0,Standard,4,2025-11,0.08
ORD-11960,2025-10-28,2025-10-29,Vihaan Sharma,Consumer,East,Beauty,Hair Dryer,5,0.0,11515.0,2533.3,Express,1,2025-10,0.22
ORD-11961,2025-01-31,2025-02-06,Vivaan Mehta,Small Business,West,Electronics,Tablet,5,0.1,120060.0,9604.8,Standard,6,2025-01,0.08
ORD-11962,2025-04-22,2025-04-29,Saanvi Nair,Consumer,North,Beauty,Skincare Kit,4,0.0,1680.0,369.6,Standard,7,2025-04,0.22
ORD-11963,2024-07-06,2024-07-11,Arjun Mehta,Consumer,West,Clothing,Jacket,5,0.2,9144.0,1554.48,Standard,5,2024-07,0.17
ORD-11964,2025-05-11,2025-05-17,Neha Joshi,Corporate,Central,Groceries,Dairy Pack,1,0.05,1413.6,84.82,Standard,6,2025-05,0.06
ORD-11965,2025-01-07,2025-01-12,Arjun Das,Small Business,Central,Groceries,Cooking Oil,2,0.05,2483.3,149.0,Standard,5,2025-01,0.06
ORD-11966,2025-03-09,2025-03-12,Sneha Sharma,Small Business,West,Furniture,Bookshelf,1,0.05,3564.4,570.3,Standard,3,2025-03,0.16
ORD-11967,2024-12-22,2024-12-27,Kavya Chatterjee,Consumer,West,Groceries,Snacks Combo,2,0.0,2450.0,196.0,Standard,5,2024-12,0.08
ORD-11968,2025-05-23,2025-05-25,Aditya Joshi,Small Business,South,Clothing,Formal Shirt,4,0.0,11840.0,2960.0,Standard,2,2025-05,0.25
ORD-11969,2025-01-22,2025-01-28,Ananya Joshi,Small Business,Central,Electronics,Laptop,4,0.0,168316.0,20197.92,Standard,6,2025-01,0.12
ORD-11970,2025-05-15,2025-05-20,Ananya Nair,Consumer,Central,Groceries,Cooking Oil,1,0.0,463.0,37.04,Standard,5,2025-05,0.08
ORD-11971,2025-01-21,2025-01-24,Rohan Nair,Consumer,South,Furniture,Sofa,2,0.0,38904.0,7002.72,Standard,3,2025-01,0.18
ORD-11972,2024-07-31,2024-08-02,Arjun Khan,Small Business,East,Clothing,T-Shirt,3,0.15,5344.8,1015.51,Standard,2,2024-07,0.19
ORD-11973,2024-09-11,2024-09-13,Sneha Patel,Corporate,North,Furniture,Sofa,2,0.1,32565.6,4559.18,Standard,2,2024-09,0.14
ORD-11974,2024-09-14,2024-09-15,Meera Kapoor,Consumer,East,Groceries,Dairy Pack,1,0.2,553.6,-0.0,Standard,1,2024-09,-0.0
ORD-11975,2024-07-13,2024-07-19,Priya Singh,Corporate,South,Groceries,Dairy Pack,5,0.2,2188.0,-0.0,Express,6,2024-07,-0.0
ORD-11976,2024-03-07,2024-03-13,Sneha Iyer,Consumer,South,Clothing,T-Shirt,3,0.2,2968.8,504.7,Standard,6,2024-03,0.17
ORD-11977,2025-08-02,2025-08-07,Meera Mehta,Consumer,North,Clothing,Jeans,3,0.1,5794.2,1216.78,Express,5,2025-08,0.21
ORD-11978,2025-04-10,2025-04-12,Kavya Singh,Consumer,West,Furniture,Sofa,2,0.25,24922.5,1993.8,Same Day,2,2025-04,0.08
ORD-11979,2025-11-16,2025-11-18,Meera Gupta,Corporate,Central,Clothing,Formal Shirt,3,0.0,2508.0,627.0,Express,2,2025-11,0.25
ORD-11980,2024-01-26,2024-01-27,Diya Singh,Small Business,Central,Electronics,Headphones,1,0.15,13798.9,827.93,Standard,1,2024-01,0.06
ORD-11981,2024-01-27,2024-01-28,Priya Mehta,Consumer,South,Electronics,Smartwatch,1,0.05,20511.45,2051.14,Standard,1,2024-01,0.1
ORD-11982,2025-05-01,2025-05-04,Priya Rao,Small Business,North,Clothing,T-Shirt,1,0.15,3079.55,585.11,Express,3,2025-05,0.19
ORD-11983,2024-01-06,2024-01-07,Rahul Patel,Small Business,North,Furniture,Study Table,3,0.1,50665.5,7093.17,Express,1,2024-01,0.14
ORD-11984,2025-08-02,2025-08-05,Om Kapoor,Consumer,South,Furniture,Bookshelf,3,0.1,26778.6,3749.0,Standard,3,2025-08,0.14
ORD-11985,2025-10-16,2025-10-23,Aditya Malhotra,Consumer,Central,Furniture,Sofa,5,0.0,24105.0,4338.9,Standard,7,2025-10,0.18
ORD-11986,2024-01-06,2024-01-07,Kavya Rao,Corporate,Central,Groceries,Beverages,4,0.0,3540.0,283.2,Standard,1,2024-01,0.08
ORD-11987,2024-05-05,2024-05-06,Arjun Singh,Consumer,Central,Beauty,Hair Dryer,2,0.0,1894.0,416.68,Express,1,2024-05,0.22
ORD-11988,2024-08-27,2024-08-31,Rohan Gupta,Consumer,Central,Furniture,Bookshelf,1,0.1,5994.9,839.29,Standard,4,2024-08,0.14
ORD-11989,2024-01-30,2024-02-01,Priya Nair,Consumer,West,Electronics,Tablet,1,0.0,31431.0,3771.72,Standard,2,2024-01,0.12
ORD-11990,2025-08-17,2025-08-20,Arjun Sharma,Consumer,West,Beauty,Skincare Kit,1,0.0,1265.0,278.3,Standard,3,2025-08,0.22
ORD-11991,2025-02-18,2025-02-20,Zara Rao,Consumer,East,Furniture,Bookshelf,5,0.1,46413.0,6497.82,Standard,2,2025-02,0.14
ORD-11992,2024-02-07,2024-02-12,Sneha Kapoor,Corporate,South,Beauty,Perfume,4,0.1,5850.0,1053.0,Standard,5,2024-02,0.18
ORD-11993,2024-04-03,2024-04-09,Kavya Chatterjee,Consumer,North,Beauty,Trimmer,1,0.15,748.85,119.82,Standard,6,2024-04,0.16
ORD-11994,2025-05-14,2025-05-19,Sneha Khan,Consumer,West,Beauty,Makeup Kit,4,0.0,1596.0,351.12,Same Day,5,2025-05,0.22
ORD-11995,2024-12-07,2024-12-09,Ananya Mehta,Consumer,West,Groceries,Beverages,3,0.0,1530.0,122.4,Standard,2,2024-12,0.08
ORD-11996,2025-08-26,2025-08-31,Om Singh,Consumer,West,Electronics,Headphones,4,0.15,103499.4,6209.96,Standard,5,2025-08,0.06
ORD-11997,2024-11-10,2024-11-16,Neha Chatterjee,Small Business,South,Beauty,Hair Dryer,2,0.1,4507.2,811.3,Express,6,2024-11,0.18
ORD-11998,2024-02-05,2024-02-12,Neha Mehta,Consumer,West,Clothing,Jeans,1,0.0,978.0,244.5,Standard,7,2024-02,0.25
ORD-11999,2024-02-08,2024-02-09,Ishaan Gupta,Small Business,Central,Furniture,Study Table,1,0.1,5588.1,782.33,Standard,1,2024-02,0.14
ORD-12000,2025-03-06,2025-03-09,Aarav Malhotra,Corporate,West,Clothing,T-Shirt,3,0.05,8658.3,1991.41,Standard,3,2025-03,0.23
ORD-12001,2025-01-09,2025-01-12,Vivaan Gupta,Consumer,North,Furniture,Office Chair,1,0.1,3151.8,441.25,Standard,3,2025-01,0.14
ORD-12002,2024-05-02,2024-05-03,Ishaan Mehta,Consumer,Central,Electronics,Headphones,1,0.25,14108.25,282.16,Express,1,2024-05,0.02
ORD-12003,2025-03-21,2025-03-27,Neha Malhotra,Consumer,North,Clothing,Sneakers,5,0.05,6597.75,1517.48,Express,6,2025-03,0.23
ORD-12004,2025-02-07,2025-02-11,Zara Joshi,Corporate,North,Electronics,Smartphone,4,0.1,44474.4,3557.95,Express,4,2025-02,0.08
ORD-12005,2024-08-21,2024-08-28,Om Iyer,Small Business,South,Furniture,Study Table,5,0.05,10473.75,1675.8,Standard,7,2024-08,0.16
ORD-12006,2024-11-05,2024-11-11,Rahul Sharma,Small Business,South,Beauty,Trimmer,2,0.0,3090.0,679.8,Same Day,6,2024-11,0.22
ORD-12007,2024-04-29,2024-05-01,Arjun Singh,Corporate,Central,Electronics,Smartwatch,1,0.0,49417.0,5930.04,Express,2,2024-04,0.12
ORD-12008,2025-12-07,2025-12-08,Rohan Chatterjee,Small Business,Central,Furniture,Sofa,4,0.0,7820.0,1407.6,Standard,1,2025-12,0.18
ORD-12009,2024-06-16,2024-06-20,Vihaan Malhotra,Consumer,West,Beauty,Skincare Kit,4,0.0,3980.0,875.6,Standard,4,2024-06,0.22
ORD-12010,2025-06-23,2025-06-24,Arjun Iyer,Consumer,North,Groceries,Snacks Combo,4,0.1,2581.2,103.25,Express,1,2025-06,0.04
ORD-12011,2024-05-19,2024-05-24,Meera Khan,Consumer,South,Electronics,Headphones,1,0.05,16325.75,1632.57,Express,5,2024-05,0.1
ORD-12012,2025-02-11,2025-02-14,Om Joshi,Small Business,West,Groceries,Snacks Combo,4,0.05,3617.6,217.06,Express,3,2025-02,0.06
ORD-12013,2024-12-29,2025-01-05,Meera Iyer,Corporate,East,Beauty,Trimmer,3,0.0,6852.0,1507.44,Express,7,2024-12,0.22
ORD-12014,2024-05-19,2024-05-21,Rohan Das,Consumer,South,Beauty,Trimmer,5,0.0,7210.0,1586.2,Standard,2,2024-05,0.22
ORD-12015,2025-01-07,2025-01-14,Vihaan Khan,Consumer,West,Groceries,Cooking Oil,4,0.1,2458.8,98.35,Standard,7,2025-01,0.04
ORD-12016,2025-05-15,2025-05-16,Vivaan Malhotra,Small Business,East,Beauty,Trimmer,5,0.0,4510.0,992.2,Express,1,2025-05,0.22
ORD-12017,2024-10-23,2024-10-25,Om Iyer,Corporate,South,Groceries,Rice Pack,3,0.05,3069.45,184.17,Standard,2,2024-10,0.06
ORD-12018,2024-02-01,2024-02-07,Priya Nair,Consumer,West,Electronics,Smartwatch,3,0.2,120228.0,4809.12,Standard,6,2024-02,0.04
ORD-12019,2025-02-22,2025-02-25,Zara Singh,Consumer,North,Electronics,Headphones,5,0.15,178151.5,10689.09,Standard,3,2025-02,0.06
ORD-12020,2024-07-28,2024-08-03,Arjun Kapoor,Small Business,West,Beauty,Skincare Kit,2,0.0,1920.0,422.4,Standard,6,2024-07,0.22
ORD-12021,2025-05-19,2025-05-20,Saanvi Kapoor,Corporate,West,Beauty,Hair Dryer,5,0.15,8708.25,1393.32,Standard,1,2025-05,0.16
ORD-12022,2025-01-08,2025-01-14,Tanvi Singh,Corporate,West,Electronics,Tablet,2,0.05,61639.8,6163.98,Standard,6,2025-01,0.1
ORD-12023,2024-11-23,2024-11-26,Rohan Rao,Consumer,West,Electronics,Smartphone,3,0.0,142938.0,17152.56,Standard,3,2024-11,0.12
ORD-12024,2024-10-27,2024-10-29,Vihaan Sharma,Consumer,Central,Furniture,Study Table,1,0.05,22558.7,3609.39,Express,2,2024-10,0.16
ORD-12025,2025-03-08,2025-03-15,Diya Reddy,Consumer,East,Beauty,Skincare Kit,1,0.15,1100.75,176.12,Same Day,7,2025-03,0.16
ORD-12026,2025-07-02,2025-07-05,Rohan Verma,Corporate,East,Beauty,Perfume,1,0.05,2366.45,473.29,Same Day,3,2025-07,0.2
ORD-12027,2025-02-25,2025-03-01,Rohan Gupta,Consumer,Central,Clothing,Formal Shirt,4,0.0,12860.0,3215.0,Standard,4,2025-02,0.25
ORD-12028,2024-11-20,2024-11-24,Diya Sharma,Small Business,North,Furniture,Bookshelf,4,0.0,32900.0,5922.0,Standard,4,2024-11,0.18
ORD-12029,2025-01-19,2025-01-23,Rohan Patel,Corporate,South,Electronics,Smartwatch,1,0.25,3455.25,69.1,Express,4,2025-01,0.02
ORD-12030,2025-03-31,2025-04-02,Tanvi Sharma,Consumer,North,Clothing,T-Shirt,5,0.15,9804.75,1862.9,Standard,2,2025-03,0.19
ORD-12031,2025-04-28,2025-05-04,Om Reddy,Small Business,South,Electronics,Headphones,4,0.05,95136.8,9513.68,Same Day,6,2025-04,0.1
ORD-12032,2024-05-04,2024-05-10,Priya Malhotra,Consumer,South,Furniture,Sofa,5,0.15,93049.5,11165.94,Express,6,2024-05,0.12
ORD-12033,2025-07-24,2025-07-26,Ishaan Rao,Consumer,South,Clothing,Jacket,3,0.0,1560.0,390.0,Standard,2,2025-07,0.25
ORD-12034,2024-12-02,2024-12-08,Diya Iyer,Small Business,East,Furniture,Office Chair,5,0.1,89707.5,12559.05,Express,6,2024-12,0.14
ORD-12035,2025-12-10,2025-12-12,Aarav Singh,Consumer,West,Furniture,Office Chair,1,0.15,14651.45,1758.17,Standard,2,2025-12,0.12
ORD-12036,2025-01-22,2025-01-26,Vihaan Reddy,Corporate,East,Furniture,Bed Frame,1,0.15,11776.75,1413.21,Standard,4,2025-01,0.12
ORD-12037,2024-04-10,2024-04-12,Saanvi Rao,Small Business,West,Electronics,Headphones,2,0.25,77839.5,1556.79,Standard,2,2024-04,0.02
ORD-12038,2025-06-06,2025-06-11,Diya Nair,Consumer,North,Electronics,Smartwatch,1,0.0,18025.0,2163.0,Standard,5,2025-06,0.12
ORD-12039,2025-08-08,2025-08-09,Aditya Verma,Consumer,South,Groceries,Snacks Combo,1,0.1,434.7,17.39,Same Day,1,2025-08,0.04
ORD-12040,2025-06-11,2025-06-14,Vivaan Joshi,Consumer,East,Clothing,Jeans,1,0.0,524.0,131.0,Express,3,2025-06,0.25
ORD-12041,2024-03-29,2024-03-30,Diya Joshi,Small Business,West,Clothing,Jeans,5,0.05,10003.5,2300.8,Express,1,2024-03,0.23
ORD-12042,2024-10-21,2024-10-28,Kabir Sharma,Consumer,East,Groceries,Cooking Oil,3,0.0,2454.0,196.32,Standard,7,2024-10,0.08
ORD-12043,2024-05-28,2024-05-29,Saanvi Kapoor,Small Business,East,Electronics,Smartphone,2,0.0,89402.0,10728.24,Standard,1,2024-05,0.12
ORD-12044,2024-04-04,2024-04-06,Saanvi Joshi,Consumer,North,Clothing,Formal Shirt,3,0.0,4641.0,1160.25,Standard,2,2024-04,0.25
ORD-12045,2024-04-27,2024-05-01,Ananya Sharma,Corporate,Central,Clothing,Jeans,3,0.1,9711.9,2039.5,Express,4,2024-04,0.21
ORD-12046,2025-03-03,2025-03-08,Priya Patel,Small Business,North,Clothing,Jacket,5,0.0,16925.0,4231.25,Standard,5,2025-03,0.25
ORD-12047,2025-08-21,2025-08-22,Tanvi Verma,Small Business,South,Electronics,Headphones,1,0.1,13020.3,1041.62,Express,1,2025-08,0.08
ORD-12048,2025-03-12,2025-03-13,Diya Reddy,Small Business,West,Groceries,Cooking Oil,4,0.1,2948.4,117.94,Standard,1,2025-03,0.04
ORD-12049,2025-10-01,2025-10-02,Aarav Verma,Consumer,South,Clothing,Sneakers,5,0.05,15988.5,3677.36,Standard,1,2025-10,0.23
ORD-12050,2025-11-20,2025-11-21,Om Malhotra,Corporate,North,Beauty,Makeup Kit,5,0.05,6863.75,1372.75,Standard,1,2025-11,0.2
ORD-12051,2024-01-11,2024-01-12,Om Joshi,Corporate,South,Furniture,Study Table,4,0.0,47448.0,8540.64,Standard,1,2024-01,0.18
ORD-12052,2025-09-10,2025-09-15,Rohan Kapoor,Consumer,North,Furniture,Bed Frame,1,0.1,9425.7,1319.6,Standard,5,2025-09,0.14
ORD-12053,2025-01-25,2025-01-29,Vihaan Iyer,Consumer,Central,Groceries,Beverages,4,0.25,1938.0,-38.76,Standard,4,2025-01,-0.02
ORD-12054,2025-07-05,2025-07-10,Tanvi Das,Consumer,South,Electronics,Smartwatch,5,0.0,298115.0,35773.8,Express,5,2025-07,0.12
ORD-12055,2024-09-01,2024-09-07,Aditya Rao,Consumer,North,Beauty,Hair Dryer,3,0.1,772.2,139.0,Standard,6,2024-09,0.18
ORD-12056,2024-01-25,2024-02-01,Saanvi Das,Consumer,North,Furniture,Office Chair,1,0.15,14763.65,1771.64,Standard,7,2024-01,0.12
ORD-12057,2025-11-27,2025-12-04,Arjun Kapoor,Corporate,North,Electronics,Smartphone,4,0.1,168073.2,13445.86,Same Day,7,2025-11,0.08
ORD-12058,2025-05-10,2025-05-13,Neha Khan,Consumer,South,Furniture,Bed Frame,1,0.15,17513.4,2101.61,Standard,3,2025-05,0.12
ORD-12059,2025-07-15,2025-07-20,Kavya Verma,Consumer,North,Beauty,Trimmer,2,0.05,450.3,90.06,Same Day,5,2025-07,0.2
ORD-12060,2025-10-15,2025-10-16,Om Chatterjee,Corporate,West,Clothing,Jacket,2,0.2,3534.4,600.85,Express,1,2025-10,0.17
ORD-12061,2024-09-23,2024-09-27,Diya Chatterjee,Consumer,Central,Electronics,Tablet,5,0.1,141129.0,11290.32,Standard,4,2024-09,0.08
ORD-12062,2025-10-29,2025-11-03,Arjun Singh,Small Business,Central,Electronics,Smartwatch,1,0.1,43515.0,3481.2,Same Day,5,2025-10,0.08
ORD-12063,2025-08-15,2025-08-17,Tanvi Mehta,Consumer,North,Furniture,Bed Frame,5,0.05,27512.0,4401.92,Standard,2,2025-08,0.16
ORD-12064,2024-03-08,2024-03-10,Neha Khan,Consumer,East,Groceries,Cooking Oil,5,0.05,5125.25,307.52,Standard,2,2024-03,0.06
ORD-12065,2025-08-29,2025-09-05,Neha Kapoor,Corporate,East,Electronics,Laptop,3,0.05,140764.35,14076.44,Standard,7,2025-08,0.1
ORD-12066,2025-05-27,2025-05-30,Zara Gupta,Consumer,West,Electronics,Smartphone,4,0.1,133470.0,10677.6,Standard,3,2025-05,0.08
ORD-12067,2025-08-27,2025-08-31,Om Chatterjee,Consumer,South,Electronics,Laptop,4,0.0,64100.0,7692.0,Express,4,2025-08,0.12
ORD-12068,2025-11-20,2025-11-27,Meera Kapoor,Corporate,West,Beauty,Trimmer,2,0.1,5344.2,961.96,Express,7,2025-11,0.18
ORD-12069,2024-05-04,2024-05-10,Ishaan Verma,Small Business,East,Beauty,Perfume,4,0.0,9600.0,2112.0,Standard,6,2024-05,0.22
ORD-12070,2025-08-05,2025-08-12,Neha Joshi,Consumer,South,Electronics,Headphones,4,0.1,95713.2,7657.06,Standard,7,2025-08,0.08
ORD-12071,2025-06-17,2025-06-20,Ananya Sharma,Consumer,West,Electronics,Smartphone,3,0.05,48723.6,4872.36,Same Day,3,2025-06,0.1
ORD-12072,2025-03-22,2025-03-28,Neha Malhotra,Consumer,West,Groceries,Cooking Oil,5,0.0,3725.0,298.0,Standard,6,2025-03,0.08
ORD-12073,2024-03-23,2024-03-25,Om Reddy,Consumer,East,Groceries,Rice Pack,2,0.0,854.0,68.32,Express,2,2024-03,0.08
ORD-12074,2025-05-11,2025-05-16,Zara Das,Small Business,West,Groceries,Snacks Combo,4,0.15,4868.8,97.38,Standard,5,2025-05,0.02
ORD-12075,2024-10-05,2024-10-12,Neha Verma,Corporate,East,Clothing,Jacket,3,0.0,5007.0,1251.75,Express,7,2024-10,0.25
ORD-12076,2024-09-13,2024-09-16,Rohan Sharma,Small Business,Central,Beauty,Perfume,3,0.05,5058.75,1011.75,Standard,3,2024-09,0.2
ORD-12077,2025-05-13,2025-05-16,Vihaan Iyer,Consumer,West,Beauty,Makeup Kit,3,0.1,4282.2,770.8,Standard,3,2025-05,0.18
ORD-12078,2025-02-24,2025-02-25,Vihaan Joshi,Consumer,South,Groceries,Dairy Pack,5,0.0,4010.0,320.8,Express,1,2025-02,0.08
ORD-12079,2024-09-27,2024-10-04,Sneha Chatterjee,Corporate,West,Electronics,Headphones,3,0.15,102056.1,6123.37,Standard,7,2024-09,0.06
ORD-12080,2024-10-17,2024-10-21,Sneha Iyer,Small Business,West,Beauty,Trimmer,5,0.1,11488.5,2067.93,Standard,4,2024-10,0.18
ORD-12081,2025-10-19,2025-10-25,Tanvi Das,Corporate,West,Furniture,Study Table,2,0.05,3313.6,530.18,Same Day,6,2025-10,0.16
ORD-12082,2024-12-07,2024-12-09,Kavya Verma,Small Business,South,Groceries,Cooking Oil,3,0.1,3091.5,123.66,Standard,2,2024-12,0.04
ORD-12083,2024-10-01,2024-10-06,Aditya Nair,Consumer,Central,Groceries,Rice Pack,4,0.2,3081.6,-0.0,Same Day,5,2024-10,-0.0
ORD-12084,2025-11-10,2025-11-11,Neha Patel,Small Business,West,Electronics,Laptop,2,0.0,48168.0,5780.16,Same Day,1,2025-11,0.12
ORD-12085,2024-11-20,2024-11-27,Aditya Chatterjee,Consumer,West,Groceries,Dairy Pack,3,0.25,3321.0,-66.42,Same Day,7,2024-11,-0.02
ORD-12086,2025-11-14,2025-11-18,Neha Mehta,Small Business,Central,Furniture,Bookshelf,3,0.15,55839.9,6700.79,Standard,4,2025-11,0.12
ORD-12087,2024-01-18,2024-01-23,Vivaan Mehta,Consumer,Central,Electronics,Smartphone,1,0.0,14745.0,1769.4,Standard,5,2024-01,0.12
ORD-12088,2024-04-21,2024-04-25,Sneha Verma,Consumer,West,Electronics,Smartwatch,5,0.0,256550.0,30786.0,Same Day,4,2024-04,0.12
ORD-12089,2025-03-15,2025-03-16,Saanvi Rao,Corporate,East,Groceries,Rice Pack,5,0.2,5616.0,0.0,Standard,1,2025-03,0.0
ORD-12090,2025-03-11,2025-03-14,Neha Nair,Consumer,West,Furniture,Office Chair,4,0.1,48906.0,6846.84,Standard,3,2025-03,0.14
ORD-12091,2025-03-07,2025-03-14,Ishaan Sharma,Consumer,North,Furniture,Bookshelf,4,0.0,12912.0,2324.16,Express,7,2025-03,0.18
ORD-12092,2024-11-15,2024-11-16,Aditya Kapoor,Consumer,West,Electronics,Laptop,4,0.0,47656.0,5718.72,Standard,1,2024-11,0.12
ORD-12093,2025-05-30,2025-06-02,Kabir Verma,Small Business,Central,Furniture,Sofa,2,0.1,22102.2,3094.31,Standard,3,2025-05,0.14
ORD-12094,2024-02-26,2024-03-04,Rahul Nair,Small Business,Central,Clothing,Jacket,5,0.0,19370.0,4842.5,Express,7,2024-02,0.25
ORD-12095,2025-12-05,2025-12-06,Vivaan Gupta,Corporate,Central,Groceries,Cooking Oil,2,0.25,1486.5,-29.73,Standard,1,2025-12,-0.02
ORD-12096,2024-04-12,2024-04-19,Vihaan Mehta,Consumer,North,Furniture,Bed Frame,1,0.0,11399.0,2051.82,Same Day,7,2024-04,0.18
ORD-12097,2025-12-01,2025-12-02,Aarav Rao,Corporate,North,Clothing,Jacket,5,0.1,13590.0,2853.9,Express,1,2025-12,0.21
ORD-12098,2024-11-30,2024-12-01,Tanvi Verma,Consumer,North,Clothing,Jeans,4,0.1,10569.6,2219.62,Standard,1,2024-11,0.21
ORD-12099,2025-05-21,2025-05-27,Ananya Chatterjee,Consumer,West,Beauty,Makeup Kit,4,0.05,10735.0,2147.0,Express,6,2025-05,0.2
ORD-12100,2024-10-25,2024-10-29,Meera Patel,Consumer,North,Clothing,Sneakers,4,0.0,11116.0,2779.0,Standard,4,2024-10,0.25
ORD-12101,2025-06-02,2025-06-07,Om Gupta,Small Business,North,Clothing,Sneakers,4,0.05,9861.0,2268.03,Express,5,2025-06,0.23
ORD-12102,2024-10-13,2024-10-15,Kabir Reddy,Corporate,Central,Electronics,Smartwatch,3,0.15,90652.5,5439.15,Standard,2,2024-10,0.06
ORD-12103,2025-07-30,2025-07-31,Diya Iyer,Small Business,West,Clothing,Jeans,4,0.0,4528.0,1132.0,Standard,1,2025-07,0.25
ORD-12104,2024-02-17,2024-02-22,Aditya Rao,Corporate,Central,Furniture,Study Table,2,0.05,15257.0,2441.12,Standard,5,2024-02,0.16
ORD-12105,2024-08-22,2024-08-25,Aditya Nair,Consumer,North,Clothing,Jacket,3,0.1,8135.1,1708.37,Same Day,3,2024-08,0.21
ORD-12106,2024-10-28,2024-10-31,Kavya Mehta,Consumer,North,Clothing,Formal Shirt,2,0.0,5906.0,1476.5,Standard,3,2024-10,0.25
ORD-12107,2024-06-20,2024-06-21,Aditya Sharma,Corporate,North,Groceries,Snacks Combo,5,0.0,6495.0,519.6,Standard,1,2024-06,0.08
ORD-12108,2024-08-03,2024-08-06,Kabir Nair,Consumer,Central,Electronics,Tablet,3,0.0,142518.0,17102.16,Express,3,2024-08,0.12
ORD-12109,2024-11-16,2024-11-19,Om Malhotra,Consumer,South,Furniture,Study Table,1,0.0,21543.0,3877.74,Standard,3,2024-11,0.18
ORD-12110,2024-04-20,2024-04-22,Vihaan Nair,Consumer,Central,Furniture,Bed Frame,3,0.05,45032.85,7205.26,Standard,2,2024-04,0.16
ORD-12111,2025-04-08,2025-04-10,Kabir Sharma,Corporate,North,Electronics,Laptop,4,0.15,125664.0,7539.84,Standard,2,2025-04,0.06
ORD-12112,2025-08-02,2025-08-03,Kabir Rao,Small Business,Central,Clothing,Sneakers,2,0.25,4381.5,657.22,Express,1,2025-08,0.15
ORD-12113,2024-11-20,2024-11-27,Meera Singh,Consumer,West,Beauty,Trimmer,3,0.1,5456.7,982.21,Express,7,2024-11,0.18
ORD-12114,2025-04-20,2025-04-27,Aditya Kapoor,Corporate,North,Clothing,T-Shirt,2,0.1,2507.4,526.55,Standard,7,2025-04,0.21
ORD-12115,2024-08-31,2024-09-06,Arjun Iyer,Corporate,East,Clothing,Formal Shirt,2,0.0,6906.0,1726.5,Same Day,6,2024-08,0.25
ORD-12116,2024-09-22,2024-09-28,Ananya Nair,Consumer,North,Electronics,Smartwatch,4,0.15,57966.6,3478.0,Express,6,2024-09,0.06
ORD-12117,2025-10-19,2025-10-24,Neha Das,Consumer,North,Beauty,Skincare Kit,1,0.05,1337.6,267.52,Standard,5,2025-10,0.2
ORD-12118,2024-07-04,2024-07-11,Tanvi Khan,Consumer,Central,Clothing,Formal Shirt,1,0.0,1612.0,403.0,Standard,7,2024-07,0.25
ORD-12119,2024-11-26,2024-12-02,Tanvi Rao,Corporate,West,Electronics,Tablet,4,0.05,146383.6,14638.36,Express,6,2024-11,0.1
ORD-12120,2024-10-02,2024-10-06,Aarav Rao,Consumer,West,Groceries,Dairy Pack,4,0.0,4136.0,330.88,Standard,4,2024-10,0.08
ORD-12121,2025-05-01,2025-05-05,Diya Malhotra,Small Business,South,Furniture,Office Chair,4,0.0,70308.0,12655.44,Standard,4,2025-05,0.18
ORD-12122,2025-12-09,2025-12-13,Tanvi Malhotra,Small Business,West,Beauty,Trimmer,5,0.0,13970.0,3073.4,Express,4,2025-12,0.22
ORD-12123,2025-08-01,2025-08-06,Meera Chatterjee,Consumer,West,Electronics,Headphones,1,0.0,21363.0,2563.56,Standard,5,2025-08,0.12
ORD-12124,2024-12-01,2024-12-06,Saanvi Reddy,Consumer,Central,Electronics,Tablet,5,0.25,156776.25,3135.52,Express,5,2024-12,0.02
ORD-12125,2025-05-13,2025-05-19,Rahul Rao,Consumer,North,Groceries,Beverages,5,0.1,1984.5,79.38,Express,6,2025-05,0.04
ORD-12126,2024-08-16,2024-08-19,Priya Gupta,Small Business,West,Furniture,Bed Frame,4,0.05,45869.8,7339.17,Express,3,2024-08,0.16
ORD-12127,2025-06-02,2025-06-07,Vivaan Khan,Consumer,West,Beauty,Makeup Kit,4,0.1,9604.8,1728.86,Standard,5,2025-06,0.18
ORD-12128,2025-04-07,2025-04-12,Kavya Das,Small Business,West,Electronics,Tablet,3,0.05,30215.7,3021.57,Same Day,5,2025-04,0.1
ORD-12129,2025-06-04,2025-06-05,Ananya Verma,Corporate,Central,Electronics,Headphones,4,0.15,32983.4,1979.0,Express,1,2025-06,0.06
ORD-12130,2025-06-08,2025-06-15,Ishaan Iyer,Consumer,North,Clothing,Jeans,2,0.0,4870.0,1217.5,Standard,7,2025-06,0.25
ORD-12131,2025-06-05,2025-06-06,Om Mehta,Corporate,West,Groceries,Rice Pack,5,0.2,3076.0,-0.0,Standard,1,2025-06,-0.0
ORD-12132,2024-07-26,2024-07-31,Tanvi Kapoor,Small Business,South,Furniture,Sofa,1,0.2,16888.0,1688.8,Express,5,2024-07,0.1
ORD-12133,2025-03-08,2025-03-14,Ishaan Chatterjee,Small Business,Central,Clothing,Sneakers,3,0.1,8372.7,1758.27,Express,6,2025-03,0.21
ORD-12134,2024-06-13,2024-06-18,Vihaan Gupta,Corporate,West,Electronics,Tablet,1,0.25,26538.75,530.78,Same Day,5,2024-06,0.02
ORD-12135,2025-12-13,2025-12-16,Arjun Mehta,Consumer,Central,Furniture,Bookshelf,1,0.0,18444.0,3319.92,Express,3,2025-12,0.18
ORD-12136,2024-01-28,2024-02-04,Meera Malhotra,Consumer,West,Clothing,Jeans,3,0.0,7980.0,1995.0,Standard,7,2024-01,0.25
ORD-12137,2024-10-06,2024-10-10,Diya Mehta,Consumer,East,Furniture,Bookshelf,5,0.0,87960.0,15832.8,Express,4,2024-10,0.18
ORD-12138,2025-11-16,2025-11-18,Kavya Patel,Consumer,Central,Clothing,Jeans,1,0.1,2162.7,454.17,Express,2,2025-11,0.21
ORD-12139,2024-08-29,2024-09-02,Rohan Gupta,Consumer,East,Clothing,Formal Shirt,5,0.1,13617.0,2859.57,Standard,4,2024-08,0.21
ORD-12140,2024-12-06,2024-12-10,Meera Singh,Consumer,South,Electronics,Smartwatch,1,0.05,20660.6,2066.06,Standard,4,2024-12,0.1
ORD-12141,2024-01-30,2024-02-06,Kavya Iyer,Consumer,South,Groceries,Dairy Pack,3,0.15,2116.5,42.33,Standard,7,2024-01,0.02
ORD-12142,2024-08-16,2024-08-21,Ishaan Joshi,Consumer,West,Groceries,Rice Pack,4,0.05,5084.4,305.06,Express,5,2024-08,0.06
ORD-12143,2024-03-07,2024-03-09,Arjun Iyer,Small Business,South,Groceries,Dairy Pack,1,0.15,498.1,9.96,Standard,2,2024-03,0.02
ORD-12144,2024-12-31,2025-01-06,Priya Rao,Corporate,North,Clothing,Jeans,4,0.1,12920.4,2713.28,Standard,6,2024-12,0.21
ORD-12145,2024-04-02,2024-04-06,Priya Singh,Consumer,East,Beauty,Makeup Kit,1,0.1,2377.8,428.0,Standard,4,2024-04,0.18
ORD-12146,2025-07-14,2025-07-17,Rohan Joshi,Consumer,North,Groceries,Cooking Oil,3,0.15,3309.9,66.2,Standard,3,2025-07,0.02
ORD-12147,2025-04-27,2025-05-01,Vivaan Iyer,Small Business,North,Beauty,Makeup Kit,2,0.0,3206.0,705.32,Express,4,2025-04,0.22
ORD-12148,2024-02-01,2024-02-05,Meera Sharma,Corporate,West,Furniture,Sofa,2,0.1,9171.0,1283.94,Standard,4,2024-02,0.14
ORD-12149,2024-08-25,2024-08-26,Kavya Singh,Consumer,Central,Clothing,Jeans,4,0.2,6822.4,1159.81,Express,1,2024-08,0.17
ORD-12150,2025-06-03,2025-06-06,Rahul Mehta,Small Business,North,Furniture,Sofa,1,0.0,21290.0,3832.2,Same Day,3,2025-06,0.18
ORD-12151,2024-07-25,2024-08-01,Meera Nair,Corporate,Central,Beauty,Perfume,2,0.05,5346.6,1069.32,Same Day,7,2024-07,0.2
ORD-12152,2025-02-27,2025-03-03,Rahul Patel,Consumer,Central,Clothing,Jacket,5,0.0,6400.0,1600.0,Standard,4,2025-02,0.25
ORD-12153,2025-11-06,2025-11-12,Neha Khan,Consumer,West,Electronics,Laptop,1,0.0,29541.0,3544.92,Express,6,2025-11,0.12
ORD-12154,2025-08-06,2025-08-11,Diya Iyer,Consumer,Central,Beauty,Perfume,3,0.1,1112.4,200.23,Standard,5,2025-08,0.18
ORD-12155,2024-06-22,2024-06-25,Rohan Singh,Small Business,South,Groceries,Snacks Combo,4,0.1,5151.6,206.06,Same Day,3,2024-06,0.04
ORD-12156,2025-09-11,2025-09-17,Kabir Kapoor,Corporate,North,Groceries,Beverages,4,0.15,1332.8,26.66,Standard,6,2025-09,0.02
ORD-12157,2024-05-04,2024-05-05,Neha Khan,Corporate,West,Beauty,Trimmer,4,0.15,4556.0,728.96,Express,1,2024-05,0.16
ORD-12158,2025-08-15,2025-08-21,Aditya Das,Consumer,North,Electronics,Tablet,1,0.1,40130.1,3210.41,Standard,6,2025-08,0.08
ORD-12159,2025-05-06,2025-05-12,Ishaan Rao,Small Business,South,Furniture,Bookshelf,5,0.05,85880.0,13740.8,Standard,6,2025-05,0.16
ORD-12160,2024-08-22,2024-08-29,Zara Patel,Consumer,West,Groceries,Cooking Oil,3,0.15,1889.55,37.79,Standard,7,2024-08,0.02
ORD-12161,2025-03-08,2025-03-12,Ishaan Iyer,Corporate,North,Clothing,Formal Shirt,5,0.1,11380.5,2389.9,Standard,4,2025-03,0.21
ORD-12162,2025-07-28,2025-07-30,Vihaan Iyer,Corporate,Central,Clothing,T-Shirt,5,0.05,12359.5,2842.68,Express,2,2025-07,0.23
ORD-12163,2024-08-18,2024-08-23,Vihaan Khan,Consumer,South,Electronics,Headphones,2,0.05,32725.6,3272.56,Standard,5,2024-08,0.1
ORD-12164,2025-07-20,2025-07-25,Rahul Sharma,Small Business,South,Beauty,Hair Dryer,1,0.0,2156.0,474.32,Standard,5,2025-07,0.22
ORD-12165,2024-12-18,2024-12-21,Priya Patel,Small Business,Central,Beauty,Hair Dryer,1,0.2,1423.2,199.25,Express,3,2024-12,0.14
ORD-12166,2025-03-24,2025-03-30,Om Chatterjee,Consumer,Central,Beauty,Trimmer,3,0.0,3975.0,874.5,Express,6,2025-03,0.22
ORD-12167,2024-08-17,2024-08-22,Tanvi Khan,Consumer,Central,Electronics,Laptop,5,0.0,120095.0,14411.4,Standard,5,2024-08,0.12
ORD-12168,2025-09-17,2025-09-24,Vivaan Chatterjee,Consumer,Central,Groceries,Beverages,4,0.15,2084.2,41.68,Standard,7,2025-09,0.02
ORD-12169,2024-12-06,2024-12-07,Sneha Malhotra,Consumer,East,Furniture,Office Chair,1,0.2,9549.6,954.96,Express,1,2024-12,0.1
ORD-12170,2024-11-04,2024-11-08,Meera Singh,Corporate,South,Electronics,Laptop,4,0.1,175298.4,14023.87,Standard,4,2024-11,0.08
ORD-12171,2025-03-11,2025-03-18,Tanvi Verma,Consumer,North,Groceries,Beverages,3,0.1,2351.7,94.07,Express,7,2025-03,0.04
ORD-12172,2025-11-29,2025-11-30,Diya Rao,Consumer,South,Clothing,Sneakers,1,0.2,1337.6,227.39,Standard,1,2025-11,0.17
ORD-12173,2025-11-25,2025-11-27,Vihaan Verma,Small Business,West,Clothing,T-Shirt,1,0.0,3465.0,866.25,Standard,2,2025-11,0.25
ORD-12174,2025-05-24,2025-05-28,Sneha Mehta,Corporate,North,Clothing,Formal Shirt,2,0.05,6072.4,1396.65,Standard,4,2025-05,0.23
ORD-12175,2025-09-01,2025-09-02,Rahul Chatterjee,Consumer,South,Electronics,Tablet,2,0.0,5492.0,659.04,Standard,1,2025-09,0.12
ORD-12176,2025-08-12,2025-08-18,Om Nair,Corporate,East,Groceries,Snacks Combo,1,0.0,759.0,60.72,Standard,6,2025-08,0.08
ORD-12177,2024-01-28,2024-01-31,Diya Gupta,Corporate,North,Beauty,Perfume,4,0.1,8276.4,1489.75,Express,3,2024-01,0.18
ORD-12178,2024-01-02,2024-01-09,Meera Reddy,Corporate,South,Groceries,Cooking Oil,4,0.05,2671.4,160.28,Express,7,2024-01,0.06
ORD-12179,2024-02-06,2024-02-10,Tanvi Mehta,Consumer,West,Groceries,Beverages,5,0.0,7325.0,586.0,Same Day,4,2024-02,0.08
ORD-12180,2024-04-14,2024-04-19,Kavya Singh,Consumer,North,Furniture,Bookshelf,3,0.05,16219.35,2595.1,Standard,5,2024-04,0.16
ORD-12181,2025-08-16,2025-08-19,Ishaan Khan,Small Business,Central,Electronics,Smartphone,1,0.1,42759.0,3420.72,Standard,3,2025-08,0.08
ORD-12182,2025-09-12,2025-09-16,Aditya Iyer,Consumer,West,Clothing,Formal Shirt,5,0.05,3410.5,784.42,Express,4,2025-09,0.23
ORD-12183,2025-03-13,2025-03-17,Ananya Verma,Consumer,West,Beauty,Trimmer,5,0.1,7186.5,1293.57,Standard,4,2025-03,0.18
ORD-12184,2024-08-17,2024-08-22,Aarav Kapoor,Corporate,North,Furniture,Sofa,2,0.15,37979.7,4557.56,Standard,5,2024-08,0.12
ORD-12185,2025-09-07,2025-09-11,Arjun Singh,Consumer,East,Furniture,Bookshelf,3,0.1,25488.0,3568.32,Express,4,2025-09,0.14
ORD-12186,2024-03-22,2024-03-29,Rohan Malhotra,Consumer,Central,Furniture,Bookshelf,2,0.05,30113.1,4818.1,Standard,7,2024-03,0.16
ORD-12187,2024-06-11,2024-06-15,Rahul Singh,Consumer,Central,Clothing,Jacket,2,0.05,6152.2,1415.01,Standard,4,2024-06,0.23
ORD-12188,2024-09-20,2024-09-27,Arjun Verma,Consumer,North,Groceries,Rice Pack,2,0.0,608.0,48.64,Express,7,2024-09,0.08
ORD-12189,2025-10-21,2025-10-27,Meera Singh,Consumer,West,Clothing,Jeans,2,0.1,2943.0,618.03,Same Day,6,2025-10,0.21
ORD-12190,2024-12-26,2024-12-31,Tanvi Reddy,Corporate,West,Furniture,Bed Frame,4,0.15,38525.4,4623.05,Express,5,2024-12,0.12
ORD-12191,2024-12-13,2024-12-14,Rahul Patel,Consumer,North,Clothing,Sneakers,5,0.0,12040.0,3010.0,Standard,1,2024-12,0.25
ORD-12192,2025-01-29,2025-02-05,Rahul Nair,Corporate,North,Electronics,Headphones,4,0.0,66332.0,7959.84,Standard,7,2025-01,0.12
ORD-12193,2025-02-22,2025-03-01,Sneha Verma,Small Business,East,Clothing,Formal Shirt,1,0.15,1417.8,269.38,Standard,7,2025-02,0.19
ORD-12194,2025-07-25,2025-07-31,Kavya Das,Small Business,East,Electronics,Smartwatch,1,0.15,50173.8,3010.43,Same Day,6,2025-07,0.06
ORD-12195,2025-09-29,2025-10-04,Sneha Joshi,Consumer,West,Electronics,Tablet,4,0.0,209492.0,25139.04,Standard,5,2025-09,0.12
ORD-12196,2024-02-16,2024-02-18,Meera Gupta,Small Business,North,Electronics,Smartphone,4,0.0,79940.0,9592.8,Standard,2,2024-02,0.12
ORD-12197,2025-11-11,2025-11-15,Priya Khan,Consumer,Central,Furniture,Office Chair,3,0.0,55875.0,10057.5,Standard,4,2025-11,0.18
ORD-12198,2025-12-11,2025-12-12,Arjun Iyer,Consumer,South,Groceries,Rice Pack,4,0.05,2618.2,157.09,Standard,1,2025-12,0.06
ORD-12199,2025-11-01,2025-11-03,Kavya Khan,Consumer,Central,Electronics,Laptop,5,0.0,180225.0,21627.0,Standard,2,2025-11,0.12
ORD-12200,2025-06-08,2025-06-09,Ananya Gupta,Consumer,North,Electronics,Laptop,4,0.0,202388.0,24286.56,Standard,1,2025-06,0.12
ORD-12201,2025-05-12,2025-05-14,Neha Verma,Small Business,West,Groceries,Beverages,3,0.0,543.0,43.44,Standard,2,2025-05,0.08
ORD-12202,2024-11-16,2024-11-23,Vivaan Sharma,Corporate,East,Beauty,Skincare Kit,2,0.1,666.0,119.88,Standard,7,2024-11,0.18
ORD-12203,2025-08-10,2025-08-13,Rahul Singh,Small Business,South,Clothing,Sneakers,5,0.15,13872.0,2635.68,Standard,3,2025-08,0.19
ORD-12204,2024-03-28,2024-04-04,Kabir Verma,Consumer,West,Clothing,T-Shirt,3,0.0,1914.0,478.5,Standard,7,2024-03,0.25
ORD-12205,2025-03-25,2025-03-28,Kabir Singh,Consumer,North,Groceries,Snacks Combo,4,0.05,459.8,27.59,Standard,3,2025-03,0.06
ORD-12206,2024-07-18,2024-07-21,Om Mehta,Consumer,East,Furniture,Sofa,5,0.0,17680.0,3182.4,Standard,3,2024-07,0.18
ORD-12207,2025-07-07,2025-07-13,Sneha Khan,Consumer,South,Electronics,Laptop,1,0.1,8210.7,656.86,Standard,6,2025-07,0.08
ORD-12208,2024-03-21,2024-03-24,Kavya Patel,Small Business,West,Groceries,Snacks Combo,4,0.1,1292.4,51.7,Standard,3,2024-03,0.04
ORD-12209,2024-12-08,2024-12-14,Zara Nair,Consumer,North,Clothing,T-Shirt,1,0.15,3269.95,621.29,Standard,6,2024-12,0.19
ORD-12210,2025-04-03,2025-04-08,Aditya Joshi,Small Business,North,Beauty,Perfume,3,0.1,5975.1,1075.52,Standard,5,2025-04,0.18
ORD-12211,2025-04-11,2025-04-14,Diya Patel,Consumer,South,Beauty,Makeup Kit,2,0.1,2358.0,424.44,Express,3,2025-04,0.18
ORD-12212,2025-06-08,2025-06-13,Sneha Rao,Small Business,Central,Groceries,Rice Pack,3,0.0,3840.0,307.2,Standard,5,2025-06,0.08
ORD-12213,2025-06-29,2025-07-02,Arjun Rao,Consumer,North,Groceries,Snacks Combo,1,0.05,466.45,27.99,Same Day,3,2025-06,0.06
ORD-12214,2025-12-18,2025-12-23,Ishaan Reddy,Consumer,North,Furniture,Office Chair,4,0.2,79228.8,7922.88,Standard,5,2025-12,0.1
ORD-12215,2024-12-26,2024-12-27,Kavya Joshi,Consumer,North,Beauty,Trimmer,4,0.1,9676.8,1741.82,Same Day,1,2024-12,0.18
ORD-12216,2024-08-05,2024-08-11,Arjun Iyer,Corporate,East,Clothing,Jeans,5,0.15,10442.25,1984.03,Standard,6,2024-08,0.19
ORD-12217,2025-09-27,2025-10-01,Kabir Kapoor,Consumer,East,Groceries,Dairy Pack,3,0.15,3133.95,62.68,Standard,4,2025-09,0.02
ORD-12218,2024-12-17,2024-12-23,Tanvi Joshi,Consumer,Central,Furniture,Sofa,3,0.1,28787.4,4030.24,Standard,6,2024-12,0.14
ORD-12219,2024-08-20,2024-08-21,Priya Iyer,Corporate,West,Furniture,Bed Frame,2,0.05,3247.1,519.54,Standard,1,2024-08,0.16
ORD-12220,2025-12-05,2025-12-12,Kavya Malhotra,Consumer,South,Groceries,Snacks Combo,3,0.0,1764.0,141.12,Standard,7,2025-12,0.08
ORD-12221,2025-01-24,2025-01-30,Tanvi Malhotra,Corporate,South,Furniture,Bed Frame,1,0.1,2513.7,351.92,Standard,6,2025-01,0.14
ORD-12222,2024-02-11,2024-02-17,Ananya Malhotra,Consumer,North,Clothing,T-Shirt,1,0.0,685.0,171.25,Standard,6,2024-02,0.25
ORD-12223,2025-09-18,2025-09-24,Zara Chatterjee,Consumer,West,Electronics,Smartphone,2,0.1,37285.2,2982.82,Express,6,2025-09,0.08
ORD-12224,2024-04-17,2024-04-20,Kabir Reddy,Corporate,North,Groceries,Dairy Pack,4,0.05,1835.4,110.12,Standard,3,2024-04,0.06
ORD-12225,2024-10-27,2024-11-03,Rohan Iyer,Small Business,East,Groceries,Rice Pack,5,0.0,6660.0,532.8,Standard,7,2024-10,0.08
ORD-12226,2025-03-17,2025-03-20,Om Rao,Consumer,West,Clothing,Jacket,3,0.1,10092.6,2119.45,Standard,3,2025-03,0.21
ORD-12227,2024-03-25,2024-03-29,Saanvi Reddy,Corporate,East,Beauty,Skincare Kit,5,0.0,2505.0,551.1,Standard,4,2024-03,0.22
ORD-12228,2025-03-03,2025-03-09,Vivaan Reddy,Consumer,South,Electronics,Smartphone,3,0.15,56173.95,3370.44,Express,6,2025-03,0.06
ORD-12229,2025-10-15,2025-10-22,Kavya Gupta,Consumer,South,Electronics,Tablet,4,0.05,44729.8,4472.98,Standard,7,2025-10,0.1
ORD-12230,2025-03-17,2025-03-21,Ananya Kapoor,Consumer,South,Electronics,Headphones,1,0.15,42028.25,2521.69,Same Day,4,2025-03,0.06
ORD-12231,2024-11-24,2024-11-30,Rahul Das,Consumer,North,Furniture,Office Chair,1,0.0,20417.0,3675.06,Express,6,2024-11,0.18
ORD-12232,2024-10-16,2024-10-18,Priya Reddy,Consumer,West,Electronics,Tablet,3,0.1,14021.1,1121.69,Same Day,2,2024-10,0.08
ORD-12233,2024-01-01,2024-01-02,Rahul Nair,Consumer,North,Electronics,Smartwatch,1,0.0,27419.0,3290.28,Standard,1,2024-01,0.12
ORD-12234,2024-09-26,2024-10-03,Vivaan Nair,Consumer,West,Clothing,Jeans,4,0.2,8620.8,1465.54,Standard,7,2024-09,0.17
ORD-12235,2024-09-08,2024-09-12,Aarav Singh,Corporate,Central,Beauty,Perfume,5,0.0,11450.0,2519.0,Standard,4,2024-09,0.22
ORD-12236,2024-03-24,2024-03-27,Ananya Joshi,Consumer,North,Furniture,Bookshelf,4,0.0,95576.0,17203.68,Standard,3,2024-03,0.18
ORD-12237,2024-09-26,2024-10-03,Saanvi Nair,Consumer,South,Groceries,Dairy Pack,5,0.25,4320.0,-86.4,Standard,7,2024-09,-0.02
ORD-12238,2024-12-06,2024-12-11,Vihaan Mehta,Corporate,West,Groceries,Dairy Pack,3,0.0,4086.0,326.88,Standard,5,2024-12,0.08
ORD-12239,2024-04-29,2024-05-04,Ishaan Singh,Consumer,South,Electronics,Smartphone,2,0.0,83600.0,10032.0,Express,5,2024-04,0.12
ORD-12240,2024-11-11,2024-11-15,Meera Singh,Small Business,West,Groceries,Snacks Combo,3,0.15,887.4,17.75,Express,4,2024-11,0.02
ORD-12241,2024-04-18,2024-04-22,Kavya Sharma,Corporate,North,Beauty,Trimmer,3,0.0,4881.0,1073.82,Express,4,2024-04,0.22
ORD-12242,2024-07-12,2024-07-14,Rohan Joshi,Consumer,North,Groceries,Dairy Pack,5,0.05,608.0,36.48,Same Day,2,2024-07,0.06
ORD-12243,2025-06-08,2025-06-09,Aarav Iyer,Small Business,West,Groceries,Snacks Combo,2,0.1,855.0,34.2,Standard,1,2025-06,0.04
ORD-12244,2025-11-29,2025-12-05,Kavya Sharma,Corporate,North,Groceries,Beverages,1,0.05,678.3,40.7,Express,6,2025-11,0.06
ORD-12245,2025-11-15,2025-11-19,Kavya Singh,Consumer,West,Clothing,Jacket,2,0.0,6228.0,1557.0,Same Day,4,2025-11,0.25
ORD-12246,2025-04-28,2025-05-03,Diya Reddy,Small Business,Central,Electronics,Laptop,2,0.25,79872.0,1597.44,Express,5,2025-04,0.02
ORD-12247,2024-01-05,2024-01-10,Rahul Reddy,Corporate,East,Groceries,Rice Pack,1,0.0,1080.0,86.4,Express,5,2024-01,0.08
ORD-12248,2025-10-13,2025-10-18,Zara Rao,Small Business,West,Clothing,T-Shirt,4,0.15,8642.8,1642.13,Standard,5,2025-10,0.19
ORD-12249,2024-09-17,2024-09-20,Tanvi Reddy,Corporate,West,Furniture,Office Chair,3,0.0,27315.0,4916.7,Standard,3,2024-09,0.18
ORD-12250,2025-12-23,2025-12-30,Zara Kapoor,Corporate,North,Clothing,T-Shirt,5,0.1,9234.0,1939.14,Standard,7,2025-12,0.21
ORD-12251,2024-06-28,2024-06-29,Diya Verma,Consumer,North,Furniture,Study Table,5,0.2,54396.0,5439.6,Express,1,2024-06,0.1
ORD-12252,2025-05-01,2025-05-04,Kavya Patel,Corporate,East,Clothing,Formal Shirt,2,0.0,2142.0,535.5,Same Day,3,2025-05,0.25
ORD-12253,2025-01-31,2025-02-02,Aarav Joshi,Small Business,South,Groceries,Cooking Oil,1,0.1,504.0,20.16,Standard,2,2025-01,0.04
ORD-12254,2024-04-27,2024-05-02,Aarav Iyer,Corporate,South,Beauty,Perfume,2,0.05,3587.2,717.44,Standard,5,2024-04,0.2
ORD-12255,2025-07-02,2025-07-08,Kavya Rao,Corporate,East,Electronics,Tablet,2,0.05,99736.7,9973.67,Express,6,2025-07,0.1
ORD-12256,2025-05-17,2025-05-24,Om Reddy,Consumer,South,Groceries,Dairy Pack,3,0.05,1131.45,67.89,Standard,7,2025-05,0.06
ORD-12257,2024-10-30,2024-11-06,Ishaan Chatterjee,Consumer,South,Groceries,Rice Pack,1,0.0,987.0,78.96,Standard,7,2024-10,0.08
ORD-12258,2025-10-12,2025-10-17,Sneha Singh,Small Business,Central,Furniture,Study Table,4,0.05,35940.4,5750.46,Standard,5,2025-10,0.16
ORD-12259,2024-11-02,2024-11-05,Aditya Patel,Consumer,Central,Electronics,Laptop,4,0.1,118616.4,9489.31,Express,3,2024-11,0.08
ORD-12260,2025-06-07,2025-06-10,Om Singh,Corporate,East,Electronics,Smartwatch,2,0.05,102619.0,10261.9,Standard,3,2025-06,0.1
ORD-12261,2024-10-31,2024-11-05,Vihaan Malhotra,Consumer,Central,Electronics,Headphones,1,0.0,19007.0,2280.84,Standard,5,2024-10,0.12
ORD-12262,2024-03-22,2024-03-24,Priya Rao,Consumer,North,Groceries,Snacks Combo,5,0.0,1700.0,136.0,Standard,2,2024-03,0.08
ORD-12263,2024-05-02,2024-05-08,Priya Iyer,Corporate,South,Electronics,Laptop,2,0.2,47440.0,1897.6,Standard,6,2024-05,0.04
ORD-12264,2024-06-27,2024-06-30,Om Reddy,Corporate,West,Beauty,Trimmer,1,0.0,1920.0,422.4,Same Day,3,2024-06,0.22
ORD-12265,2025-02-02,2025-02-07,Kavya Patel,Consumer,South,Clothing,Jeans,5,0.0,19450.0,4862.5,Express,5,2025-02,0.25
ORD-12266,2025-05-11,2025-05-13,Neha Das,Corporate,North,Furniture,Sofa,1,0.0,11140.0,2005.2,Express,2,2025-05,0.18
ORD-12267,2025-01-28,2025-01-29,Om Nair,Corporate,West,Furniture,Bed Frame,3,0.05,24692.4,3950.78,Standard,1,2025-01,0.16
ORD-12268,2025-09-26,2025-10-02,Tanvi Chatterjee,Small Business,South,Groceries,Beverages,3,0.1,3105.0,124.2,Standard,6,2025-09,0.04
ORD-12269,2024-10-11,2024-10-18,Ishaan Malhotra,Corporate,North,Furniture,Sofa,5,0.0,111510.0,20071.8,Express,7,2024-10,0.18
ORD-12270,2025-06-27,2025-07-03,Aarav Das,Small Business,East,Furniture,Office Chair,3,0.0,45615.0,8210.7,Express,6,2025-06,0.18
ORD-12271,2024-10-04,2024-10-08,Aarav Nair,Consumer,East,Clothing,Sneakers,2,0.0,4198.0,1049.5,Standard,4,2024-10,0.25
ORD-12272,2025-04-17,2025-04-22,Tanvi Gupta,Consumer,Central,Beauty,Perfume,2,0.05,5587.9,1117.58,Express,5,2025-04,0.2
ORD-12273,2024-11-04,2024-11-10,Ishaan Iyer,Small Business,West,Beauty,Trimmer,1,0.1,1290.6,232.31,Express,6,2024-11,0.18
ORD-12274,2025-08-27,2025-08-30,Saanvi Verma,Corporate,North,Beauty,Hair Dryer,2,0.2,2804.8,392.67,Express,3,2025-08,0.14
ORD-12275,2025-02-16,2025-02-18,Priya Iyer,Consumer,South,Clothing,Jeans,5,0.0,16405.0,4101.25,Standard,2,2025-02,0.25
ORD-12276,2024-02-02,2024-02-07,Vivaan Patel,Small Business,West,Beauty,Perfume,5,0.15,9571.0,1531.36,Standard,5,2024-02,0.16
ORD-12277,2025-11-18,2025-11-20,Arjun Chatterjee,Corporate,Central,Beauty,Skincare Kit,1,0.2,626.4,87.7,Standard,2,2025-11,0.14
ORD-12278,2024-03-10,2024-03-14,Priya Reddy,Corporate,South,Beauty,Perfume,1,0.0,2850.0,627.0,Standard,4,2024-03,0.22
ORD-12279,2024-07-21,2024-07-23,Neha Singh,Consumer,East,Furniture,Sofa,5,0.1,100030.5,14004.27,Standard,2,2024-07,0.14
ORD-12280,2025-10-13,2025-10-18,Ishaan Singh,Consumer,South,Beauty,Hair Dryer,5,0.25,5823.75,698.85,Standard,5,2025-10,0.12
ORD-12281,2024-07-12,2024-07-19,Diya Verma,Small Business,North,Groceries,Rice Pack,2,0.25,2100.0,-42.0,Express,7,2024-07,-0.02
ORD-12282,2025-05-31,2025-06-05,Meera Das,Consumer,North,Furniture,Office Chair,5,0.1,13995.0,1959.3,Standard,5,2025-05,0.14
ORD-12283,2024-10-08,2024-10-14,Aditya Malhotra,Consumer,Central,Furniture,Bookshelf,2,0.0,19140.0,3445.2,Standard,6,2024-10,0.18
ORD-12284,2024-08-25,2024-08-29,Kavya Rao,Corporate,East,Groceries,Dairy Pack,2,0.1,1481.4,59.26,Standard,4,2024-08,0.04
ORD-12285,2025-11-24,2025-11-28,Aditya Khan,Consumer,South,Beauty,Hair Dryer,1,0.05,2038.7,407.74,Standard,4,2025-11,0.2
ORD-12286,2024-03-18,2024-03-22,Sneha Nair,Consumer,West,Beauty,Skincare Kit,1,0.0,2709.0,595.98,Express,4,2024-03,0.22
ORD-12287,2024-12-24,2024-12-31,Vihaan Chatterjee,Consumer,West,Beauty,Skincare Kit,2,0.05,697.3,139.46,Standard,7,2024-12,0.2
ORD-12288,2024-11-05,2024-11-12,Ananya Kapoor,Corporate,South,Furniture,Sofa,3,0.0,56244.0,10123.92,Same Day,7,2024-11,0.18
ORD-12289,2024-04-01,2024-04-05,Priya Chatterjee,Consumer,West,Furniture,Sofa,2,0.05,10136.5,1621.84,Same Day,4,2024-04,0.16
ORD-12290,2024-04-28,2024-05-05,Kavya Mehta,Corporate,Central,Furniture,Bed Frame,2,0.15,27650.5,3318.06,Express,7,2024-04,0.12
ORD-12291,2025-05-31,2025-06-02,Rahul Das,Consumer,South,Beauty,Hair Dryer,4,0.0,11496.0,2529.12,Standard,2,2025-05,0.22
ORD-12292,2025-09-14,2025-09-19,Zara Reddy,Corporate,East,Electronics,Smartwatch,5,0.05,190802.75,19080.27,Same Day,5,2025-09,0.1
ORD-12293,2025-07-17,2025-07-21,Ananya Patel,Consumer,South,Clothing,T-Shirt,3,0.15,7063.5,1342.06,Same Day,4,2025-07,0.19
ORD-12294,2025-04-16,2025-04-22,Kavya Gupta,Corporate,North,Groceries,Rice Pack,2,0.05,2268.6,136.12,Standard,6,2025-04,0.06
ORD-12295,2024-05-17,2024-05-23,Vivaan Kapoor,Corporate,South,Electronics,Headphones,4,0.0,75420.0,9050.4,Express,6,2024-05,0.12
ORD-12296,2024-04-11,2024-04-13,Kavya Chatterjee,Consumer,Central,Groceries,Snacks Combo,3,0.05,1912.35,114.74,Standard,2,2024-04,0.06
ORD-12297,2024-06-06,2024-06-07,Meera Joshi,Consumer,North,Clothing,Jacket,3,0.15,4197.3,797.49,Standard,1,2024-06,0.19
ORD-12298,2025-10-11,2025-10-13,Rohan Joshi,Small Business,North,Groceries,Cooking Oil,3,0.0,2553.0,204.24,Express,2,2025-10,0.08
ORD-12299,2024-12-23,2024-12-30,Priya Sharma,Corporate,Central,Furniture,Study Table,2,0.05,17945.5,2871.28,Standard,7,2024-12,0.16
ORD-12300,2025-03-26,2025-03-31,Priya Verma,Consumer,West,Clothing,T-Shirt,4,0.1,13831.2,2904.55,Same Day,5,2025-03,0.21
ORD-12301,2025-08-10,2025-08-11,Kavya Patel,Consumer,East,Electronics,Laptop,4,0.15,135197.6,8111.86,Standard,1,2025-08,0.06
ORD-12302,2024-07-26,2024-07-31,Neha Patel,Small Business,Central,Clothing,Formal Shirt,5,0.05,15741.5,3620.54,Standard,5,2024-07,0.23
ORD-12303,2024-04-17,2024-04-23,Meera Sharma,Corporate,Central,Groceries,Rice Pack,2,0.15,180.2,3.6,Standard,6,2024-04,0.02
ORD-12304,2024-09-17,2024-09-19,Meera Rao,Consumer,Central,Beauty,Skincare Kit,3,0.15,2634.15,421.46,Express,2,2024-09,0.16
ORD-12305,2025-01-29,2025-02-05,Arjun Reddy,Small Business,North,Furniture,Sofa,1,0.15,13631.45,1635.77,Same Day,7,2025-01,0.12
ORD-12306,2024-06-29,2024-07-06,Vihaan Iyer,Consumer,Central,Furniture,Office Chair,2,0.05,34984.7,5597.55,Standard,7,2024-06,0.16
ORD-12307,2025-07-17,2025-07-18,Ishaan Singh,Small Business,West,Beauty,Skincare Kit,1,0.0,2505.0,551.1,Standard,1,2025-07,0.22
ORD-12308,2025-01-03,2025-01-06,Ananya Iyer,Consumer,Central,Furniture,Sofa,1,0.1,22275.9,3118.63,Standard,3,2025-01,0.14
ORD-12309,2024-03-04,2024-03-10,Vihaan Rao,Consumer,Central,Clothing,T-Shirt,2,0.15,3502.0,665.38,Standard,6,2024-03,0.19
ORD-12310,2025-02-06,2025-02-10,Vivaan Khan,Consumer,West,Groceries,Rice Pack,1,0.05,944.3,56.66,Standard,4,2025-02,0.06
ORD-12311,2025-07-25,2025-07-29,Rahul Iyer,Consumer,East,Electronics,Smartwatch,2,0.0,106202.0,12744.24,Standard,4,2025-07,0.12
ORD-12312,2024-09-22,2024-09-28,Diya Kapoor,Corporate,North,Groceries,Dairy Pack,1,0.0,1377.0,110.16,Same Day,6,2024-09,0.08
ORD-12313,2024-06-05,2024-06-11,Om Mehta,Consumer,Central,Furniture,Sofa,4,0.2,49849.6,4984.96,Same Day,6,2024-06,0.1
ORD-12314,2024-07-25,2024-07-26,Ishaan Kapoor,Consumer,East,Beauty,Makeup Kit,5,0.0,13645.0,3001.9,Express,1,2024-07,0.22
ORD-12315,2025-05-12,2025-05-13,Rohan Iyer,Corporate,South,Furniture,Study Table,3,0.0,23703.0,4266.54,Standard,1,2025-05,0.18
ORD-12316,2025-05-06,2025-05-10,Meera Sharma,Consumer,West,Beauty,Perfume,5,0.0,6640.0,1460.8,Express,4,2025-05,0.22
ORD-12317,2024-01-11,2024-01-15,Meera Verma,Consumer,East,Beauty,Hair Dryer,3,0.0,5955.0,1310.1,Express,4,2024-01,0.22
ORD-12318,2024-02-05,2024-02-11,Priya Das,Consumer,North,Beauty,Makeup Kit,4,0.0,2608.0,573.76,Standard,6,2024-02,0.22
ORD-12319,2025-07-30,2025-08-03,Neha Kapoor,Consumer,West,Beauty,Perfume,3,0.0,2721.0,598.62,Standard,4,2025-07,0.22
ORD-12320,2025-09-15,2025-09-16,Kabir Khan,Consumer,Central,Electronics,Tablet,4,0.05,42301.6,4230.16,Standard,1,2025-09,0.1
ORD-12321,2024-01-19,2024-01-20,Vihaan Malhotra,Consumer,South,Furniture,Bookshelf,4,0.1,74790.0,10470.6,Standard,1,2024-01,0.14
ORD-12322,2024-03-08,2024-03-11,Arjun Iyer,Small Business,Central,Clothing,T-Shirt,3,0.2,3182.4,541.01,Standard,3,2024-03,0.17
ORD-12323,2025-01-21,2025-01-26,Kabir Gupta,Corporate,Central,Groceries,Cooking Oil,4,0.0,596.0,47.68,Standard,5,2025-01,0.08
ORD-12324,2024-08-17,2024-08-21,Saanvi Nair,Consumer,South,Clothing,T-Shirt,3,0.05,10493.7,2413.55,Standard,4,2024-08,0.23
ORD-12325,2024-11-09,2024-11-10,Om Kapoor,Consumer,North,Electronics,Laptop,4,0.1,73101.6,5848.13,Standard,1,2024-11,0.08
ORD-12326,2025-02-10,2025-02-15,Meera Nair,Consumer,West,Groceries,Dairy Pack,1,0.0,1226.0,98.08,Standard,5,2025-02,0.08
ORD-12327,2025-11-25,2025-11-27,Om Kapoor,Corporate,West,Clothing,Jeans,1,0.15,1296.25,246.29,Same Day,2,2025-11,0.19
ORD-12328,2025-09-03,2025-09-07,Rohan Joshi,Consumer,West,Groceries,Beverages,5,0.1,2430.0,97.2,Express,4,2025-09,0.04
ORD-12329,2024-10-01,2024-10-07,Rohan Sharma,Small Business,East,Electronics,Smartwatch,5,0.2,179932.0,7197.28,Express,6,2024-10,0.04
ORD-12330,2025-09-07,2025-09-08,Ananya Sharma,Consumer,Central,Electronics,Smartphone,5,0.1,165793.5,13263.48,Standard,1,2025-09,0.08
ORD-12331,2024-08-27,2024-08-28,Neha Reddy,Consumer,Central,Groceries,Cooking Oil,3,0.1,2092.5,83.7,Express,1,2024-08,0.04
ORD-12332,2024-08-07,2024-08-12,Meera Joshi,Consumer,West,Groceries,Beverages,5,0.0,5875.0,470.0,Same Day,5,2024-08,0.08
ORD-12333,2025-06-22,2025-06-27,Saanvi Malhotra,Consumer,South,Groceries,Dairy Pack,3,0.05,2103.3,126.2,Standard,5,2025-06,0.06
ORD-12334,2024-11-14,2024-11-21,Rohan Das,Consumer,North,Groceries,Rice Pack,2,0.1,327.6,13.1,Standard,7,2024-11,0.04
ORD-12335,2024-03-05,2024-03-10,Rohan Gupta,Corporate,East,Groceries,Cooking Oil,4,0.0,1340.0,107.2,Standard,5,2024-03,0.08
ORD-12336,2025-03-18,2025-03-20,Neha Patel,Small Business,East,Groceries,Beverages,4,0.2,2825.6,0.0,Same Day,2,2025-03,0.0
ORD-12337,2024-06-02,2024-06-04,Diya Das,Corporate,North,Beauty,Perfume,5,0.0,14435.0,3175.7,Standard,2,2024-06,0.22
ORD-12338,2025-04-25,2025-05-01,Rohan Kapoor,Consumer,South,Groceries,Rice Pack,5,0.1,2569.5,102.78,Standard,6,2025-04,0.04
ORD-12339,2024-11-19,2024-11-26,Vivaan Chatterjee,Consumer,Central,Clothing,Formal Shirt,5,0.05,9428.75,2168.61,Same Day,7,2024-11,0.23
ORD-12340,2024-11-07,2024-11-11,Zara Khan,Consumer,North,Beauty,Makeup Kit,3,0.1,5732.1,1031.78,Standard,4,2024-11,0.18
ORD-12341,2024-09-25,2024-09-27,Zara Joshi,Consumer,West,Groceries,Snacks Combo,2,0.15,572.9,11.46,Standard,2,2024-09,0.02
ORD-12342,2024-02-28,2024-03-05,Arjun Das,Consumer,South,Clothing,Sneakers,4,0.1,7146.0,1500.66,Standard,6,2024-02,0.21
ORD-12343,2024-02-24,2024-02-29,Ananya Gupta,Consumer,North,Electronics,Smartwatch,5,0.1,40878.0,3270.24,Standard,5,2024-02,0.08
ORD-12344,2025-08-22,2025-08-29,Aditya Chatterjee,Consumer,North,Clothing,Formal Shirt,5,0.0,19280.0,4820.0,Same Day,7,2025-08,0.25
ORD-12345,2024-07-07,2024-07-11,Arjun Joshi,Consumer,South,Clothing,Jacket,1,0.15,1938.0,368.22,Same Day,4,2024-07,0.19
ORD-12346,2025-02-18,2025-02-20,Rohan Malhotra,Consumer,East,Furniture,Bed Frame,2,0.05,28133.3,4501.33,Standard,2,2025-02,0.16
ORD-12347,2025-04-17,2025-04-21,Ishaan Joshi,Consumer,West,Beauty,Skincare Kit,1,0.05,993.7,198.74,Standard,4,2025-04,0.2
ORD-12348,2024-10-16,2024-10-23,Aarav Gupta,Consumer,North,Groceries,Snacks Combo,2,0.15,2315.4,46.31,Standard,7,2024-10,0.02
ORD-12349,2024-01-07,2024-01-13,Vivaan Verma,Small Business,West,Clothing,Sneakers,4,0.1,2160.0,453.6,Standard,6,2024-01,0.21
ORD-12350,2024-09-28,2024-09-30,Neha Kapoor,Consumer,East,Furniture,Bookshelf,1,0.0,6076.0,1093.68,Standard,2,2024-09,0.18
ORD-12351,2025-11-13,2025-11-16,Ananya Reddy,Small Business,South,Clothing,Sneakers,2,0.15,3927.0,746.13,Standard,3,2025-11,0.19
ORD-12352,2025-09-10,2025-09-11,Zara Malhotra,Corporate,East,Furniture,Sofa,5,0.0,45500.0,8190.0,Standard,1,2025-09,0.18
ORD-12353,2025-01-04,2025-01-07,Arjun Rao,Corporate,Central,Groceries,Snacks Combo,4,0.0,1232.0,98.56,Standard,3,2025-01,0.08
ORD-12354,2024-10-27,2024-10-28,Priya Malhotra,Corporate,Central,Groceries,Cooking Oil,4,0.0,4212.0,336.96,Same Day,1,2024-10,0.08
ORD-12355,2025-11-19,2025-11-24,Ananya Nair,Consumer,East,Clothing,Jeans,1,0.0,3559.0,889.75,Express,5,2025-11,0.25
ORD-12356,2025-12-29,2026-01-01,Vihaan Khan,Small Business,North,Electronics,Headphones,1,0.0,7916.0,949.92,Express,3,2025-12,0.12
ORD-12357,2025-07-29,2025-08-03,Rohan Khan,Corporate,South,Groceries,Rice Pack,3,0.2,3072.0,-0.0,Standard,5,2025-07,-0.0
ORD-12358,2024-05-09,2024-05-12,Meera Iyer,Consumer,West,Electronics,Tablet,4,0.0,160688.0,19282.56,Standard,3,2024-05,0.12
ORD-12359,2024-07-12,2024-07-18,Ishaan Khan,Consumer,Central,Furniture,Office Chair,4,0.1,82771.2,11587.97,Standard,6,2024-07,0.14
ORD-12360,2024-07-20,2024-07-26,Neha Verma,Consumer,South,Beauty,Hair Dryer,5,0.0,10715.0,2357.3,Express,6,2024-07,0.22
ORD-12361,2024-12-15,2024-12-20,Vivaan Patel,Consumer,East,Clothing,Sneakers,2,0.05,3098.9,712.75,Express,5,2024-12,0.23
ORD-12362,2025-04-16,2025-04-22,Om Singh,Corporate,Central,Furniture,Bookshelf,1,0.1,18517.5,2592.45,Standard,6,2025-04,0.14
ORD-12363,2024-05-14,2024-05-21,Kavya Malhotra,Corporate,South,Clothing,Sneakers,5,0.05,9528.5,2191.55,Standard,7,2024-05,0.23
ORD-12364,2025-04-30,2025-05-05,Vihaan Mehta,Corporate,Central,Furniture,Bookshelf,1,0.25,5539.5,443.16,Express,5,2025-04,0.08
ORD-12365,2025-07-09,2025-07-16,Diya Malhotra,Consumer,Central,Beauty,Trimmer,1,0.0,553.0,121.66,Standard,7,2025-07,0.22
ORD-12366,2024-01-06,2024-01-11,Vihaan Kapoor,Consumer,West,Electronics,Headphones,1,0.15,48847.8,2930.87,Standard,5,2024-01,0.06
ORD-12367,2025-06-15,2025-06-21,Priya Sharma,Small Business,East,Groceries,Rice Pack,1,0.0,914.0,73.12,Express,6,2025-06,0.08
ORD-12368,2024-10-23,2024-10-26,Kabir Chatterjee,Consumer,North,Electronics,Headphones,1,0.2,33751.2,1350.05,Express,3,2024-10,0.04
ORD-12369,2024-11-24,2024-11-29,Zara Iyer,Consumer,West,Beauty,Makeup Kit,3,0.15,7537.8,1206.05,Standard,5,2024-11,0.16
ORD-12370,2024-10-15,2024-10-17,Rohan Chatterjee,Consumer,South,Beauty,Makeup Kit,5,0.0,13425.0,2953.5,Standard,2,2024-10,0.22
ORD-12371,2025-07-13,2025-07-16,Diya Verma,Consumer,Central,Furniture,Study Table,4,0.1,37404.0,5236.56,Same Day,3,2025-07,0.14
ORD-12372,2024-05-24,2024-05-27,Rahul Gupta,Corporate,Central,Clothing,Jacket,3,0.1,7530.3,1581.36,Standard,3,2024-05,0.21
ORD-12373,2025-12-23,2025-12-28,Zara Iyer,Consumer,North,Electronics,Smartphone,4,0.0,208952.0,25074.24,Standard,5,2025-12,0.12
ORD-12374,2025-03-15,2025-03-17,Diya Mehta,Small Business,West,Beauty,Makeup Kit,4,0.1,5353.2,963.58,Standard,2,2025-03,0.18
ORD-12375,2024-10-11,2024-10-12,Arjun Kapoor,Consumer,North,Furniture,Study Table,2,0.0,38038.0,6846.84,Standard,1,2024-10,0.18
ORD-12376,2025-09-17,2025-09-19,Meera Patel,Corporate,East,Groceries,Rice Pack,1,0.05,197.6,11.86,Standard,2,2025-09,0.06
ORD-12377,2025-09-25,2025-09-27,Vihaan Das,Consumer,East,Groceries,Rice Pack,4,0.1,4356.0,174.24,Express,2,2025-09,0.04
ORD-12378,2024-11-26,2024-11-28,Sneha Singh,Consumer,North,Furniture,Bookshelf,3,0.15,6436.2,772.34,Express,2,2024-11,0.12
ORD-12379,2024-05-23,2024-05-30,Ishaan Nair,Consumer,East,Electronics,Headphones,1,0.0,46714.0,5605.68,Standard,7,2024-05,0.12
ORD-12380,2025-11-26,2025-11-28,Priya Gupta,Corporate,South,Beauty,Trimmer,4,0.05,7600.0,1520.0,Standard,2,2025-11,0.2
ORD-12381,2024-11-23,2024-11-24,Om Patel,Small Business,South,Beauty,Makeup Kit,2,0.15,2611.2,417.79,Standard,1,2024-11,0.16
ORD-12382,2025-04-14,2025-04-19,Aditya Joshi,Consumer,Central,Beauty,Perfume,1,0.25,1654.5,198.54,Standard,5,2025-04,0.12
ORD-12383,2025-05-10,2025-05-15,Kavya Sharma,Small Business,West,Clothing,Sneakers,1,0.2,3112.0,529.04,Standard,5,2025-05,0.17
ORD-12384,2024-08-18,2024-08-24,Priya Joshi,Consumer,East,Furniture,Bookshelf,1,0.0,1772.0,318.96,Standard,6,2024-08,0.18
ORD-12385,2025-08-16,2025-08-18,Meera Das,Consumer,South,Clothing,Jeans,2,0.1,4395.6,923.08,Standard,2,2025-08,0.21
ORD-12386,2024-03-19,2024-03-23,Kabir Gupta,Corporate,North,Groceries,Dairy Pack,5,0.05,6531.25,391.88,Standard,4,2024-03,0.06
ORD-12387,2025-12-27,2026-01-01,Aditya Reddy,Consumer,North,Groceries,Beverages,3,0.0,672.0,53.76,Standard,5,2025-12,0.08
ORD-12388,2025-11-30,2025-12-03,Om Khan,Small Business,Central,Furniture,Sofa,5,0.05,105017.75,16802.84,Standard,3,2025-11,0.16
ORD-12389,2025-02-11,2025-02-15,Om Verma,Small Business,West,Beauty,Perfume,1,0.25,230.25,27.63,Express,4,2025-02,0.12
ORD-12390,2024-01-03,2024-01-09,Kabir Khan,Corporate,East,Electronics,Laptop,1,0.05,24586.0,2458.6,Express,6,2024-01,0.1
ORD-12391,2024-03-21,2024-03-26,Vihaan Khan,Small Business,North,Groceries,Beverages,3,0.0,2982.0,238.56,Express,5,2024-03,0.08
ORD-12392,2024-03-13,2024-03-17,Neha Iyer,Consumer,Central,Electronics,Smartphone,2,0.0,67206.0,8064.72,Express,4,2024-03,0.12
ORD-12393,2024-06-21,2024-06-26,Neha Kapoor,Small Business,East,Electronics,Smartphone,4,0.0,106144.0,12737.28,Standard,5,2024-06,0.12
ORD-12394,2025-06-27,2025-06-30,Neha Sharma,Consumer,Central,Groceries,Beverages,5,0.1,2236.5,89.46,Standard,3,2025-06,0.04
ORD-12395,2024-06-06,2024-06-12,Sneha Rao,Consumer,Central,Beauty,Skincare Kit,5,0.1,4743.0,853.74,Express,6,2024-06,0.18
ORD-12396,2024-01-16,2024-01-19,Kavya Mehta,Corporate,South,Furniture,Bed Frame,5,0.05,7557.25,1209.16,Standard,3,2024-01,0.16
ORD-12397,2025-01-21,2025-01-27,Meera Khan,Consumer,South,Beauty,Skincare Kit,5,0.05,4612.25,922.45,Standard,6,2025-01,0.2
ORD-12398,2025-06-02,2025-06-08,Rahul Singh,Consumer,Central,Beauty,Perfume,1,0.1,2216.7,399.01,Standard,6,2025-06,0.18
ORD-12399,2024-05-28,2024-05-30,Ananya Kapoor,Small Business,Central,Groceries,Snacks Combo,4,0.0,5816.0,465.28,Same Day,2,2024-05,0.08
ORD-12400,2024-03-30,2024-04-04,Zara Joshi,Corporate,North,Groceries,Beverages,2,0.1,1414.8,56.59,Standard,5,2024-03,0.04
ORD-12401,2024-01-30,2024-02-04,Zara Rao,Consumer,South,Furniture,Sofa,1,0.25,2032.5,162.6,Standard,5,2024-01,0.08
ORD-12402,2024-02-24,2024-02-29,Rahul Khan,Small Business,West,Furniture,Bed Frame,2,0.0,39080.0,7034.4,Standard,5,2024-02,0.18
ORD-12403,2025-12-19,2025-12-22,Kavya Gupta,Small Business,East,Beauty,Trimmer,5,0.0,8995.0,1978.9,Standard,3,2025-12,0.22
ORD-12404,2024-03-30,2024-04-06,Om Iyer,Consumer,Central,Electronics,Headphones,5,0.05,222133.75,22213.38,Standard,7,2024-03,0.1
ORD-12405,2025-09-13,2025-09-16,Ishaan Singh,Corporate,East,Furniture,Office Chair,5,0.0,118725.0,21370.5,Standard,3,2025-09,0.18
ORD-12406,2025-05-05,2025-05-12,Arjun Chatterjee,Consumer,Central,Groceries,Snacks Combo,2,0.05,2264.8,135.89,Standard,7,2025-05,0.06
ORD-12407,2025-06-07,2025-06-09,Kabir Nair,Corporate,North,Groceries,Rice Pack,3,0.05,4178.1,250.69,Standard,2,2025-06,0.06
ORD-12408,2024-12-24,2024-12-30,Kavya Das,Corporate,North,Furniture,Bed Frame,5,0.0,45695.0,8225.1,Express,6,2024-12,0.18
ORD-12409,2025-06-02,2025-06-07,Kavya Sharma,Consumer,South,Clothing,Jacket,2,0.0,7532.0,1883.0,Express,5,2025-06,0.25
ORD-12410,2025-11-04,2025-11-08,Priya Patel,Corporate,Central,Furniture,Bookshelf,3,0.1,58665.6,8213.18,Standard,4,2025-11,0.14
ORD-12411,2024-12-25,2025-01-01,Aarav Iyer,Consumer,North,Groceries,Dairy Pack,1,0.0,465.0,37.2,Standard,7,2024-12,0.08
ORD-12412,2024-12-31,2025-01-04,Meera Chatterjee,Consumer,East,Clothing,Jacket,1,0.05,2429.15,558.7,Standard,4,2024-12,0.23
ORD-12413,2025-10-26,2025-10-30,Vihaan Mehta,Corporate,East,Beauty,Makeup Kit,1,0.0,2997.0,659.34,Standard,4,2025-10,0.22
ORD-12414,2025-03-28,2025-04-04,Neha Nair,Corporate,North,Beauty,Skincare Kit,4,0.05,7900.2,1580.04,Standard,7,2025-03,0.2
ORD-12415,2025-12-15,2025-12-22,Vivaan Joshi,Consumer,East,Electronics,Smartphone,1,0.0,51273.0,4486.76897053063,Standard,7,2025-12,0.088
ORD-12416,2025-08-13,2025-08-18,Kabir Gupta,Consumer,South,Furniture,Office Chair,3,0.05,66627.3,10660.37,Standard,5,2025-08,0.16
ORD-12417,2024-03-08,2024-03-15,Zara Sharma,Small Business,Central,Clothing,Formal Shirt,4,0.0,10336.0,2584.0,Standard,7,2024-03,0.25
ORD-12418,2024-07-27,2024-08-03,Kabir Malhotra,Corporate,East,Clothing,Sneakers,1,0.1,2431.8,510.68,Same Day,7,2024-07,0.21
ORD-12419,2024-06-28,2024-07-05,Sneha Rao,Small Business,West,Beauty,Skincare Kit,5,0.0,12650.0,2783.0,Standard,7,2024-06,0.22
ORD-12420,2025-03-08,2025-03-15,Vivaan Das,Consumer,North,Furniture,Office Chair,4,0.1,61232.4,8572.54,Standard,7,2025-03,0.14
ORD-12421,2024-01-30,2024-02-02,Rahul Malhotra,Consumer,West,Furniture,Office Chair,3,0.1,29327.4,4105.84,Standard,3,2024-01,0.14
ORD-12422,2025-11-27,2025-12-03,Meera Patel,Small Business,North,Groceries,Beverages,3,0.1,2956.5,118.26,Same Day,6,2025-11,0.04
ORD-12423,2025-07-02,2025-07-07,Priya Verma,Small Business,West,Groceries,Dairy Pack,4,0.0,2920.0,233.6,Standard,5,2025-07,0.08
ORD-12424,2025-08-29,2025-09-05,Om Chatterjee,Consumer,North,Beauty,Trimmer,2,0.0,5814.0,1279.08,Express,7,2025-08,0.22
ORD-12425,2025-10-17,2025-10-22,Tanvi Malhotra,Consumer,East,Beauty,Makeup Kit,5,0.05,7234.25,1446.85,Express,5,2025-10,0.2
ORD-12426,2024-12-27,2025-01-01,Meera Gupta,Corporate,West,Groceries,Dairy Pack,1,0.1,1044.9,41.8,Same Day,5,2024-12,0.04
ORD-12427,2025-05-25,2025-05-26,Neha Mehta,Corporate,North,Clothing,Jeans,1,0.05,2487.1,572.03,Standard,1,2025-05,0.23
ORD-12428,2025-04-30,2025-05-06,Zara Das,Corporate,West,Furniture,Bed Frame,5,0.2,81120.0,8112.0,Standard,6,2025-04,0.1
ORD-12429,2024-05-18,2024-05-24,Rahul Rao,Consumer,Central,Electronics,Laptop,1,0.05,52230.05,5223.0,Standard,6,2024-05,0.1
ORD-12430,2025-09-16,2025-09-23,Diya Joshi,Consumer,North,Groceries,Rice Pack,5,0.1,2286.0,91.44,Standard,7,2025-09,0.04
ORD-12431,2024-01-12,2024-01-15,Vivaan Gupta,Corporate,North,Electronics,Laptop,3,0.0,30180.0,3621.6,Express,3,2024-01,0.12
ORD-12432,2025-11-05,2025-11-06,Sneha Chatterjee,Small Business,West,Furniture,Study Table,4,0.1,29739.6,4163.54,Express,1,2025-11,0.14
ORD-12433,2025-01-21,2025-01-23,Rahul Joshi,Corporate,Central,Electronics,Headphones,2,0.0,100936.0,12112.32,Express,2,2025-01,0.12
ORD-12434,2024-02-13,2024-02-20,Kabir Malhotra,Corporate,West,Beauty,Trimmer,5,0.15,6774.5,1083.92,Express,7,2024-02,0.16
ORD-12435,2025-07-04,2025-07-08,Rohan Mehta,Consumer,East,Beauty,Perfume,5,0.1,3793.5,682.83,Express,4,2025-07,0.18
ORD-12436,2024-07-28,2024-08-04,Sneha Kapoor,Consumer,East,Beauty,Perfume,1,0.05,656.45,131.29,Same Day,7,2024-07,0.2
ORD-12437,2025-11-21,2025-11-26,Sneha Sharma,Small Business,South,Furniture,Study Table,3,0.0,31497.0,5669.46,Express,5,2025-11,0.18
ORD-12438,2024-06-16,2024-06-23,Meera Joshi,Consumer,South,Beauty,Hair Dryer,3,0.0,1251.0,275.22,Express,7,2024-06,0.22
ORD-12439,2025-03-30,2025-04-06,Vihaan Joshi,Corporate,Central,Electronics,Laptop,5,0.0,206515.0,24781.8,Standard,7,2025-03,0.12
ORD-12440,2025-06-16,2025-06-17,Priya Rao,Consumer,East,Electronics,Smartwatch,1,0.0,24355.0,2922.6,Standard,1,2025-06,0.12
ORD-12441,2025-09-24,2025-10-01,Kabir Reddy,Small Business,West,Groceries,Snacks Combo,4,0.0,5668.0,453.44,Standard,7,2025-09,0.08
ORD-12442,2024-08-22,2024-08-24,Tanvi Patel,Consumer,East,Clothing,T-Shirt,1,0.05,3773.4,867.88,Express,2,2024-08,0.23
ORD-12443,2024-06-14,2024-06-15,Meera Khan,Consumer,Central,Electronics,Smartphone,3,0.0,42657.0,5118.84,Same Day,1,2024-06,0.12
ORD-12444,2024-03-05,2024-03-07,Meera Malhotra,Consumer,East,Beauty,Hair Dryer,5,0.25,6960.0,835.2,Express,2,2024-03,0.12
ORD-12445,2025-11-19,2025-11-25,Meera Mehta,Small Business,South,Clothing,Jacket,4,0.1,4107.6,862.6,Standard,6,2025-11,0.21
ORD-12446,2025-01-29,2025-02-04,Vihaan Iyer,Corporate,South,Clothing,Sneakers,1,0.0,2963.7,622.38,Standard,6,2025-01,0.21
ORD-12447,2024-07-08,2024-07-15,Arjun Rao,Consumer,Central,Clothing,Jacket,2,0.1,6957.0,1460.97,Same Day,7,2024-07,0.21
ORD-12448,2024-07-24,2024-07-30,Om Sharma,Small Business,Central,Clothing,Formal Shirt,1,0.15,1398.25,265.67,Same Day,6,2024-07,0.19
ORD-12449,2025-09-14,2025-09-16,Aditya Malhotra,Consumer,North,Electronics,Laptop,3,0.25,78669.0,1573.38,Standard,2,2025-09,0.02
ORD-12450,2024-04-30,2024-05-03,Saanvi Sharma,Consumer,North,Clothing,Formal Shirt,3,0.1,2481.3,521.07,Express,3,2024-04,0.21
ORD-12451,2024-03-18,2024-03-24,Neha Malhotra,Corporate,South,Groceries,Beverages,5,0.0,810.0,64.8,Standard,6,2024-03,0.08
ORD-12452,2024-07-17,2024-07-18,Ishaan Das,Consumer,Central,Clothing,Jacket,3,0.1,6215.4,1305.23,Same Day,1,2024-07,0.21
ORD-12453,2024-11-20,2024-11-21,Ishaan Sharma,Consumer,Central,Groceries,Beverages,3,0.1,820.8,32.83,Standard,1,2024-11,0.04
ORD-12454,2025-11-07,2025-11-12,Kavya Sharma,Consumer,South,Electronics,Smartphone,1,0.2,14888.0,595.52,Same Day,5,2025-11,0.04
ORD-12455,2025-02-25,2025-02-27,Vivaan Mehta,Small Business,South,Electronics,Smartphone,3,0.0,15294.0,1835.28,Standard,2,2025-02,0.12
ORD-12456,2025-09-02,2025-09-08,Priya Das,Small Business,West,Clothing,Sneakers,2,0.0,5684.0,1421.0,Express,6,2025-09,0.25
ORD-12457,2024-12-30,2025-01-02,Aarav Rao,Consumer,East,Furniture,Bed Frame,5,0.0,39195.0,7055.1,Same Day,3,2024-12,0.18
ORD-12458,2024-02-01,2024-02-03,Ishaan Iyer,Consumer,West,Furniture,Bookshelf,5,0.0,37085.0,6675.3,Standard,2,2024-02,0.18
ORD-12459,2025-02-22,2025-03-01,Vihaan Khan,Consumer,South,Clothing,T-Shirt,2,0.0,4394.0,1098.5,Standard,7,2025-02,0.25
ORD-12460,2024-06-28,2024-07-04,Aarav Reddy,Small Business,East,Beauty,Perfume,4,0.0,6424.0,1413.28,Same Day,6,2024-06,0.22
ORD-12461,2024-01-30,2024-02-01,Kabir Khan,Consumer,North,Groceries,Cooking Oil,2,0.1,1951.2,78.05,Standard,2,2024-01,0.04
ORD-12462,2024-08-14,2024-08-19,Tanvi Malhotra,Consumer,North,Groceries,Cooking Oil,4,0.05,2527.0,151.62,Express,5,2024-08,0.06
ORD-12463,2024-03-15,2024-03-17,Diya Kapoor,Consumer,West,Clothing,Jeans,5,0.0,2690.0,672.5,Express,2,2024-03,0.25
ORD-12464,2025-07-13,2025-07-16,Om Das,Small Business,North,Groceries,Dairy Pack,5,0.2,480.0,-0.0,Standard,3,2025-07,-0.0
ORD-12465,2024-03-19,2024-03-24,Aarav Khan,Consumer,North,Beauty,Skincare Kit,1,0.15,2053.6,328.58,Standard,5,2024-03,0.16
ORD-12466,2024-12-05,2024-12-08,Om Gupta,Small Business,East,Groceries,Cooking Oil,4,0.0,5284.0,422.72,Standard,3,2024-12,0.08
ORD-12467,2024-06-23,2024-06-29,Saanvi Iyer,Consumer,South,Furniture,Sofa,3,0.2,56232.0,5623.2,Standard,6,2024-06,0.1
ORD-12468,2025-06-14,2025-06-18,Kabir Gupta,Corporate,East,Electronics,Smartwatch,3,0.0,69561.0,8347.32,Express,4,2025-06,0.12
ORD-12469,2025-09-19,2025-09-23,Diya Patel,Corporate,East,Furniture,Bed Frame,5,0.1,24502.5,3430.35,Express,4,2025-09,0.14
ORD-12470,2025-12-01,2025-12-07,Ananya Kapoor,Small Business,West,Furniture,Office Chair,1,0.0,2552.0,459.36,Standard,6,2025-12,0.18
ORD-12471,2024-11-01,2024-11-07,Om Gupta,Consumer,North,Electronics,Smartphone,4,0.1,142761.6,11420.93,Standard,6,2024-11,0.08
ORD-12472,2024-01-23,2024-01-28,Meera Gupta,Consumer,East,Beauty,Skincare Kit,2,0.05,2052.0,410.4,Standard,5,2024-01,0.2
ORD-12473,2024-05-31,2024-06-05,Aarav Kapoor,Small Business,Central,Groceries,Cooking Oil,4,0.05,3727.8,223.67,Express,5,2024-05,0.06
ORD-12474,2025-09-12,2025-09-19,Zara Singh,Consumer,East,Clothing,Jacket,2,0.15,3740.0,710.6,Standard,7,2025-09,0.19
ORD-12475,2024-02-17,2024-02-21,Ananya Mehta,Small Business,South,Beauty,Makeup Kit,2,0.0,1274.0,280.28,Standard,4,2024-02,0.22
ORD-12476,2024-06-27,2024-06-29,Zara Chatterjee,Consumer,North,Beauty,Hair Dryer,4,0.0,2844.0,625.68,Express,2,2024-06,0.22
ORD-12477,2024-11-22,2024-11-27,Priya Khan,Small Business,Central,Furniture,Bookshelf,1,0.0,11227.0,2020.86,Standard,5,2024-11,0.18
ORD-12478,2025-10-16,2025-10-19,Rohan Gupta,Consumer,South,Electronics,Smartphone,4,0.05,85705.2,8570.52,Standard,3,2025-10,0.1
ORD-12479,2025-03-21,2025-03-25,Aarav Patel,Small Business,West,Electronics,Laptop,2,0.1,4138.2,331.06,Standard,4,2025-03,0.08
ORD-12480,2024-04-09,2024-04-10,Vivaan Reddy,Consumer,North,Beauty,Perfume,5,0.1,8005.5,1440.99,Standard,1,2024-04,0.18
ORD-12481,2024-04-03,2024-04-04,Rohan Mehta,Consumer,Central,Electronics,Laptop,3,0.05,78027.3,7802.73,Standard,1,2024-04,0.1
ORD-12482,2024-09-26,2024-09-27,Om Chatterjee,Consumer,Central,Beauty,Perfume,5,0.1,3771.0,678.78,Standard,1,2024-09,0.18
ORD-12483,2024-09-12,2024-09-18,Saanvi Singh,Corporate,West,Beauty,Perfume,4,0.2,4566.4,639.3,Standard,6,2024-09,0.14
ORD-12484,2024-10-16,2024-10-21,Saanvi Sharma,Small Business,North,Clothing,T-Shirt,1,0.0,908.2,208.89,Same Day,5,2024-10,0.23
ORD-12485,2025-10-15,2025-10-19,Sneha Malhotra,Corporate,East,Furniture,Study Table,2,0.1,27266.4,3817.3,Express,4,2025-10,0.14
ORD-12486,2025-02-22,2025-02-24,Vihaan Verma,Consumer,North,Electronics,Headphones,1,0.15,39260.65,2355.64,Standard,2,2025-02,0.06
ORD-12487,2024-12-03,2024-12-06,Aarav Khan,Consumer,South,Electronics,Smartwatch,5,0.15,188721.25,11323.27,Standard,3,2024-12,0.06
ORD-12488,2025-12-09,2025-12-16,Om Patel,Corporate,West,Electronics,Smartwatch,3,0.2,32452.8,1298.11,Standard,7,2025-12,0.04
ORD-12489,2025-12-15,2025-12-18,Om Patel,Corporate,South,Beauty,Skincare Kit,1,0.0,264.0,58.08,Express,3,2025-12,0.22
ORD-12490,2024-12-29,2025-01-01,Aditya Mehta,Corporate,West,Electronics,Smartwatch,3,0.05,71198.7,7119.87,Standard,3,2024-12,0.1
ORD-12491,2025-01-05,2025-01-11,Tanvi Rao,Corporate,West,Electronics,Laptop,2,0.05,77455.4,7745.54,Standard,6,2025-01,0.1
ORD-12492,2024-04-22,2024-04-29,Ishaan Singh,Corporate,East,Groceries,Rice Pack,5,0.0,750.0,60.0,Same Day,7,2024-04,0.08
ORD-12493,2024-09-29,2024-10-05,Meera Reddy,Consumer,West,Groceries,Rice Pack,5,0.1,5656.5,226.26,Standard,6,2024-09,0.04
ORD-12494,2025-07-23,2025-07-29,Meera Kapoor,Small Business,South,Furniture,Bed Frame,4,0.05,78059.6,12489.54,Express,6,2025-07,0.16
ORD-12495,2025-09-20,2025-09-27,Kabir Khan,Consumer,South,Clothing,Formal Shirt,4,0.0,14232.0,3558.0,Standard,7,2025-09,0.25
ORD-12496,2024-04-14,2024-04-17,Kabir Gupta,Consumer,East,Clothing,Formal Shirt,1,0.05,1648.25,379.1,Standard,3,2024-04,0.23
ORD-12497,2024-11-01,2024-11-08,Om Iyer,Consumer,North,Furniture,Study Table,5,0.25,35411.25,2832.9,Express,7,2024-11,0.08
ORD-12498,2025-12-19,2025-12-24,Diya Iyer,Small Business,North,Furniture,Bookshelf,1,0.0,13288.0,2391.84,Standard,5,2025-12,0.18
ORD-12499,2025-11-19,2025-11-24,Zara Das,Consumer,Central,Furniture,Study Table,2,0.0,48428.0,8717.04,Standard,5,2025-11,0.18
ORD-12500,2024-02-15,2024-02-17,Rahul Verma,Corporate,East,Groceries,Cooking Oil,1,0.1,315.0,12.6,Standard,2,2024-02,0.04
ORD-12501,2024-02-28,2024-03-02,Rohan Sharma,Small Business,South,Groceries,Cooking Oil,3,0.1,982.8,39.31,Standard,3,2024-02,0.04
ORD-12502,2025-11-12,2025-11-16,Aditya Chatterjee,Small Business,West,Beauty,Makeup Kit,4,0.15,799.0,127.84,Standard,4,2025-11,0.16
ORD-12503,2024-09-16,2024-09-23,Vivaan Nair,Corporate,West,Electronics,Headphones,1,0.1,39043.8,3123.5,Standard,7,2024-09,0.08
ORD-12504,2025-09-18,2025-09-20,Vivaan Das,Small Business,West,Clothing,Jacket,3,0.0,1761.0,440.25,Standard,2,2025-09,0.25
ORD-12505,2025-09-27,2025-09-30,Sneha Rao,Consumer,South,Electronics,Laptop,2,0.1,88417.8,7073.42,Express,3,2025-09,0.08
ORD-12506,2025-01-05,2025-01-07,Ishaan Malhotra,Consumer,North,Electronics,Smartwatch,4,0.15,95009.6,5700.58,Express,2,2025-01,0.06
ORD-12507,2024-08-25,2024-08-27,Tanvi Malhotra,Small Business,West,Electronics,Smartphone,2,0.05,98817.1,9881.71,Standard,2,2024-08,0.1
ORD-12508,2024-11-16,2024-11-19,Vihaan Kapoor,Consumer,South,Clothing,T-Shirt,1,0.0,1481.0,370.25,Standard,3,2024-11,0.25
ORD-12509,2025-05-13,2025-05-15,Kabir Rao,Consumer,Central,Clothing,Formal Shirt,2,0.15,2091.0,397.29,Express,2,2025-05,0.19
ORD-12510,2025-04-06,2025-04-08,Sneha Chatterjee,Small Business,South,Groceries,Snacks Combo,3,0.05,3787.65,227.26,Standard,2,2025-04,0.06
ORD-12511,2025-01-28,2025-02-01,Neha Nair,Corporate,North,Electronics,Laptop,1,0.25,32344.5,646.89,Standard,4,2025-01,0.02
ORD-12512,2025-01-31,2025-02-05,Arjun Das,Consumer,West,Electronics,Smartwatch,2,0.0,53116.0,6373.92,Standard,5,2025-01,0.12
ORD-12513,2024-06-28,2024-06-30,Rohan Gupta,Consumer,West,Clothing,T-Shirt,2,0.0,2344.0,586.0,Express,2,2024-06,0.25
ORD-12514,2025-06-14,2025-06-21,Kavya Khan,Small Business,West,Clothing,Formal Shirt,5,0.05,8369.5,1924.98,Standard,7,2025-06,0.23
ORD-12515,2024-02-07,2024-02-11,Arjun Nair,Corporate,Central,Beauty,Trimmer,4,0.1,7956.0,1432.08,Same Day,4,2024-02,0.18
ORD-12516,2024-01-26,2024-01-29,Aarav Chatterjee,Consumer,West,Furniture,Office Chair,3,0.1,51054.3,7147.6,Express,3,2024-01,0.14
ORD-12517,2024-04-29,2024-05-05,Sneha Singh,Consumer,West,Clothing,Formal Shirt,1,0.0,3173.0,793.25,Standard,6,2024-04,0.25
ORD-12518,2024-11-16,2024-11-19,Tanvi Joshi,Corporate,Central,Groceries,Rice Pack,5,0.15,2367.25,47.34,Standard,3,2024-11,0.02
ORD-12519,2024-03-02,2024-03-03,Aarav Iyer,Consumer,North,Furniture,Sofa,1,0.1,17985.6,2517.98,Same Day,1,2024-03,0.14
ORD-12520,2024-03-21,2024-03-24,Rahul Khan,Small Business,Central,Furniture,Bed Frame,1,0.0,23239.0,4183.02,Standard,3,2024-03,0.18
ORD-12521,2025-09-11,2025-09-17,Saanvi Iyer,Consumer,South,Electronics,Tablet,1,0.1,3347.1,267.77,Same Day,6,2025-09,0.08
ORD-12522,2024-10-12,2024-10-14,Ananya Verma,Consumer,South,Clothing,Sneakers,4,0.0,7288.0,1822.0,Express,2,2024-10,0.25
ORD-12523,2025-03-19,2025-03-23,Meera Singh,Consumer,East,Furniture,Study Table,1,0.1,11568.6,1619.6,Express,4,2025-03,0.14
ORD-12524,2025-04-28,2025-05-05,Rahul Iyer,Consumer,North,Furniture,Study Table,5,0.0,56815.0,10226.7,Standard,7,2025-04,0.18
ORD-12525,2024-12-18,2024-12-21,Om Khan,Consumer,North,Clothing,T-Shirt,5,0.0,4275.0,1068.75,Standard,3,2024-12,0.25
ORD-12526,2025-11-02,2025-11-03,Ananya Nair,Consumer,North,Groceries,Snacks Combo,4,0.1,2350.8,94.03,Same Day,1,2025-11,0.04
ORD-12527,2025-06-17,2025-06-22,Neha Reddy,Corporate,South,Clothing,Formal Shirt,2,0.15,2245.7,426.68,Same Day,5,2025-06,0.19
ORD-12528,2024-09-10,2024-09-16,Sneha Nair,Corporate,West,Electronics,Laptop,5,0.0,191855.0,23022.6,Standard,6,2024-09,0.12
ORD-12529,2024-12-16,2024-12-19,Rahul Nair,Small Business,North,Groceries,Cooking Oil,5,0.1,4054.5,162.18,Express,3,2024-12,0.04
ORD-12530,2025-02-20,2025-02-25,Aarav Rao,Consumer,Central,Groceries,Cooking Oil,5,0.05,5557.5,333.45,Standard,5,2025-02,0.06
ORD-12531,2025-03-14,2025-03-19,Neha Das,Small Business,North,Clothing,Sneakers,5,0.05,8535.75,1963.22,Standard,5,2025-03,0.23
ORD-12532,2025-12-24,2025-12-28,Vihaan Reddy,Consumer,South,Groceries,Dairy Pack,1,0.1,162.0,6.48,Standard,4,2025-12,0.04
ORD-12533,2025-11-10,2025-11-17,Zara Malhotra,Consumer,Central,Groceries,Cooking Oil,4,0.1,2790.0,111.6,Express,7,2025-11,0.04
ORD-12534,2025-12-20,2025-12-27,Kabir Nair,Corporate,North,Clothing,Sneakers,3,0.1,1196.1,251.18,Express,7,2025-12,0.21
ORD-12535,2024-01-09,2024-01-10,Zara Joshi,Small Business,Central,Beauty,Perfume,5,0.25,783.75,94.05,Express,1,2024-01,0.12
ORD-12536,2025-02-01,2025-02-02,Priya Patel,Consumer,South,Groceries,Dairy Pack,5,0.0,4435.0,354.8,Standard,1,2025-02,0.08
ORD-12537,2025-12-19,2025-12-20,Om Sharma,Consumer,North,Beauty,Makeup Kit,1,0.1,484.2,87.16,Standard,1,2025-12,0.18
ORD-12538,2025-12-14,2025-12-19,Ananya Patel,Consumer,Central,Electronics,Tablet,3,0.0,59982.0,7197.84,Same Day,5,2025-12,0.12
ORD-12539,2024-04-09,2024-04-16,Arjun Verma,Consumer,West,Furniture,Bookshelf,2,0.0,4694.0,844.92,Express,7,2024-04,0.18
ORD-12540,2024-07-31,2024-08-01,Kavya Kapoor,Corporate,South,Beauty,Perfume,5,0.05,5310.5,1062.1,Same Day,1,2024-07,0.2
ORD-12541,2025-06-18,2025-06-23,Tanvi Khan,Small Business,North,Furniture,Sofa,4,0.2,16998.4,1699.84,Standard,5,2025-06,0.1
ORD-12542,2025-02-28,2025-03-05,Aditya Malhotra,Small Business,East,Clothing,Sneakers,4,0.05,5342.8,1228.84,Standard,5,2025-02,0.23
ORD-12543,2025-01-12,2025-01-14,Arjun Gupta,Consumer,East,Clothing,Jeans,1,0.0,3146.0,786.5,Standard,2,2025-01,0.25
ORD-12544,2025-08-28,2025-08-30,Tanvi Iyer,Consumer,Central,Groceries,Cooking Oil,2,0.05,737.2,44.23,Standard,2,2025-08,0.06
ORD-12545,2025-02-13,2025-02-15,Kabir Sharma,Small Business,South,Furniture,Bookshelf,1,0.15,19742.1,2369.05,Standard,2,2025-02,0.12
ORD-12546,2024-01-14,2024-01-16,Kavya Khan,Small Business,East,Beauty,Makeup Kit,2,0.1,1299.6,233.93,Standard,2,2024-01,0.18
ORD-12547,2024-02-05,2024-02-10,Om Mehta,Small Business,West,Furniture,Study Table,1,0.0,15879.0,2858.22,Standard,5,2024-02,0.18
ORD-12548,2025-05-23,2025-05-24,Aarav Joshi,Consumer,South,Furniture,Bookshelf,2,0.15,7537.8,904.54,Standard,1,2025-05,0.12
ORD-12549,2024-06-25,2024-06-26,Neha Verma,Consumer,North,Clothing,Sneakers,1,0.0,2307.0,576.75,Express,1,2024-06,0.25
ORD-12550,2024-05-19,2024-05-26,Priya Khan,Small Business,South,Furniture,Bookshelf,1,0.1,14157.9,1982.11,Same Day,7,2024-05,0.14
ORD-12551,2025-06-05,2025-06-06,Sneha Sharma,Corporate,Central,Furniture,Office Chair,2,0.0,28586.0,5145.48,Express,1,2025-06,0.18
ORD-12552,2024-09-03,2024-09-07,Vihaan Mehta,Consumer,West,Electronics,Smartphone,4,0.05,120612.0,12061.2,Standard,4,2024-09,0.1
ORD-12553,2025-09-01,2025-09-06,Zara Chatterjee,Consumer,South,Electronics,Tablet,5,0.05,43486.25,4348.62,Standard,5,2025-09,0.1
ORD-12554,2025-07-22,2025-07-23,Neha Joshi,Consumer,South,Groceries,Beverages,2,0.05,2781.6,166.9,Standard,1,2025-07,0.06
ORD-12555,2024-04-04,2024-04-09,Sneha Das,Consumer,Central,Beauty,Perfume,1,0.15,1665.15,266.42,Express,5,2024-04,0.16
ORD-12556,2025-07-24,2025-07-28,Sneha Khan,Small Business,North,Groceries,Snacks Combo,2,0.1,2030.4,81.22,Standard,4,2025-07,0.04
ORD-12557,2025-01-17,2025-01-19,Ishaan Joshi,Consumer,East,Furniture,Sofa,5,0.0,50905.0,9162.9,Standard,2,2025-01,0.18
ORD-12558,2024-08-12,2024-08-19,Diya Khan,Corporate,South,Groceries,Rice Pack,3,0.2,1029.6,0.0,Standard,7,2024-08,0.0
ORD-12559,2025-01-15,2025-01-22,Zara Joshi,Consumer,Central,Beauty,Hair Dryer,2,0.15,894.2,143.07,Standard,7,2025-01,0.16
ORD-12560,2024-10-31,2024-11-05,Ishaan Singh,Consumer,South,Electronics,Headphones,5,0.15,147088.25,8825.3,Standard,5,2024-10,0.06
ORD-12561,2025-03-04,2025-03-11,Kavya Chatterjee,Consumer,North,Furniture,Bookshelf,1,0.0,1860.0,334.8,Standard,7,2025-03,0.18
ORD-12562,2024-07-01,2024-07-04,Vivaan Gupta,Small Business,South,Groceries,Beverages,2,0.1,689.4,27.58,Standard,3,2024-07,0.04
ORD-12563,2025-05-04,2025-05-06,Aarav Sharma,Corporate,Central,Groceries,Rice Pack,4,0.2,1123.2,0.0,Same Day,2,2025-05,0.0
ORD-12564,2024-10-28,2024-11-01,Aarav Das,Consumer,South,Clothing,Sneakers,1,0.1,2112.3,443.58,Express,4,2024-10,0.21
ORD-12565,2024-02-28,2024-03-05,Ishaan Mehta,Consumer,North,Furniture,Bed Frame,4,0.25,11574.0,925.92,Standard,6,2024-02,0.08
ORD-12566,2025-04-18,2025-04-19,Priya Joshi,Small Business,Central,Furniture,Sofa,3,0.0,41907.0,7543.26,Express,1,2025-04,0.18
ORD-12567,2025-01-10,2025-01-11,Vihaan Verma,Consumer,North,Electronics,Laptop,4,0.05,177281.4,17728.14,Express,1,2025-01,0.1
ORD-12568,2024-02-21,2024-02-27,Kabir Chatterjee,Consumer,Central,Furniture,Sofa,4,0.0,39884.0,7179.12,Express,6,2024-02,0.18
ORD-12569,2024-12-09,2024-12-12,Vihaan Chatterjee,Consumer,North,Electronics,Tablet,1,0.05,44398.25,4439.82,Standard,3,2024-12,0.1
ORD-12570,2025-04-20,2025-04-21,Rohan Reddy,Consumer,South,Furniture,Sofa,1,0.0,24600.0,4428.0,Standard,1,2025-04,0.18
ORD-12571,2024-11-24,2024-11-29,Aditya Singh,Consumer,West,Beauty,Makeup Kit,3,0.1,834.3,150.17,Standard,5,2024-11,0.18
ORD-12572,2025-01-16,2025-01-18,Zara Gupta,Consumer,North,Electronics,Headphones,3,0.0,68109.0,8173.08,Express,2,2025-01,0.12
ORD-12573,2025-10-06,2025-10-10,Vihaan Malhotra,Corporate,Central,Electronics,Tablet,5,0.2,75488.0,3019.52,Express,4,2025-10,0.04
ORD-12574,2025-01-26,2025-01-31,Arjun Reddy,Corporate,Central,Groceries,Beverages,3,0.0,1911.0,152.88,Express,5,2025-01,0.08
ORD-12575,2025-10-14,2025-10-18,Ishaan Gupta,Small Business,North,Furniture,Bookshelf,4,0.05,6843.8,1095.01,Standard,4,2025-10,0.16
ORD-12576,2024-08-05,2024-08-09,Arjun Gupta,Small Business,Central,Beauty,Trimmer,2,0.0,1842.0,405.24,Standard,4,2024-08,0.22
ORD-12577,2025-06-23,2025-06-25,Rahul Chatterjee,Corporate,North,Groceries,Dairy Pack,5,0.05,6550.25,393.02,Express,2,2025-06,0.06
ORD-12578,2025-07-01,2025-07-02,Neha Mehta,Consumer,North,Clothing,Jacket,5,0.0,16245.0,4061.25,Standard,1,2025-07,0.25
ORD-12579,2025-10-18,2025-10-22,Rahul Nair,Consumer,Central,Beauty,Skincare Kit,4,0.05,2644.8,528.96,Standard,4,2025-10,0.2
ORD-12580,2024-07-26,2024-08-02,Rahul Joshi,Consumer,South,Clothing,Formal Shirt,4,0.0,14588.0,3647.0,Express,7,2024-07,0.25
ORD-12581,2025-04-22,2025-04-27,Ananya Rao,Corporate,South,Clothing,Sneakers,1,0.2,1640.8,360.72038893248555,Same Day,5,2025-04,0.22
ORD-12582,2024-12-15,2024-12-17,Saanvi Kapoor,Consumer,West,Clothing,Sneakers,1,0.05,2569.75,591.04,Standard,2,2024-12,0.23
ORD-12583,2024-05-21,2024-05-22,Tanvi Gupta,Small Business,West,Beauty,Trimmer,1,0.15,1072.7,171.63,Express,1,2024-05,0.16
ORD-12584,2024-10-07,2024-10-12,Saanvi Malhotra,Consumer,South,Clothing,Jacket,3,0.15,3498.6,664.73,Standard,5,2024-10,0.19
ORD-12585,2024-07-08,2024-07-10,Kabir Patel,Corporate,North,Electronics,Smartwatch,1,0.0,6825.0,819.0,Standard,2,2024-07,0.12
ORD-12586,2024-02-27,2024-03-05,Aditya Das,Consumer,Central,Clothing,T-Shirt,2,0.1,5909.4,1240.97,Same Day,7,2024-02,0.21
ORD-12587,2024-01-04,2024-01-10,Kavya Nair,Small Business,South,Electronics,Laptop,3,0.2,106725.6,4269.02,Standard,6,2024-01,0.04
ORD-12588,2024-01-10,2024-01-14,Kabir Das,Consumer,North,Groceries,Beverages,3,0.1,1174.5,46.98,Standard,4,2024-01,0.04
ORD-12589,2025-01-15,2025-01-19,Saanvi Khan,Consumer,Central,Electronics,Headphones,5,0.25,114588.75,2291.77,Express,4,2025-01,0.02
ORD-12590,2025-07-26,2025-07-30,Meera Khan,Consumer,West,Beauty,Makeup Kit,4,0.1,5468.4,984.31,Express,4,2025-07,0.18
ORD-12591,2025-08-23,2025-08-28,Meera Verma,Consumer,Central,Electronics,Smartphone,5,0.25,79766.25,1595.32,Express,5,2025-08,0.02
ORD-12592,2024-02-15,2024-02-21,Om Sharma,Consumer,North,Beauty,Perfume,5,0.0,7780.0,1711.6,Standard,6,2024-02,0.22
ORD-12593,2024-05-20,2024-05-26,Aarav Singh,Corporate,Central,Groceries,Beverages,4,0.2,2086.4,-0.0,Express,6,2024-05,-0.0
ORD-12594,2024-07-02,2024-07-09,Vihaan Joshi,Consumer,West,Electronics,Headphones,5,0.2,25376.0,1015.04,Express,7,2024-07,0.04
ORD-12595,2024-11-28,2024-11-29,Ishaan Iyer,Consumer,Central,Beauty,Trimmer,5,0.0,10025.0,2205.5,Standard,1,2024-11,0.22
ORD-12596,2025-03-14,2025-03-17,Kabir Nair,Consumer,South,Electronics,Headphones,3,0.0,39408.0,4728.96,Standard,3,2025-03,0.12
ORD-12597,2024-09-08,2024-09-10,Kavya Reddy,Consumer,East,Electronics,Smartwatch,3,0.05,164425.05,16442.5,Standard,2,2024-09,0.1
ORD-12598,2025-10-19,2025-10-24,Kabir Nair,Small Business,West,Groceries,Snacks Combo,4,0.0,5304.0,424.32,Standard,5,2025-10,0.08
ORD-12599,2024-12-10,2024-12-14,Aarav Reddy,Corporate,North,Groceries,Rice Pack,5,0.2,4304.0,-0.0,Standard,4,2024-12,-0.0
ORD-12600,2025-01-27,2025-01-31,Vihaan Sharma,Small Business,North,Clothing,Formal Shirt,1,0.0,501.0,125.25,Express,4,2025-01,0.25
ORD-12601,2025-06-26,2025-07-02,Tanvi Gupta,Consumer,Central,Furniture,Office Chair,5,0.0,84210.0,15157.8,Standard,6,2025-06,0.18
ORD-12602,2024-01-20,2024-01-25,Zara Singh,Consumer,East,Furniture,Sofa,1,0.1,5760.9,806.53,Standard,5,2024-01,0.14
ORD-12603,2025-06-11,2025-06-13,Aarav Singh,Consumer,East,Electronics,Tablet,5,0.0,180180.0,21621.6,Standard,2,2025-06,0.12
ORD-12604,2025-11-02,2025-11-03,Neha Singh,Consumer,North,Clothing,Formal Shirt,3,0.2,4358.4,740.93,Express,1,2025-11,0.17
ORD-12605,2025-12-24,2025-12-29,Diya Das,Consumer,South,Beauty,Trimmer,1,0.0,2511.0,552.42,Standard,5,2025-12,0.22
ORD-12606,2024-02-23,2024-02-25,Aarav Patel,Consumer,East,Groceries,Cooking Oil,5,0.0,1750.0,140.0,Standard,2,2024-02,0.08
ORD-12607,2024-12-22,2024-12-23,Meera Rao,Consumer,West,Furniture,Study Table,1,0.15,16895.45,2027.45,Standard,1,2024-12,0.12
ORD-12608,2025-06-22,2025-06-26,Rohan Malhotra,Consumer,East,Furniture,Study Table,4,0.0,38268.0,6888.24,Standard,4,2025-06,0.18
ORD-12609,2025-08-02,2025-08-08,Vihaan Nair,Corporate,North,Electronics,Headphones,1,0.15,29015.6,1740.94,Express,6,2025-08,0.06
ORD-12610,2025-10-18,2025-10-21,Ananya Iyer,Corporate,North,Groceries,Snacks Combo,4,0.2,2886.4,-0.0,Standard,3,2025-10,-0.0
ORD-12611,2024-06-25,2024-07-01,Vivaan Gupta,Corporate,Central,Clothing,T-Shirt,4,0.1,3708.0,778.68,Standard,6,2024-06,0.21
ORD-12612,2024-04-15,2024-04-16,Aditya Joshi,Corporate,South,Electronics,Smartwatch,2,0.1,101260.8,8100.86,Standard,1,2024-04,0.08
ORD-12613,2024-03-01,2024-03-07,Sneha Mehta,Consumer,South,Electronics,Headphones,4,0.05,38330.6,3833.06,Standard,6,2024-03,0.1
ORD-12614,2025-02-16,2025-02-19,Kavya Khan,Consumer,Central,Groceries,Rice Pack,4,0.0,1872.0,149.76,Express,3,2025-02,0.08
ORD-12615,2024-03-04,2024-03-09,Ananya Sharma,Corporate,North,Clothing,Formal Shirt,4,0.0,3784.0,946.0,Express,5,2024-03,0.25
ORD-12616,2024-04-22,2024-04-27,Rahul Gupta,Consumer,East,Groceries,Snacks Combo,3,0.25,2821.5,-56.43,Express,5,2024-04,-0.02
ORD-12617,2025-12-07,2025-12-11,Sneha Reddy,Consumer,Central,Electronics,Headphones,2,0.0,112754.0,13530.48,Standard,4,2025-12,0.12
ORD-12618,2024-10-01,2024-10-04,Aditya Nair,Small Business,South,Electronics,Laptop,2,0.1,83448.0,6675.84,Standard,3,2024-10,0.08
ORD-12619,2025-08-21,2025-08-27,Om Malhotra,Consumer,North,Beauty,Makeup Kit,2,0.05,1204.6,240.92,Express,6,2025-08,0.2
ORD-12620,2025-05-25,2025-05-31,Rohan Das,Consumer,East,Clothing,Sneakers,5,0.25,12720.0,1908.0,Express,6,2025-05,0.15
ORD-12621,2024-09-25,2024-09-29,Neha Chatterjee,Consumer,Central,Electronics,Laptop,1,0.1,12069.0,965.52,Express,4,2024-09,0.08
ORD-12622,2024-11-20,2024-11-27,Tanvi Rao,Consumer,North,Beauty,Makeup Kit,2,0.05,1037.4,207.48,Standard,7,2024-11,0.2
ORD-12623,2025-03-03,2025-03-04,Diya Sharma,Corporate,West,Groceries,Snacks Combo,1,0.05,803.7,48.22,Standard,1,2025-03,0.06
ORD-12624,2024-02-17,2024-02-20,Vihaan Iyer,Corporate,West,Beauty,Hair Dryer,5,0.05,5310.5,1062.1,Express,3,2024-02,0.2
ORD-12625,2024-05-23,2024-05-28,Neha Nair,Consumer,North,Furniture,Office Chair,5,0.05,61184.75,9789.56,Standard,5,2024-05,0.16
ORD-12626,2024-04-06,2024-04-08,Vihaan Khan,Consumer,South,Groceries,Cooking Oil,1,0.0,715.0,57.2,Express,2,2024-04,0.08
ORD-12627,2025-03-09,2025-03-16,Kabir Mehta,Consumer,West,Groceries,Snacks Combo,2,0.05,2365.5,141.93,Standard,7,2025-03,0.06
ORD-12628,2025-11-22,2025-11-29,Diya Joshi,Small Business,North,Furniture,Bookshelf,2,0.0,12334.0,2220.12,Same Day,7,2025-11,0.18
ORD-12629,2024-04-02,2024-04-09,Arjun Joshi,Small Business,Central,Groceries,Snacks Combo,2,0.0,776.0,62.08,Standard,7,2024-04,0.08
ORD-12630,2025-07-29,2025-08-02,Rahul Kapoor,Consumer,Central,Electronics,Smartphone,5,0.25,46451.25,929.02,Standard,4,2025-07,0.02
ORD-12631,2025-04-10,2025-04-16,Rohan Chatterjee,Consumer,North,Electronics,Headphones,1,0.0,54392.0,6527.04,Standard,6,2025-04,0.12
ORD-12632,2025-05-31,2025-06-03,Vihaan Khan,Consumer,West,Clothing,T-Shirt,2,0.1,6157.8,1293.14,Standard,3,2025-05,0.21
ORD-12633,2025-03-04,2025-03-09,Aditya Kapoor,Consumer,South,Groceries,Dairy Pack,3,0.05,3667.95,220.08,Express,5,2025-03,0.06
ORD-12634,2024-03-28,2024-03-30,Vihaan Khan,Small Business,Central,Clothing,Formal Shirt,5,0.0,17920.0,4480.0,Standard,2,2024-03,0.25
ORD-12635,2024-12-07,2024-12-14,Rohan Gupta,Small Business,Central,Furniture,Office Chair,3,0.25,32094.0,2567.52,Express,7,2024-12,0.08
ORD-12636,2025-02-20,2025-02-22,Om Das,Consumer,South,Furniture,Office Chair,4,0.1,23828.4,3335.98,Express,2,2025-02,0.14
ORD-12637,2025-05-30,2025-06-05,Saanvi Mehta,Corporate,South,Groceries,Rice Pack,4,0.1,2361.6,94.46,Express,6,2025-05,0.04
ORD-12638,2024-06-24,2024-06-29,Kabir Rao,Small Business,West,Electronics,Laptop,1,0.0,12586.0,1510.32,Standard,5,2024-06,0.12
ORD-12639,2024-10-03,2024-10-08,Vivaan Sharma,Consumer,East,Electronics,Tablet,5,0.0,220430.0,26451.6,Standard,5,2024-10,0.12
ORD-12640,2024-02-28,2024-02-29,Zara Sharma,Corporate,Central,Clothing,Jacket,3,0.0,10995.0,2748.75,Standard,1,2024-02,0.25
ORD-12641,2024-07-11,2024-07-17,Diya Gupta,Small Business,Central,Electronics,Smartphone,2,0.1,4303.8,344.3,Standard,6,2024-07,0.08
ORD-12642,2024-04-17,2024-04-20,Vihaan Das,Small Business,West,Beauty,Trimmer,2,0.1,5160.6,928.91,Standard,3,2024-04,0.18
ORD-12643,2024-05-29,2024-05-31,Om Sharma,Corporate,West,Clothing,Formal Shirt,3,0.0,1857.0,464.25,Standard,2,2024-05,0.25
ORD-12644,2025-05-12,2025-05-16,Zara Singh,Consumer,North,Groceries,Rice Pack,5,0.25,1526.25,-30.52,Standard,4,2025-05,-0.02
ORD-12645,2024-07-23,2024-07-26,Vihaan Khan,Small Business,West,Clothing,Jeans,4,0.0,7300.0,1825.0,Standard,3,2024-07,0.25
ORD-12646,2025-11-17,2025-11-18,Diya Chatterjee,Consumer,East,Groceries,Beverages,1,0.2,979.2,-0.0,Standard,1,2025-11,-0.0
ORD-12647,2025-11-10,2025-11-13,Sneha Rao,Consumer,East,Electronics,Smartwatch,4,0.0,214680.0,25761.6,Standard,3,2025-11,0.12
ORD-12648,2024-08-02,2024-08-03,Aarav Joshi,Small Business,South,Groceries,Snacks Combo,1,0.0,250.0,20.0,Express,1,2024-08,0.08
ORD-12649,2024-08-29,2024-08-30,Kavya Verma,Corporate,Central,Clothing,Formal Shirt,2,0.1,6490.8,1363.07,Express,1,2024-08,0.21
ORD-12650,2025-07-23,2025-07-24,Ishaan Das,Corporate,East,Groceries,Rice Pack,3,0.1,307.8,12.31,Same Day,1,2025-07,0.04
ORD-12651,2025-01-23,2025-01-25,Tanvi Khan,Small Business,South,Clothing,Formal Shirt,2,0.1,1526.4,320.54,Standard,2,2025-01,0.21
ORD-12652,2025-02-28,2025-03-07,Rohan Das,Consumer,West,Beauty,Trimmer,3,0.15,2511.75,401.88,Standard,7,2025-02,0.16
ORD-12653,2024-05-31,2024-06-05,Meera Gupta,Consumer,Central,Groceries,Cooking Oil,4,0.05,915.8,54.95,Standard,5,2024-05,0.06
ORD-12654,2024-09-19,2024-09-26,Vivaan Nair,Corporate,North,Groceries,Snacks Combo,5,0.0,6430.0,514.4,Express,7,2024-09,0.08
ORD-12655,2025-04-28,2025-05-04,Sneha Mehta,Consumer,North,Beauty,Perfume,3,0.0,4593.0,1010.46,Express,6,2025-04,0.22
ORD-12656,2024-12-08,2024-12-09,Meera Nair,Small Business,North,Furniture,Bookshelf,2,0.1,3119.4,436.72,Standard,1,2024-12,0.14
ORD-12657,2024-10-12,2024-10-16,Saanvi Khan,Consumer,East,Furniture,Office Chair,1,0.15,7986.6,958.39,Express,4,2024-10,0.12
ORD-12658,2025-06-10,2025-06-14,Kavya Joshi,Corporate,South,Furniture,Study Table,2,0.1,33240.6,4653.68,Standard,4,2025-06,0.14
ORD-12659,2025-09-29,2025-10-01,Ananya Nair,Corporate,West,Beauty,Makeup Kit,3,0.0,8112.0,1784.64,Express,2,2025-09,0.22
ORD-12660,2024-03-24,2024-03-30,Kavya Chatterjee,Consumer,East,Clothing,Jacket,2,0.15,5465.5,1038.44,Standard,6,2024-03,0.19
ORD-12661,2025-09-28,2025-10-01,Sneha Reddy,Small Business,North,Furniture,Bookshelf,3,0.05,42259.8,6761.57,Same Day,3,2025-09,0.16
ORD-12662,2025-06-08,2025-06-11,Vihaan Singh,Consumer,West,Electronics,Tablet,5,0.05,19446.5,1944.65,Express,3,2025-06,0.1
ORD-12663,2025-05-19,2025-05-24,Kavya Verma,Consumer,South,Furniture,Bookshelf,3,0.05,61465.95,9834.55,Same Day,5,2025-05,0.16
ORD-12664,2024-11-02,2024-11-07,Om Chatterjee,Consumer,South,Furniture,Study Table,1,0.0,23963.0,4313.34,Standard,5,2024-11,0.18
ORD-12665,2024-03-27,2024-04-03,Meera Sharma,Small Business,Central,Groceries,Cooking Oil,5,0.1,4972.5,198.9,Standard,7,2024-03,0.04
ORD-12666,2025-02-21,2025-02-24,Ishaan Khan,Corporate,East,Electronics,Smartwatch,3,0.0,65988.0,7918.56,Express,3,2025-02,0.12
ORD-12667,2024-05-09,2024-05-14,Zara Mehta,Consumer,North,Clothing,Jacket,1,0.1,1725.3,362.31,Standard,5,2024-05,0.21
ORD-12668,2024-03-12,2024-03-18,Arjun Mehta,Corporate,South,Clothing,Jeans,3,0.05,10131.75,2330.3,Standard,6,2024-03,0.23
ORD-12669,2024-12-10,2024-12-14,Kabir Das,Corporate,East,Beauty,Trimmer,2,0.0,1994.0,438.68,Express,4,2024-12,0.22
ORD-12670,2025-12-21,2025-12-24,Vihaan Singh,Corporate,East,Electronics,Smartphone,2,0.0,21556.0,2586.72,Same Day,3,2025-12,0.12
ORD-12671,2024-12-04,2024-12-08,Ananya Joshi,Consumer,East,Beauty,Perfume,4,0.0,2064.0,454.08,Standard,4,2024-12,0.22
ORD-12672,2025-02-16,2025-02-23,Vihaan Gupta,Consumer,Central,Beauty,Makeup Kit,1,0.1,2666.7,480.01,Standard,7,2025-02,0.18
ORD-12673,2025-11-14,2025-11-17,Zara Gupta,Consumer,East,Groceries,Dairy Pack,2,0.1,1935.0,77.4,Standard,3,2025-11,0.04
ORD-12674,2025-07-04,2025-07-08,Neha Reddy,Corporate,South,Furniture,Bed Frame,4,0.0,8628.0,1553.04,Standard,4,2025-07,0.18
ORD-12675,2024-09-01,2024-09-02,Kabir Kapoor,Consumer,South,Clothing,Jeans,2,0.0,992.0,248.0,Standard,1,2024-09,0.25
ORD-12676,2025-01-31,2025-02-03,Aarav Iyer,Consumer,West,Groceries,Cooking Oil,2,0.2,1088.0,-0.0,Standard,3,2025-01,-0.0
ORD-12677,2025-04-24,2025-04-28,Diya Verma,Small Business,West,Clothing,Jeans,4,0.1,14227.2,2987.71,Standard,4,2025-04,0.21
ORD-12678,2025-08-09,2025-08-12,Meera Malhotra,Small Business,North,Groceries,Dairy Pack,2,0.2,1744.0,0.0,Same Day,3,2025-08,0.0
ORD-12679,2024-07-17,2024-07-24,Sneha Sharma,Consumer,East,Beauty,Makeup Kit,4,0.05,5198.4,1039.68,Standard,7,2024-07,0.2
ORD-12680,2024-07-10,2024-07-11,Rohan Gupta,Corporate,West,Beauty,Skincare Kit,1,0.0,2792.0,614.24,Express,1,2024-07,0.22
ORD-12681,2025-08-20,2025-08-22,Tanvi Gupta,Consumer,North,Furniture,Study Table,4,0.0,76768.0,13818.24,Standard,2,2025-08,0.18
ORD-12682,2025-10-24,2025-10-29,Vivaan Nair,Consumer,North,Furniture,Study Table,3,0.05,58735.65,9397.7,Standard,5,2025-10,0.16
ORD-12683,2024-02-01,2024-02-06,Tanvi Das,Consumer,North,Groceries,Snacks Combo,2,0.05,256.5,15.39,Express,5,2024-02,0.06
ORD-12684,2025-01-23,2025-01-29,Tanvi Nair,Consumer,South,Beauty,Perfume,4,0.15,809.2,129.47,Standard,6,2025-01,0.16
ORD-12685,2024-11-30,2024-12-02,Vivaan Joshi,Small Business,East,Furniture,Sofa,2,0.0,30450.0,5481.0,Express,2,2024-11,0.18
ORD-12686,2024-01-17,2024-01-22,Zara Khan,Consumer,West,Groceries,Dairy Pack,1,0.1,657.0,26.28,Same Day,5,2024-01,0.04
ORD-12687,2024-07-10,2024-07-13,Neha Chatterjee,Small Business,East,Clothing,T-Shirt,3,0.05,7153.5,1645.3,Express,3,2024-07,0.23
ORD-12688,2024-04-26,2024-04-28,Vivaan Singh,Consumer,South,Beauty,Perfume,2,0.0,4038.0,888.36,Express,2,2024-04,0.22
ORD-12689,2024-09-10,2024-09-13,Neha Das,Consumer,Central,Clothing,T-Shirt,2,0.0,4566.0,1141.5,Standard,3,2024-09,0.25
ORD-12690,2025-07-28,2025-08-01,Tanvi Nair,Small Business,Central,Electronics,Laptop,5,0.1,61137.0,4890.96,Express,4,2025-07,0.08
ORD-12691,2025-12-11,2025-12-18,Vihaan Iyer,Corporate,South,Electronics,Smartphone,2,0.25,27456.0,549.12,Standard,7,2025-12,0.02
ORD-12692,2025-09-05,2025-09-08,Vivaan Chatterjee,Corporate,East,Groceries,Beverages,2,0.05,1734.7,104.08,Standard,3,2025-09,0.06
ORD-12693,2024-10-25,2024-11-01,Priya Gupta,Corporate,Central,Clothing,Jeans,2,0.0,4728.0,1182.0,Standard,7,2024-10,0.25
ORD-12694,2024-01-23,2024-01-25,Aarav Joshi,Corporate,West,Furniture,Office Chair,2,0.25,7522.5,601.8,Express,2,2024-01,0.08
ORD-12695,2024-03-26,2024-03-27,Om Iyer,Small Business,West,Beauty,Skincare Kit,5,0.0,3865.0,850.3,Standard,1,2024-03,0.22
ORD-12696,2025-11-02,2025-11-07,Aditya Nair,Consumer,Central,Furniture,Office Chair,2,0.25,17238.0,1379.04,Express,5,2025-11,0.08
ORD-12697,2025-05-21,2025-05-24,Aditya Rao,Small Business,South,Groceries,Snacks Combo,2,0.05,1115.3,66.92,Standard,3,2025-05,0.06
ORD-12698,2025-02-18,2025-02-20,Sneha Gupta,Consumer,West,Groceries,Dairy Pack,1,0.05,244.15,14.65,Standard,2,2025-02,0.06
ORD-12699,2024-04-20,2024-04-21,Saanvi Khan,Consumer,West,Clothing,T-Shirt,5,0.0,15685.0,3921.25,Standard,1,2024-04,0.25
ORD-12700,2025-12-17,2025-12-21,Neha Chatterjee,Small Business,South,Electronics,Headphones,2,0.15,8136.2,488.17,Express,4,2025-12,0.06
ORD-12701,2024-01-18,2024-01-24,Sneha Joshi,Consumer,North,Groceries,Cooking Oil,3,0.1,3248.1,129.92,Standard,6,2024-01,0.04
ORD-12702,2025-03-01,2025-03-07,Ananya Iyer,Consumer,Central,Electronics,Smartphone,1,0.05,36554.1,3655.41,Express,6,2025-03,0.1
ORD-12703,2024-09-11,2024-09-12,Kabir Verma,Corporate,Central,Electronics,Headphones,3,0.0,75234.0,9028.08,Standard,1,2024-09,0.12
ORD-12704,2025-10-29,2025-11-05,Neha Mehta,Small Business,West,Furniture,Study Table,2,0.2,35145.6,3514.56,Express,7,2025-10,0.1
ORD-12705,2024-02-04,2024-02-05,Aarav Singh,Small Business,West,Beauty,Hair Dryer,3,0.1,7973.1,1435.16,Standard,1,2024-02,0.18
ORD-12706,2024-04-22,2024-04-29,Neha Sharma,Small Business,South,Groceries,Snacks Combo,1,0.1,117.9,4.72,Standard,7,2024-04,0.04
ORD-12707,2024-10-30,2024-11-06,Om Kapoor,Consumer,West,Beauty,Perfume,2,0.1,5248.8,944.78,Standard,7,2024-10,0.18
ORD-12708,2024-12-21,2024-12-25,Neha Das,Consumer,East,Groceries,Rice Pack,1,0.0,366.0,29.28,Express,4,2024-12,0.08
ORD-12709,2025-02-13,2025-02-16,Diya Mehta,Consumer,West,Beauty,Makeup Kit,4,0.2,4316.8,604.35,Standard,3,2025-02,0.14
ORD-12710,2025-03-12,2025-03-14,Vihaan Verma,Consumer,East,Electronics,Smartphone,2,0.05,56500.3,5650.03,Standard,2,2025-03,0.1
ORD-12711,2024-06-25,2024-07-02,Saanvi Sharma,Consumer,North,Groceries,Dairy Pack,2,0.0,2046.0,163.68,Standard,7,2024-06,0.08
ORD-12712,2024-07-26,2024-07-29,Saanvi Mehta,Corporate,West,Furniture,Study Table,1,0.05,2505.15,400.82,Standard,3,2024-07,0.16
ORD-12713,2024-02-02,2024-02-03,Priya Chatterjee,Consumer,East,Beauty,Perfume,4,0.0,11908.0,2619.76,Standard,1,2024-02,0.22
ORD-12714,2024-11-07,2024-11-09,Meera Gupta,Corporate,West,Clothing,T-Shirt,2,0.0,7172.0,1793.0,Same Day,2,2024-11,0.25
ORD-12715,2025-07-27,2025-07-29,Aarav Khan,Corporate,South,Electronics,Tablet,1,0.1,8109.9,648.79,Express,2,2025-07,0.08
ORD-12716,2025-03-09,2025-03-16,Kavya Iyer,Consumer,Central,Electronics,Tablet,1,0.25,24931.5,498.63,Standard,7,2025-03,0.02
ORD-12717,2025-05-25,2025-05-31,Meera Kapoor,Consumer,North,Beauty,Perfume,3,0.05,8253.6,1650.72,Standard,6,2025-05,0.2
ORD-12718,2025-07-07,2025-07-10,Aarav Verma,Small Business,South,Clothing,T-Shirt,4,0.15,3597.2,683.47,Standard,3,2025-07,0.19
ORD-12719,2025-05-22,2025-05-23,Arjun Iyer,Consumer,South,Furniture,Study Table,3,0.0,15321.0,2757.78,Standard,1,2025-05,0.18
ORD-12720,2024-09-22,2024-09-23,Diya Kapoor,Consumer,North,Clothing,Jeans,1,0.05,2221.1,510.85,Standard,1,2024-09,0.23
ORD-12721,2024-01-28,2024-01-31,Zara Iyer,Corporate,South,Groceries,Rice Pack,1,0.2,807.2,0.0,Standard,3,2024-01,0.0
ORD-12722,2024-11-09,2024-11-14,Zara Joshi,Corporate,Central,Electronics,Laptop,3,0.0,162699.0,19523.88,Express,5,2024-11,0.12
ORD-12723,2025-10-29,2025-10-30,Vihaan Mehta,Consumer,North,Beauty,Makeup Kit,2,0.1,2782.8,500.9,Express,1,2025-10,0.18
ORD-12724,2024-06-10,2024-06-11,Sneha Chatterjee,Consumer,Central,Furniture,Bookshelf,2,0.05,35839.7,5734.35,Express,1,2024-06,0.16
ORD-12725,2024-07-17,2024-07-21,Tanvi Reddy,Corporate,North,Groceries,Beverages,5,0.0,695.0,55.6,Same Day,4,2024-07,0.08
ORD-12726,2024-04-27,2024-05-02,Saanvi Rao,Corporate,West,Groceries,Cooking Oil,4,0.0,1980.0,158.4,Standard,5,2024-04,0.08
ORD-12727,2025-09-05,2025-09-09,Aarav Sharma,Consumer,East,Furniture,Study Table,2,0.1,8325.0,1165.5,Express,4,2025-09,0.14
ORD-12728,2024-10-10,2024-10-17,Priya Singh,Consumer,North,Groceries,Snacks Combo,3,0.0,2184.0,174.72,Express,7,2024-10,0.08
ORD-12729,2024-02-09,2024-02-12,Ananya Reddy,Consumer,East,Beauty,Perfume,3,0.0,8091.0,1780.02,Standard,3,2024-02,0.22
ORD-12730,2024-10-03,2024-10-05,Tanvi Chatterjee,Corporate,Central,Clothing,Formal Shirt,2,0.0,2774.0,693.5,Standard,2,2024-10,0.25
ORD-12731,2024-07-26,2024-08-02,Vihaan Reddy,Small Business,Central,Groceries,Rice Pack,2,0.1,1085.4,43.42,Standard,7,2024-07,0.04
ORD-12732,2024-09-03,2024-09-09,Sneha Singh,Small Business,Central,Furniture,Office Chair,2,0.25,10180.5,814.44,Express,6,2024-09,0.08
ORD-12733,2025-06-17,2025-06-20,Om Nair,Consumer,West,Electronics,Smartphone,2,0.25,13351.5,267.03,Same Day,3,2025-06,0.02
ORD-12734,2025-02-14,2025-02-15,Arjun Reddy,Small Business,North,Beauty,Perfume,5,0.15,3914.25,626.28,Standard,1,2025-02,0.16
ORD-12735,2025-05-31,2025-06-06,Om Chatterjee,Consumer,North,Furniture,Bookshelf,4,0.1,10501.2,1470.17,Express,6,2025-05,0.14
ORD-12736,2024-02-09,2024-02-12,Rohan Rao,Consumer,Central,Electronics,Headphones,5,0.0,189505.0,22740.6,Standard,3,2024-02,0.12
ORD-12737,2025-04-15,2025-04-19,Zara Das,Corporate,South,Furniture,Study Table,4,0.25,28248.0,2259.84,Standard,4,2025-04,0.08
ORD-12738,2025-06-13,2025-06-16,Ishaan Das,Consumer,East,Beauty,Perfume,3,0.05,1034.55,206.91,Express,3,2025-06,0.2
ORD-12739,2024-03-11,2024-03-16,Ishaan Singh,Consumer,West,Clothing,Formal Shirt,2,0.0,3606.0,901.5,Standard,5,2024-03,0.25
ORD-12740,2025-01-22,2025-01-23,Kabir Patel,Small Business,East,Electronics,Headphones,2,0.1,107218.8,8577.5,Standard,1,2025-01,0.08
ORD-12741,2024-03-19,2024-03-26,Ishaan Verma,Small Business,West,Beauty,Perfume,4,0.1,5212.8,938.3,Standard,7,2024-03,0.18
ORD-12742,2024-11-13,2024-11-18,Om Gupta,Corporate,East,Furniture,Study Table,5,0.1,53275.5,7458.57,Standard,5,2024-11,0.14
ORD-12743,2025-04-09,2025-04-10,Priya Joshi,Small Business,South,Beauty,Hair Dryer,3,0.2,1778.4,248.98,Express,1,2025-04,0.14
ORD-12744,2024-10-11,2024-10-14,Ishaan Mehta,Corporate,South,Furniture,Study Table,1,0.1,9234.0,1292.76,Standard,3,2024-10,0.14
ORD-12745,2025-05-18,2025-05-19,Aarav Das,Small Business,West,Electronics,Laptop,5,0.15,85293.25,5117.6,Express,1,2025-05,0.06
ORD-12746,2025-01-12,2025-01-17,Diya Joshi,Consumer,Central,Beauty,Perfume,4,0.1,5270.4,948.67,Express,5,2025-01,0.18
ORD-12747,2024-12-25,2024-12-28,Meera Rao,Consumer,North,Beauty,Makeup Kit,2,0.1,2014.2,362.56,Express,3,2024-12,0.18
ORD-12748,2024-03-30,2024-04-04,Neha Gupta,Small Business,West,Electronics,Laptop,5,0.25,115698.75,2313.98,Express,5,2024-03,0.02
ORD-12749,2025-11-28,2025-12-03,Aditya Verma,Consumer,Central,Electronics,Laptop,2,0.15,22018.4,1321.1,Standard,5,2025-11,0.06
ORD-12750,2025-01-14,2025-01-21,Aditya Malhotra,Corporate,North,Beauty,Trimmer,1,0.05,741.95,148.39,Same Day,7,2025-01,0.2
ORD-12751,2024-10-31,2024-11-03,Om Gupta,Consumer,South,Beauty,Makeup Kit,4,0.0,3792.0,834.24,Standard,3,2024-10,0.22
ORD-12752,2024-01-26,2024-01-29,Zara Das,Corporate,East,Beauty,Perfume,3,0.1,4303.8,774.68,Express,3,2024-01,0.18
ORD-12753,2024-01-04,2024-01-07,Rohan Joshi,Consumer,North,Clothing,T-Shirt,1,0.1,2460.6,516.73,Standard,3,2024-01,0.21
ORD-12754,2025-06-25,2025-07-02,Ananya Joshi,Small Business,West,Groceries,Dairy Pack,2,0.0,782.0,62.56,Standard,7,2025-06,0.08
ORD-12755,2024-09-26,2024-09-28,Om Malhotra,Consumer,East,Groceries,Snacks Combo,3,0.05,3066.6,184.0,Express,2,2024-09,0.06
ORD-12756,2025-10-21,2025-10-22,Neha Rao,Corporate,South,Clothing,Jacket,2,0.15,2427.6,461.24,Express,1,2025-10,0.19
ORD-12757,2024-02-02,2024-02-08,Zara Singh,Small Business,North,Clothing,Jacket,5,0.2,2388.0,405.96,Express,6,2024-02,0.17
ORD-12758,2024-01-23,2024-01-30,Rohan Chatterjee,Consumer,East,Clothing,Jeans,5,0.05,2569.75,591.04,Standard,7,2024-01,0.23
ORD-12759,2025-01-13,2025-01-14,Sneha Gupta,Consumer,South,Beauty,Skincare Kit,3,0.05,4294.95,858.99,Standard,1,2025-01,0.2
ORD-12760,2025-04-04,2025-04-08,Ananya Singh,Corporate,South,Clothing,Jeans,5,0.1,3208.5,673.78,Standard,4,2025-04,0.21
ORD-12761,2025-05-04,2025-05-11,Kavya Malhotra,Consumer,North,Furniture,Bookshelf,1,0.25,4893.75,391.5,Standard,7,2025-05,0.08
ORD-12762,2024-06-12,2024-06-19,Aarav Das,Consumer,South,Beauty,Skincare Kit,5,0.05,11827.5,2365.5,Standard,7,2024-06,0.2
ORD-12763,2025-10-30,2025-11-02,Ananya Chatterjee,Corporate,North,Beauty,Hair Dryer,1,0.05,1189.4,237.88,Same Day,3,2025-10,0.2
ORD-12764,2024-07-07,2024-07-09,Arjun Patel,Corporate,East,Beauty,Skincare Kit,4,0.0,8156.0,1794.32,Standard,2,2024-07,0.22
ORD-12765,2025-08-24,2025-08-29,Vivaan Gupta,Small Business,South,Clothing,T-Shirt,4,0.05,13056.8,3003.06,Express,5,2025-08,0.23
ORD-12766,2024-10-16,2024-10-20,Saanvi Nair,Consumer,North,Electronics,Headphones,1,0.05,50274.95,5027.5,Standard,4,2024-10,0.1
ORD-12767,2025-10-03,2025-10-10,Priya Joshi,Consumer,West,Electronics,Smartwatch,1,0.1,39241.8,3139.34,Express,7,2025-10,0.08
ORD-12768,2025-05-03,2025-05-08,Meera Gupta,Consumer,South,Electronics,Smartphone,3,0.0,108015.0,12961.8,Express,5,2025-05,0.12
ORD-12769,2024-02-27,2024-03-03,Vihaan Chatterjee,Consumer,North,Electronics,Headphones,4,0.1,33076.8,2646.14,Standard,5,2024-02,0.08
ORD-12770,2024-02-27,2024-03-01,Ananya Joshi,Consumer,West,Beauty,Trimmer,1,0.0,270.0,59.4,Standard,3,2024-02,0.22
ORD-12771,2024-04-16,2024-04-20,Meera Kapoor,Small Business,Central,Beauty,Perfume,4,0.1,2012.4,362.23,Standard,4,2024-04,0.18
ORD-12772,2024-12-06,2024-12-12,Kabir Chatterjee,Small Business,South,Furniture,Bookshelf,2,0.15,29709.2,3565.1,Express,6,2024-12,0.12
ORD-12773,2024-06-27,2024-07-03,Sneha Reddy,Corporate,West,Furniture,Study Table,4,0.05,23674.0,3787.84,Express,6,2024-06,0.16
ORD-12774,2025-08-10,2025-08-12,Aarav Malhotra,Corporate,South,Beauty,Hair Dryer,3,0.2,3180.0,445.2,Standard,2,2025-08,0.14
ORD-12775,2024-11-25,2024-11-30,Tanvi Patel,Corporate,West,Groceries,Beverages,3,0.2,2601.6,-0.0,Standard,5,2024-11,-0.0
ORD-12776,2025-06-17,2025-06-24,Arjun Das,Consumer,North,Electronics,Tablet,1,0.05,36645.3,3664.53,Express,7,2025-06,0.1
ORD-12777,2025-03-03,2025-03-06,Diya Singh,Consumer,South,Clothing,Jacket,3,0.0,1437.0,359.25,Standard,3,2025-03,0.25
ORD-12778,2024-07-06,2024-07-09,Zara Nair,Consumer,North,Clothing,Jeans,4,0.1,7275.6,1527.88,Standard,3,2024-07,0.21
ORD-12779,2024-05-20,2024-05-26,Diya Chatterjee,Corporate,East,Furniture,Study Table,1,0.0,16408.0,2953.44,Standard,6,2024-05,0.18
ORD-12780,2024-01-17,2024-01-18,Saanvi Singh,Consumer,North,Electronics,Tablet,4,0.1,131670.0,10533.6,Same Day,1,2024-01,0.08
ORD-12781,2025-11-25,2025-11-27,Priya Malhotra,Consumer,East,Groceries,Beverages,1,0.1,279.9,11.2,Standard,2,2025-11,0.04
ORD-12782,2024-02-15,2024-02-22,Rahul Joshi,Corporate,Central,Furniture,Office Chair,1,0.15,16625.15,1995.02,Express,7,2024-02,0.12
ORD-12783,2024-09-12,2024-09-17,Diya Iyer,Consumer,South,Groceries,Snacks Combo,4,0.15,1254.6,25.09,Standard,5,2024-09,0.02
ORD-12784,2025-07-18,2025-07-19,Neha Iyer,Small Business,North,Furniture,Office Chair,1,0.1,7480.8,1047.31,Express,1,2025-07,0.14
ORD-12785,2025-11-21,2025-11-26,Meera Verma,Small Business,West,Beauty,Skincare Kit,3,0.15,5964.45,954.31,Express,5,2025-11,0.16
ORD-12786,2025-09-06,2025-09-07,Rohan Das,Small Business,West,Electronics,Smartphone,4,0.15,52604.8,3156.29,Standard,1,2025-09,0.06
ORD-12787,2024-02-17,2024-02-19,Rahul Khan,Small Business,West,Electronics,Smartwatch,2,0.05,39983.6,3998.36,Express,2,2024-02,0.1
ORD-12788,2024-12-29,2024-12-31,Om Patel,Consumer,West,Furniture,Sofa,4,0.1,41198.4,5767.78,Standard,2,2024-12,0.14
ORD-12789,2024-11-25,2024-11-27,Meera Iyer,Small Business,Central,Clothing,Jeans,2,0.15,3393.2,644.71,Standard,2,2024-11,0.19
ORD-12790,2025-09-25,2025-09-27,Rohan Reddy,Consumer,South,Clothing,Sneakers,5,0.1,6336.0,1330.56,Express,2,2025-09,0.21
ORD-12791,2024-11-13,2024-11-14,Kavya Mehta,Small Business,East,Beauty,Perfume,1,0.2,2091.2,292.77,Express,1,2024-11,0.14
ORD-12792,2025-02-07,2025-02-09,Kavya Khan,Small Business,Central,Clothing,Formal Shirt,2,0.05,1170.4,269.19,Standard,2,2025-02,0.23
ORD-12793,2024-09-21,2024-09-25,Aditya Mehta,Consumer,North,Groceries,Beverages,4,0.1,1774.8,70.99,Same Day,4,2024-09,0.04
ORD-12794,2025-01-24,2025-01-30,Sneha Khan,Corporate,East,Furniture,Sofa,2,0.05,33327.9,5332.46,Standard,6,2025-01,0.16
ORD-12795,2024-06-27,2024-06-28,Meera Iyer,Small Business,South,Furniture,Office Chair,3,0.0,72828.0,13109.04,Express,1,2024-06,0.18
ORD-12796,2024-06-27,2024-07-02,Rahul Das,Consumer,North,Furniture,Sofa,3,0.2,29798.4,2979.84,Standard,5,2024-06,0.1
ORD-12797,2024-05-01,2024-05-03,Aditya Patel,Consumer,West,Beauty,Trimmer,1,0.0,1856.0,408.32,Standard,2,2024-05,0.22
ORD-12798,2025-04-13,2025-04-14,Sneha Sharma,Corporate,West,Electronics,Tablet,3,0.0,51585.0,6190.2,Express,1,2025-04,0.12
ORD-12799,2025-10-18,2025-10-25,Rohan Rao,Small Business,West,Beauty,Trimmer,1,0.0,1739.0,382.58,Same Day,7,2025-10,0.22
ORD-12800,2024-01-25,2024-01-30,Aarav Chatterjee,Consumer,South,Groceries,Cooking Oil,2,0.0,2238.0,179.04,Same Day,5,2024-01,0.08
ORD-12801,2024-06-07,2024-06-08,Diya Joshi,Consumer,South,Clothing,Sneakers,5,0.0,16500.0,4125.0,Standard,1,2024-06,0.25
ORD-12802,2024-06-24,2024-06-27,Ishaan Das,Small Business,North,Beauty,Skincare Kit,4,0.05,5076.8,1015.36,Express,3,2024-06,0.2
ORD-12803,2025-05-17,2025-05-21,Arjun Kapoor,Corporate,West,Beauty,Perfume,1,0.15,431.8,69.09,Express,4,2025-05,0.16
ORD-12804,2024-12-10,2024-12-13,Aarav Khan,Small Business,Central,Clothing,Jeans,2,0.0,3826.0,956.5,Standard,3,2024-12,0.25
ORD-12805,2024-12-06,2024-12-07,Zara Nair,Consumer,West,Clothing,Jacket,2,0.0,4830.0,1207.5,Express,1,2024-12,0.25
ORD-12806,2025-02-11,2025-02-12,Diya Das,Corporate,North,Beauty,Trimmer,4,0.0,1856.0,408.32,Express,1,2025-02,0.22
ORD-12807,2024-01-11,2024-01-14,Zara Gupta,Consumer,South,Groceries,Dairy Pack,4,0.0,4176.0,334.08,Same Day,3,2024-01,0.08
ORD-12808,2025-08-26,2025-08-30,Ishaan Joshi,Consumer,West,Groceries,Cooking Oil,3,0.2,1677.6,0.0,Same Day,4,2025-08,0.0
ORD-12809,2024-11-22,2024-11-24,Sneha Singh,Consumer,South,Furniture,Bed Frame,2,0.1,38498.4,5389.78,Standard,2,2024-11,0.14
ORD-12810,2024-05-29,2024-05-31,Rohan Singh,Consumer,West,Groceries,Cooking Oil,4,0.0,4084.0,326.72,Same Day,2,2024-05,0.08
ORD-12811,2024-04-19,2024-04-20,Rahul Malhotra,Corporate,North,Electronics,Laptop,1,0.0,46497.0,5579.64,Standard,1,2024-04,0.12
ORD-12812,2025-05-27,2025-05-30,Saanvi Das,Corporate,Central,Furniture,Office Chair,5,0.25,74242.5,5939.4,Express,3,2025-05,0.08
ORD-12813,2024-04-16,2024-04-21,Om Verma,Small Business,Central,Groceries,Snacks Combo,1,0.0,698.0,55.84,Standard,5,2024-04,0.08
ORD-12814,2024-02-01,2024-02-05,Kabir Chatterjee,Consumer,Central,Groceries,Beverages,2,0.1,232.2,9.29,Standard,4,2024-02,0.04
ORD-12815,2024-07-25,2024-07-31,Rahul Patel,Consumer,East,Clothing,Sneakers,2,0.15,5831.0,1107.89,Standard,6,2024-07,0.19
ORD-12816,2024-08-29,2024-09-05,Kavya Rao,Consumer,North,Clothing,Sneakers,3,0.0,9012.0,2253.0,Standard,7,2024-08,0.25
ORD-12817,2024-01-24,2024-01-26,Kabir Mehta,Corporate,North,Clothing,Sneakers,2,0.0,1882.0,470.5,Standard,2,2024-01,0.25
ORD-12818,2025-06-15,2025-06-22,Sneha Khan,Corporate,North,Groceries,Beverages,5,0.0,6135.0,490.8,Standard,7,2025-06,0.08
ORD-12819,2025-01-10,2025-01-12,Kabir Mehta,Consumer,West,Groceries,Beverages,2,0.05,1109.6,66.58,Standard,2,2025-01,0.06
ORD-12820,2024-09-01,2024-09-08,Ananya Patel,Consumer,West,Groceries,Beverages,4,0.0,5748.0,459.84,Standard,7,2024-09,0.08
ORD-12821,2025-06-19,2025-06-23,Sneha Kapoor,Consumer,East,Clothing,Formal Shirt,2,0.05,1430.7,329.06,Standard,4,2025-06,0.23
ORD-12822,2025-03-22,2025-03-24,Kavya Singh,Consumer,East,Furniture,Sofa,4,0.1,30499.2,4269.89,Express,2,2025-03,0.14
ORD-12823,2025-05-24,2025-05-31,Vivaan Chatterjee,Small Business,Central,Beauty,Perfume,4,0.1,8272.8,1489.1,Standard,7,2025-05,0.18
ORD-12824,2025-05-18,2025-05-25,Aditya Sharma,Small Business,Central,Groceries,Dairy Pack,1,0.15,507.45,10.15,Same Day,7,2025-05,0.02
ORD-12825,2024-05-06,2024-05-10,Sneha Nair,Consumer,East,Groceries,Cooking Oil,5,0.0,1440.0,115.2,Same Day,4,2024-05,0.08
ORD-12826,2025-02-14,2025-02-18,Rohan Malhotra,Consumer,West,Electronics,Smartwatch,2,0.0,29398.0,3527.76,Standard,4,2025-02,0.12
ORD-12827,2025-09-14,2025-09-20,Neha Khan,Small Business,West,Beauty,Hair Dryer,4,0.0,1928.0,424.16,Standard,6,2025-09,0.22
ORD-12828,2024-12-11,2024-12-18,Aarav Reddy,Corporate,West,Clothing,Sneakers,2,0.1,7036.2,1477.6,Standard,7,2024-12,0.21
ORD-12829,2024-02-13,2024-02-16,Diya Mehta,Consumer,Central,Furniture,Bookshelf,1,0.2,10196.8,1019.68,Express,3,2024-02,0.1
ORD-12830,2025-11-25,2025-11-28,Sneha Chatterjee,Corporate,Central,Electronics,Tablet,2,0.05,47412.6,4741.26,Same Day,3,2025-11,0.1
ORD-12831,2025-06-09,2025-06-15,Neha Mehta,Consumer,East,Furniture,Sofa,5,0.25,74880.0,5990.4,Standard,6,2025-06,0.08
ORD-12832,2024-07-15,2024-07-22,Saanvi Verma,Consumer,Central,Groceries,Beverages,1,0.1,355.5,14.22,Standard,7,2024-07,0.04
ORD-12833,2024-04-18,2024-04-20,Om Gupta,Small Business,Central,Clothing,Formal Shirt,4,0.2,8307.2,1412.22,Express,2,2024-04,0.17
ORD-12834,2025-01-23,2025-01-27,Om Das,Consumer,West,Furniture,Bookshelf,5,0.0,20355.0,3663.9,Standard,4,2025-01,0.18
ORD-12835,2024-06-16,2024-06-23,Kabir Sharma,Consumer,West,Electronics,Smartwatch,3,0.15,152974.5,9178.47,Standard,7,2024-06,0.06
ORD-12836,2025-02-25,2025-03-04,Zara Gupta,Small Business,North,Beauty,Hair Dryer,4,0.0,7424.0,1633.28,Standard,7,2025-02,0.22
ORD-12837,2024-02-04,2024-02-11,Diya Mehta,Small Business,South,Beauty,Hair Dryer,4,0.1,1310.4,235.87,Standard,7,2024-02,0.18
ORD-12838,2024-11-17,2024-11-18,Ananya Chatterjee,Corporate,Central,Furniture,Study Table,5,0.2,8356.0,835.6,Express,1,2024-11,0.1
ORD-12839,2025-08-06,2025-08-11,Sneha Malhotra,Consumer,East,Groceries,Beverages,1,0.0,181.0,14.48,Express,5,2025-08,0.08
ORD-12840,2024-11-19,2024-11-23,Aarav Das,Consumer,East,Electronics,Smartphone,4,0.05,75061.4,7506.14,Express,4,2024-11,0.1
ORD-12841,2024-09-13,2024-09-16,Vivaan Joshi,Consumer,South,Clothing,Sneakers,2,0.0,2776.0,694.0,Same Day,3,2024-09,0.25
ORD-12842,2024-08-04,2024-08-05,Kabir Joshi,Consumer,East,Clothing,Formal Shirt,2,0.15,1256.3,238.7,Standard,1,2024-08,0.19
ORD-12843,2024-04-16,2024-04-21,Rahul Singh,Corporate,South,Furniture,Study Table,4,0.05,63137.0,10101.92,Standard,5,2024-04,0.16
ORD-12844,2024-11-10,2024-11-12,Aditya Patel,Consumer,South,Furniture,Study Table,2,0.0,11252.0,2025.36,Same Day,2,2024-11,0.18
ORD-12845,2024-03-16,2024-03-23,Saanvi Kapoor,Corporate,East,Beauty,Hair Dryer,4,0.0,1000.0,220.0,Same Day,7,2024-03,0.22
ORD-12846,2024-04-27,2024-05-04,Tanvi Kapoor,Consumer,Central,Groceries,Snacks Combo,3,0.0,1398.0,111.84,Standard,7,2024-04,0.08
ORD-12847,2024-09-07,2024-09-11,Om Joshi,Small Business,South,Clothing,Formal Shirt,3,0.2,6369.6,1082.83,Express,4,2024-09,0.17
ORD-12848,2024-06-27,2024-06-29,Rahul Khan,Consumer,South,Beauty,Hair Dryer,1,0.1,2115.0,380.7,Same Day,2,2024-06,0.18
ORD-12849,2025-12-08,2025-12-13,Sneha Joshi,Small Business,West,Beauty,Makeup Kit,3,0.1,1590.3,286.25,Standard,5,2025-12,0.18
ORD-12850,2024-09-17,2024-09-19,Aditya Nair,Consumer,North,Beauty,Skincare Kit,2,0.1,369.0,66.42,Express,2,2024-09,0.18
ORD-12851,2025-08-27,2025-09-03,Neha Kapoor,Consumer,West,Groceries,Snacks Combo,1,0.25,384.75,-7.7,Standard,7,2025-08,-0.02
ORD-12852,2024-02-04,2024-02-09,Kabir Gupta,Consumer,West,Clothing,Formal Shirt,1,0.0,2640.0,660.0,Standard,5,2024-02,0.25
ORD-12853,2024-09-18,2024-09-20,Om Nair,Consumer,East,Beauty,Skincare Kit,4,0.0,4800.0,1056.0,Express,2,2024-09,0.22
ORD-12854,2025-09-10,2025-09-17,Neha Kapoor,Consumer,East,Furniture,Office Chair,2,0.2,16088.0,1608.8,Standard,7,2025-09,0.1
ORD-12855,2024-05-28,2024-05-29,Ananya Joshi,Consumer,East,Groceries,Snacks Combo,1,0.05,138.7,8.32,Express,1,2024-05,0.06
ORD-12856,2025-09-07,2025-09-09,Priya Rao,Corporate,Central,Beauty,Hair Dryer,4,0.25,2844.0,341.28,Standard,2,2025-09,0.12
ORD-12857,2025-07-23,2025-07-26,Om Rao,Consumer,West,Clothing,Formal Shirt,4,0.15,13239.6,2515.52,Standard,3,2025-07,0.19
ORD-12858,2025-06-26,2025-07-01,Kabir Khan,Corporate,West,Electronics,Laptop,3,0.0,61017.0,7322.04,Standard,5,2025-06,0.12
ORD-12859,2024-03-03,2024-03-06,Rohan Chatterjee,Small Business,North,Furniture,Study Table,4,0.0,84756.0,15256.08,Standard,3,2024-03,0.18
ORD-12860,2024-09-15,2024-09-22,Saanvi Das,Consumer,West,Groceries,Beverages,1,0.05,1137.15,68.23,Standard,7,2024-09,0.06
ORD-12861,2025-03-31,2025-04-04,Om Patel,Corporate,North,Beauty,Hair Dryer,5,0.05,7338.75,1467.75,Standard,4,2025-03,0.2
ORD-12862,2025-10-14,2025-10-19,Sneha Joshi,Consumer,North,Furniture,Sofa,3,0.05,31711.95,5073.91,Standard,5,2025-10,0.16
ORD-12863,2025-10-23,2025-10-26,Aditya Iyer,Small Business,North,Clothing,T-Shirt,5,0.05,11195.75,2575.02,Standard,3,2025-10,0.23
ORD-12864,2024-08-03,2024-08-08,Saanvi Khan,Consumer,East,Furniture,Study Table,4,0.1,32968.8,4615.63,Standard,5,2024-08,0.14
ORD-12865,2025-05-06,2025-05-11,Ananya Khan,Consumer,South,Furniture,Sofa,4,0.2,67737.6,6773.76,Express,5,2025-05,0.1
ORD-12866,2024-06-05,2024-06-12,Saanvi Verma,Small Business,South,Groceries,Dairy Pack,2,0.0,758.0,60.64,Express,7,2024-06,0.08
ORD-12867,2024-03-01,2024-03-08,Tanvi Mehta,Consumer,East,Groceries,Snacks Combo,5,0.0,5270.0,421.6,Same Day,7,2024-03,0.08
ORD-12868,2025-06-09,2025-06-16,Priya Chatterjee,Consumer,West,Clothing,Jeans,3,0.05,5628.75,1294.61,Standard,7,2025-06,0.23
ORD-12869,2025-04-13,2025-04-15,Meera Khan,Corporate,South,Clothing,Jacket,2,0.0,6714.0,1678.5,Standard,2,2025-04,0.25
ORD-12870,2024-12-24,2024-12-29,Aarav Singh,Corporate,North,Furniture,Office Chair,2,0.0,29816.0,5366.88,Standard,5,2024-12,0.18
ORD-12871,2025-06-25,2025-07-02,Ananya Patel,Corporate,West,Clothing,Jeans,3,0.25,8262.0,1239.3,Express,7,2025-06,0.15
ORD-12872,2025-04-07,2025-04-08,Kabir Verma,Corporate,West,Furniture,Study Table,5,0.1,21919.5,3068.73,Standard,1,2025-04,0.14
ORD-12873,2025-12-07,2025-12-12,Rahul Verma,Consumer,Central,Electronics,Smartwatch,3,0.0,14394.0,1727.28,Standard,5,2025-12,0.12
ORD-12874,2025-07-01,2025-07-07,Kabir Gupta,Corporate,South,Groceries,Dairy Pack,2,0.1,1105.2,44.21,Express,6,2025-07,0.04
ORD-12875,2025-04-07,2025-04-13,Om Gupta,Corporate,South,Groceries,Rice Pack,3,0.1,3780.0,151.2,Standard,6,2025-04,0.04
ORD-12876,2024-10-23,2024-10-27,Tanvi Iyer,Consumer,Central,Electronics,Headphones,4,0.0,53200.0,6384.0,Express,4,2024-10,0.12
ORD-12877,2025-07-01,2025-07-07,Neha Singh,Consumer,South,Clothing,T-Shirt,5,0.0,13505.0,3376.25,Standard,6,2025-07,0.25
ORD-12878,2024-07-11,2024-07-18,Arjun Reddy,Consumer,West,Clothing,Formal Shirt,1,0.15,619.65,117.73,Express,7,2024-07,0.19
ORD-12879,2024-01-09,2024-01-10,Meera Nair,Consumer,North,Clothing,T-Shirt,1,0.0,1572.0,393.0,Standard,1,2024-01,0.25
ORD-12880,2025-03-11,2025-03-15,Saanvi Sharma,Consumer,West,Furniture,Sofa,1,0.1,9115.2,1276.13,Express,4,2025-03,0.14
ORD-12881,2024-08-13,2024-08-15,Vihaan Malhotra,Consumer,Central,Clothing,Formal Shirt,2,0.25,702.0,105.3,Same Day,2,2024-08,0.15
ORD-12882,2025-01-11,2025-01-12,Ishaan Singh,Corporate,East,Groceries,Dairy Pack,5,0.0,6010.0,480.8,Express,1,2025-01,0.08
ORD-12883,2025-03-10,2025-03-13,Aarav Singh,Corporate,West,Beauty,Perfume,4,0.0,5824.0,1281.28,Standard,3,2025-03,0.22
ORD-12884,2024-05-17,2024-05-20,Rohan Rao,Consumer,North,Groceries,Rice Pack,2,0.05,554.8,33.29,Standard,3,2024-05,0.06
ORD-12885,2025-01-14,2025-01-16,Aarav Gupta,Consumer,West,Electronics,Smartwatch,2,0.25,66256.5,1325.13,Standard,2,2025-01,0.02
ORD-12886,2025-10-23,2025-10-27,Sneha Chatterjee,Small Business,Central,Electronics,Smartwatch,1,0.2,36026.4,1441.06,Standard,4,2025-10,0.04
ORD-12887,2024-10-12,2024-10-16,Rohan Patel,Consumer,North,Electronics,Laptop,2,0.25,35482.5,709.65,Standard,4,2024-10,0.02
ORD-12888,2024-10-02,2024-10-07,Kavya Kapoor,Corporate,West,Electronics,Smartwatch,5,0.0,183045.0,21965.4,Express,5,2024-10,0.12
ORD-12889,2025-02-09,2025-02-16,Ananya Chatterjee,Corporate,North,Electronics,Smartwatch,4,0.0,165592.0,19871.04,Standard,7,2025-02,0.12
ORD-12890,2024-03-13,2024-03-20,Rahul Verma,Consumer,West,Beauty,Perfume,2,0.0,1994.0,438.68,Standard,7,2024-03,0.22
ORD-12891,2025-04-02,2025-04-08,Meera Mehta,Corporate,Central,Clothing,Jeans,2,0.05,1052.6,242.1,Standard,6,2025-04,0.23
ORD-12892,2025-06-23,2025-06-30,Vihaan Verma,Consumer,West,Groceries,Snacks Combo,4,0.1,2293.2,91.73,Standard,7,2025-06,0.04
ORD-12893,2024-11-27,2024-12-03,Aarav Khan,Consumer,East,Furniture,Study Table,3,0.15,33463.65,4015.64,Standard,6,2024-11,0.12
ORD-12894,2024-02-21,2024-02-27,Neha Reddy,Consumer,West,Clothing,T-Shirt,2,0.0,7388.0,1847.0,Same Day,6,2024-02,0.25
ORD-12895,2025-11-11,2025-11-14,Meera Chatterjee,Consumer,West,Groceries,Rice Pack,5,0.05,1444.0,86.64,Standard,3,2025-11,0.06
ORD-12896,2025-01-28,2025-02-03,Vihaan Rao,Corporate,West,Electronics,Smartphone,1,0.0,29947.0,3593.64,Standard,6,2025-01,0.12
ORD-12897,2025-12-01,2025-12-04,Meera Joshi,Consumer,Central,Beauty,Perfume,5,0.25,10680.0,1281.6,Standard,3,2025-12,0.12
ORD-12898,2025-04-09,2025-04-11,Arjun Nair,Consumer,Central,Groceries,Rice Pack,2,0.0,2664.0,213.12,Standard,2,2025-04,0.08
ORD-12899,2025-09-03,2025-09-08,Ananya Gupta,Consumer,East,Clothing,Formal Shirt,5,0.0,10520.0,2630.0,Standard,5,2025-09,0.25
ORD-12900,2025-03-05,2025-03-12,Aditya Gupta,Consumer,Central,Furniture,Office Chair,5,0.15,38500.75,4620.09,Standard,7,2025-03,0.12
ORD-12901,2025-07-21,2025-07-26,Meera Khan,Consumer,North,Clothing,Jacket,3,0.05,2160.3,496.87,Standard,5,2025-07,0.23
ORD-12902,2025-06-21,2025-06-22,Vihaan Mehta,Consumer,West,Beauty,Hair Dryer,2,0.0,2214.0,487.08,Standard,1,2025-06,0.22
ORD-12903,2024-07-04,2024-07-05,Ishaan Mehta,Corporate,North,Clothing,Jeans,1,0.2,2841.6,483.07,Express,1,2024-07,0.17
ORD-12904,2025-04-29,2025-05-02,Kabir Verma,Consumer,West,Clothing,Jacket,2,0.1,2543.4,534.11,Same Day,3,2025-04,0.21
ORD-12905,2025-08-23,2025-08-24,Vihaan Patel,Consumer,East,Clothing,Jacket,5,0.1,11349.0,2383.29,Standard,1,2025-08,0.21
ORD-12906,2024-05-04,2024-05-05,Zara Sharma,Consumer,North,Groceries,Rice Pack,2,0.1,696.6,27.86,Standard,1,2024-05,0.04
ORD-12907,2024-12-26,2024-12-29,Neha Kapoor,Corporate,South,Clothing,Jacket,2,0.2,5420.8,921.54,Standard,3,2024-12,0.17
ORD-12908,2024-05-29,2024-06-04,Vihaan Mehta,Consumer,Central,Furniture,Study Table,1,0.15,12468.65,1496.24,Express,6,2024-05,0.12
ORD-12909,2024-04-02,2024-04-04,Saanvi Kapoor,Small Business,East,Groceries,Snacks Combo,2,0.25,2236.5,-44.73,Standard,2,2024-04,-0.02
ORD-12910,2025-03-24,2025-03-31,Zara Sharma,Consumer,West,Clothing,Formal Shirt,5,0.2,11028.0,1874.76,Express,7,2025-03,0.17
ORD-12911,2025-12-27,2025-12-30,Aditya Verma,Small Business,East,Furniture,Study Table,3,0.1,29079.0,4071.06,Standard,3,2025-12,0.14
ORD-12912,2024-02-14,2024-02-19,Priya Verma,Consumer,East,Clothing,Jeans,5,0.15,9222.5,1752.28,Standard,5,2024-02,0.19
ORD-12913,2024-05-24,2024-05-28,Vihaan Nair,Consumer,East,Beauty,Skincare Kit,2,0.1,4010.4,721.87,Standard,4,2024-05,0.18
ORD-12914,2025-04-05,2025-04-06,Meera Malhotra,Consumer,West,Clothing,T-Shirt,2,0.1,1515.6,318.28,Standard,1,2025-04,0.21
ORD-12915,2025-10-09,2025-10-13,Meera Malhotra,Consumer,South,Clothing,Formal Shirt,2,0.0,1876.0,469.0,Standard,4,2025-10,0.25
ORD-12916,2025-02-24,2025-02-26,Vivaan Malhotra,Consumer,South,Furniture,Office Chair,4,0.2,24419.2,2441.92,Standard,2,2025-02,0.1
ORD-12917,2025-06-12,2025-06-13,Vihaan Das,Corporate,West,Groceries,Rice Pack,2,0.05,364.8,21.89,Standard,1,2025-06,0.06
ORD-12918,2025-12-28,2026-01-04,Om Das,Consumer,West,Clothing,Jacket,1,0.0,3161.0,790.25,Standard,7,2025-12,0.25
ORD-12919,2024-08-16,2024-08-21,Aditya Singh,Small Business,East,Clothing,T-Shirt,3,0.0,6456.0,1614.0,Express,5,2024-08,0.25
ORD-12920,2024-07-08,2024-07-13,Rahul Rao,Consumer,North,Beauty,Hair Dryer,5,0.25,5302.5,636.3,Express,5,2024-07,0.12
ORD-12921,2024-05-28,2024-06-03,Aditya Chatterjee,Consumer,Central,Clothing,T-Shirt,5,0.05,4963.75,1141.66,Standard,6,2024-05,0.23
ORD-12922,2024-03-12,2024-03-15,Arjun Reddy,Corporate,East,Clothing,Formal Shirt,5,0.0,10470.0,2617.5,Express,3,2024-03,0.25
ORD-12923,2025-12-20,2025-12-24,Aditya Singh,Consumer,North,Furniture,Bed Frame,2,0.0,48610.0,8749.8,Standard,4,2025-12,0.18
ORD-12924,2025-01-26,2025-01-31,Sneha Malhotra,Consumer,South,Electronics,Smartphone,2,0.05,68485.5,6848.55,Standard,5,2025-01,0.1
ORD-12925,2025-10-25,2025-10-28,Vihaan Mehta,Corporate,North,Groceries,Beverages,5,0.15,3412.75,68.26,Express,3,2025-10,0.02
ORD-12926,2024-06-14,2024-06-19,Zara Malhotra,Consumer,South,Furniture,Study Table,3,0.0,57810.0,10405.8,Standard,5,2024-06,0.18
ORD-12927,2024-08-23,2024-08-26,Priya Chatterjee,Consumer,South,Electronics,Smartwatch,5,0.05,243532.5,24353.25,Express,3,2024-08,0.1
ORD-12928,2025-07-13,2025-07-14,Diya Chatterjee,Corporate,South,Electronics,Headphones,4,0.05,61567.6,6156.76,Express,1,2025-07,0.1
ORD-12929,2024-09-02,2024-09-09,Ananya Patel,Small Business,West,Clothing,Jeans,1,0.05,1163.75,267.66,Express,7,2024-09,0.23
ORD-12930,2025-07-05,2025-07-08,Aditya Khan,Corporate,North,Beauty,Skincare Kit,4,0.0,1200.0,264.0,Standard,3,2025-07,0.22
ORD-12931,2024-12-06,2024-12-13,Neha Joshi,Consumer,South,Beauty,Skincare Kit,3,0.1,6115.5,1100.79,Express,7,2024-12,0.18
ORD-12932,2024-11-24,2024-11-28,Arjun Joshi,Small Business,Central,Furniture,Bookshelf,1,0.05,19307.8,3089.25,Standard,4,2024-11,0.16
ORD-12933,2024-03-13,2024-03-15,Aditya Das,Small Business,Central,Electronics,Laptop,1,0.0,41747.0,5009.64,Express,2,2024-03,0.12
ORD-12934,2025-01-16,2025-01-17,Aarav Singh,Small Business,East,Beauty,Perfume,1,0.1,1121.4,201.85,Express,1,2025-01,0.18
ORD-12935,2024-01-21,2024-01-28,Om Das,Corporate,East,Electronics,Laptop,1,0.05,7431.85,743.18,Same Day,7,2024-01,0.1
ORD-12936,2025-09-12,2025-09-16,Vivaan Singh,Consumer,North,Electronics,Tablet,1,0.0,45911.0,5509.32,Standard,4,2025-09,0.12
ORD-12937,2024-01-05,2024-01-12,Arjun Verma,Consumer,South,Groceries,Rice Pack,4,0.15,4590.0,91.8,Standard,7,2024-01,0.02
ORD-12938,2024-05-08,2024-05-11,Aditya Gupta,Small Business,East,Furniture,Bed Frame,1,0.05,12212.25,1953.96,Standard,3,2024-05,0.16
ORD-12939,2025-01-13,2025-01-19,Om Iyer,Corporate,South,Furniture,Office Chair,2,0.1,26206.2,3668.87,Standard,6,2025-01,0.14
ORD-12940,2025-04-23,2025-04-26,Arjun Sharma,Consumer,South,Clothing,Jacket,2,0.0,7932.0,1983.0,Standard,3,2025-04,0.25
ORD-12941,2025-08-30,2025-09-03,Priya Singh,Consumer,South,Clothing,T-Shirt,3,0.15,3394.05,644.87,Standard,4,2025-08,0.19
ORD-12942,2024-07-19,2024-07-20,Diya Iyer,Corporate,East,Clothing,Jeans,4,0.0,8064.0,2016.0,Standard,1,2024-07,0.25
ORD-12943,2024-02-26,2024-03-01,Sneha Das,Corporate,West,Electronics,Laptop,5,0.2,66388.0,2655.52,Standard,4,2024-02,0.04
ORD-12944,2025-06-03,2025-06-09,Priya Reddy,Consumer,West,Electronics,Smartphone,1,0.05,37251.4,3725.14,Express,6,2025-06,0.1
ORD-12945,2024-01-27,2024-01-31,Diya Nair,Consumer,East,Beauty,Makeup Kit,4,0.15,8520.4,1363.26,Standard,4,2024-01,0.16
ORD-12946,2025-05-31,2025-06-05,Priya Das,Consumer,South,Clothing,Formal Shirt,5,0.0,17445.0,4361.25,Standard,5,2025-05,0.25
ORD-12947,2025-12-18,2025-12-21,Kabir Kapoor,Consumer,West,Groceries,Cooking Oil,1,0.15,132.6,2.65,Express,3,2025-12,0.02
ORD-12948,2024-06-14,2024-06-20,Rahul Das,Consumer,North,Groceries,Cooking Oil,2,0.15,1676.2,33.52,Standard,6,2024-06,0.02
ORD-12949,2025-03-16,2025-03-22,Aditya Gupta,Consumer,South,Clothing,Formal Shirt,3,0.1,3150.9,661.69,Express,6,2025-03,0.21
ORD-12950,2025-11-23,2025-11-25,Rahul Patel,Small Business,West,Clothing,Jeans,2,0.25,3880.5,582.08,Standard,2,2025-11,0.15
ORD-12951,2024-08-02,2024-08-06,Ananya Singh,Consumer,South,Beauty,Trimmer,1,0.1,1500.3,270.05,Standard,4,2024-08,0.18
ORD-12952,2024-12-19,2024-12-22,Kavya Malhotra,Consumer,Central,Clothing,Jacket,3,0.0,2061.0,515.25,Standard,3,2024-12,0.25
ORD-12953,2024-12-01,2024-12-03,Om Joshi,Corporate,South,Electronics,Laptop,4,0.1,27648.0,2211.84,Same Day,2,2024-12,0.08
ORD-12954,2025-01-13,2025-01-14,Priya Mehta,Corporate,West,Beauty,Perfume,4,0.05,2405.4,481.08,Standard,1,2025-01,0.2
ORD-12955,2025-08-14,2025-08-16,Kavya Malhotra,Corporate,Central,Beauty,Skincare Kit,3,0.0,2205.0,485.1,Standard,2,2025-08,0.22
ORD-12956,2024-01-02,2024-01-09,Sneha Reddy,Consumer,Central,Beauty,Makeup Kit,5,0.0,10515.0,2313.3,Express,7,2024-01,0.22
ORD-12957,2025-01-28,2025-02-04,Kavya Mehta,Consumer,East,Furniture,Study Table,3,0.0,61188.0,11013.84,Same Day,7,2025-01,0.18
ORD-12958,2025-07-19,2025-07-25,Kavya Verma,Consumer,North,Electronics,Smartphone,4,0.0,137592.0,16511.04,Express,6,2025-07,0.12
ORD-12959,2024-01-21,2024-01-23,Neha Gupta,Small Business,West,Beauty,Perfume,4,0.0,3420.0,752.4,Standard,2,2024-01,0.22
ORD-12960,2025-07-25,2025-07-28,Zara Malhotra,Consumer,West,Electronics,Laptop,4,0.2,103353.6,4134.14,Standard,3,2025-07,0.04
ORD-12961,2024-07-07,2024-07-12,Neha Patel,Small Business,North,Groceries,Beverages,1,0.05,238.45,14.31,Same Day,5,2024-07,0.06
ORD-12962,2024-01-28,2024-01-31,Ishaan Iyer,Corporate,East,Beauty,Makeup Kit,5,0.2,4060.0,568.4,Same Day,3,2024-01,0.14
ORD-12963,2024-11-16,2024-11-17,Saanvi Patel,Small Business,North,Groceries,Rice Pack,4,0.0,5652.0,452.16,Standard,1,2024-11,0.08
ORD-12964,2024-11-20,2024-11-24,Zara Kapoor,Consumer,South,Beauty,Perfume,4,0.05,10001.6,2000.32,Standard,4,2024-11,0.2
ORD-12965,2025-05-31,2025-06-07,Aarav Singh,Small Business,South,Electronics,Headphones,1,0.15,50026.75,3001.6,Express,7,2025-05,0.06
ORD-12966,2024-01-23,2024-01-28,Neha Iyer,Small Business,Central,Beauty,Makeup Kit,1,0.0,2113.0,464.86,Standard,5,2024-01,0.22
ORD-12967,2024-08-16,2024-08-22,Aditya Mehta,Consumer,Central,Groceries,Rice Pack,5,0.1,5067.0,202.68,Standard,6,2024-08,0.04
ORD-12968,2024-03-01,2024-03-05,Aditya Patel,Corporate,North,Groceries,Snacks Combo,4,0.05,5365.6,321.94,Standard,4,2024-03,0.06
ORD-12969,2025-10-14,2025-10-19,Rahul Iyer,Consumer,South,Furniture,Study Table,3,0.05,40484.25,6477.48,Express,5,2025-10,0.16
ORD-12970,2024-03-12,2024-03-13,Sneha Rao,Corporate,West,Electronics,Smartphone,4,0.1,211507.2,16920.58,Standard,1,2024-03,0.08
ORD-12971,2024-05-14,2024-05-18,Kavya Singh,Consumer,North,Beauty,Trimmer,1,0.0,1048.0,230.56,Express,4,2024-05,0.22
ORD-12972,2025-01-11,2025-01-15,Vivaan Verma,Consumer,North,Groceries,Rice Pack,1,0.05,554.8,33.29,Standard,4,2025-01,0.06
ORD-12973,2025-11-17,2025-11-23,Meera Patel,Corporate,North,Beauty,Perfume,3,0.1,1312.2,236.2,Standard,6,2025-11,0.18
ORD-12974,2024-07-01,2024-07-06,Ananya Iyer,Corporate,East,Beauty,Skincare Kit,3,0.1,3923.1,706.16,Standard,5,2024-07,0.18
ORD-12975,2024-12-17,2024-12-23,Om Joshi,Consumer,West,Electronics,Tablet,5,0.0,269030.0,32283.6,Standard,6,2024-12,0.12
ORD-12976,2025-10-01,2025-10-08,Rohan Kapoor,Corporate,West,Groceries,Dairy Pack,4,0.0,4144.0,331.52,Standard,7,2025-10,0.08
ORD-12977,2024-02-23,2024-03-01,Meera Iyer,Small Business,South,Beauty,Perfume,3,0.0,3999.0,879.78,Standard,7,2024-02,0.22
ORD-12978,2025-10-16,2025-10-18,Saanvi Das,Consumer,North,Beauty,Perfume,5,0.05,10730.25,2146.05,Standard,2,2025-10,0.2
ORD-12979,2024-12-18,2024-12-23,Aditya Gupta,Consumer,East,Furniture,Office Chair,3,0.0,46143.0,8305.74,Express,5,2024-12,0.18
ORD-12980,2024-10-10,2024-10-11,Vihaan Joshi,Small Business,West,Electronics,Smartwatch,3,0.1,51761.7,4140.94,Express,1,2024-10,0.08
ORD-12981,2024-01-01,2024-01-06,Vihaan Gupta,Consumer,North,Furniture,Study Table,3,0.0,33303.0,5994.54,Standard,5,2024-01,0.18
ORD-12982,2024-12-10,2024-12-17,Meera Nair,Consumer,South,Groceries,Rice Pack,2,0.1,1038.6,41.54,Express,7,2024-12,0.04
ORD-12983,2025-02-22,2025-03-01,Vivaan Khan,Corporate,West,Clothing,Formal Shirt,2,0.2,2433.6,413.71,Standard,7,2025-02,0.17
ORD-12984,2025-06-13,2025-06-16,Vihaan Chatterjee,Corporate,South,Beauty,Makeup Kit,4,0.15,8054.6,1288.74,Standard,3,2025-06,0.16
ORD-12985,2025-06-28,2025-07-01,Ananya Nair,Corporate,North,Furniture,Study Table,4,0.05,52010.6,8321.7,Express,3,2025-06,0.16
ORD-12986,2024-02-08,2024-02-15,Neha Joshi,Consumer,South,Electronics,Laptop,2,0.1,67440.6,5395.25,Express,7,2024-02,0.08
ORD-12987,2025-06-17,2025-06-20,Aditya Mehta,Consumer,West,Electronics,Headphones,4,0.1,175672.8,14053.82,Same Day,3,2025-06,0.08
ORD-12988,2024-11-06,2024-11-08,Vihaan Patel,Consumer,East,Electronics,Smartwatch,4,0.2,52182.4,2087.3,Express,2,2024-11,0.04
ORD-12989,2025-09-25,2025-10-02,Sneha Mehta,Consumer,South,Beauty,Skincare Kit,4,0.0,2620.0,576.4,Express,7,2025-09,0.22
ORD-12990,2025-03-21,2025-03-28,Ananya Chatterjee,Corporate,Central,Beauty,Trimmer,4,0.05,3944.4,788.88,Standard,7,2025-03,0.2
ORD-12991,2024-01-05,2024-01-12,Vihaan Patel,Consumer,West,Clothing,Formal Shirt,1,0.05,772.35,177.64,Standard,7,2024-01,0.23
ORD-12992,2025-11-24,2025-12-01,Rahul Sharma,Consumer,North,Beauty,Hair Dryer,3,0.05,6592.05,1318.41,Express,7,2025-11,0.2
ORD-12993,2024-02-21,2024-02-28,Rahul Joshi,Consumer,Central,Beauty,Trimmer,3,0.25,1003.5,120.42,Same Day,7,2024-02,0.12
ORD-12994,2025-10-03,2025-10-07,Vivaan Chatterjee,Consumer,West,Beauty,Skincare Kit,4,0.25,3429.0,411.48,Express,4,2025-10,0.12
ORD-12995,2024-08-30,2024-09-03,Rohan Iyer,Corporate,North,Groceries,Snacks Combo,5,0.1,3735.0,149.4,Same Day,4,2024-08,0.04
ORD-12996,2025-04-15,2025-04-19,Rohan Khan,Corporate,North,Clothing,Sneakers,5,0.05,6968.25,1602.7,Standard,4,2025-04,0.23
ORD-12997,2025-03-13,2025-03-19,Sneha Chatterjee,Small Business,West,Clothing,Jacket,3,0.0,7737.0,1934.25,Express,6,2025-03,0.25
ORD-12998,2025-03-20,2025-03-22,Aditya Singh,Small Business,North,Electronics,Tablet,1,0.15,39437.45,2366.25,Standard,2,2025-03,0.06
ORD-12999,2025-04-09,2025-04-15,Rohan Khan,Consumer,North,Furniture,Bed Frame,2,0.05,24950.8,3992.13,Standard,6,2025-04,0.16
ORD-13000,2024-04-21,2024-04-27,Zara Nair,Consumer,East,Clothing,Sneakers,3,0.1,6426.0,1349.46,Same Day,6,2024-04,0.21
ORD-13001,2025-09-10,2025-09-11,Arjun Malhotra,Corporate,North,Furniture,Office Chair,2,0.1,22710.6,3179.48,Standard,1,2025-09,0.14
ORD-13002,2024-07-31,2024-08-06,Kabir Chatterjee,Corporate,South,Clothing,T-Shirt,3,0.0,5817.0,1454.25,Standard,6,2024-07,0.25
ORD-13003,2025-04-09,2025-04-11,Aditya Reddy,Consumer,North,Clothing,Formal Shirt,3,0.0,9351.0,2337.75,Standard,2,2025-04,0.25
ORD-13004,2025-09-16,2025-09-21,Zara Joshi,Consumer,West,Groceries,Snacks Combo,5,0.05,6892.25,413.54,Standard,5,2025-09,0.06
ORD-13005,2025-04-30,2025-05-04,Sneha Sharma,Consumer,East,Clothing,Formal Shirt,2,0.1,6427.8,1349.84,Standard,4,2025-04,0.21
ORD-13006,2025-06-18,2025-06-24,Vihaan Gupta,Consumer,West,Electronics,Smartwatch,2,0.0,76984.0,9238.08,Standard,6,2025-06,0.12
ORD-13007,2024-09-20,2024-09-23,Kavya Sharma,Small Business,North,Groceries,Beverages,5,0.15,1398.25,27.97,Express,3,2024-09,0.02
ORD-13008,2025-11-02,2025-11-05,Vivaan Khan,Small Business,North,Furniture,Office Chair,4,0.05,70714.2,11314.27,Standard,3,2025-11,0.16
ORD-13009,2024-12-16,2024-12-20,Aarav Verma,Corporate,West,Furniture,Bookshelf,3,0.0,52035.0,9366.3,Express,4,2024-12,0.18
ORD-13010,2024-05-22,2024-05-29,Kabir Sharma,Consumer,North,Beauty,Makeup Kit,4,0.0,3180.0,699.6,Express,7,2024-05,0.22
ORD-13011,2025-10-21,2025-10-23,Arjun Iyer,Consumer,East,Electronics,Smartwatch,2,0.2,81534.4,3261.38,Standard,2,2025-10,0.04
ORD-13012,2025-05-01,2025-05-04,Rohan Mehta,Consumer,West,Clothing,Formal Shirt,4,0.0,13468.0,3367.0,Express,3,2025-05,0.25
ORD-13013,2024-03-02,2024-03-09,Meera Das,Corporate,North,Furniture,Bed Frame,3,0.1,37527.3,5253.82,Express,7,2024-03,0.14
ORD-13014,2025-05-22,2025-05-26,Tanvi Patel,Corporate,North,Clothing,Sneakers,4,0.05,13117.6,3017.05,Same Day,4,2025-05,0.23
ORD-13015,2025-03-23,2025-03-28,Ananya Khan,Consumer,East,Electronics,Smartphone,5,0.0,198305.0,23796.6,Standard,5,2025-03,0.12
ORD-13016,2025-08-20,2025-08-27,Diya Iyer,Consumer,East,Furniture,Bed Frame,2,0.1,30240.0,4233.6,Express,7,2025-08,0.14
ORD-13017,2024-06-27,2024-06-28,Priya Sharma,Small Business,Central,Furniture,Sofa,4,0.0,41480.0,7466.4,Standard,1,2024-06,0.18
ORD-13018,2025-04-16,2025-04-22,Priya Nair,Small Business,East,Furniture,Study Table,1,0.05,15534.4,2485.5,Express,6,2025-04,0.16
ORD-13019,2024-04-19,2024-04-21,Ananya Sharma,Corporate,South,Furniture,Bed Frame,2,0.1,27689.4,3876.52,Express,2,2024-04,0.14
ORD-13020,2024-06-15,2024-06-22,Arjun Iyer,Corporate,North,Groceries,Rice Pack,4,0.15,2485.4,49.71,Express,7,2024-06,0.02
ORD-13021,2025-07-31,2025-08-06,Zara Sharma,Consumer,North,Groceries,Beverages,1,0.15,1149.2,22.98,Standard,6,2025-07,0.02
ORD-13022,2024-11-03,2024-11-07,Diya Mehta,Small Business,South,Electronics,Smartphone,2,0.1,63518.4,5081.47,Express,4,2024-11,0.08
ORD-13023,2025-09-04,2025-09-11,Vihaan Malhotra,Corporate,South,Furniture,Bed Frame,1,0.25,6403.5,512.28,Standard,7,2025-09,0.08
ORD-13024,2025-07-19,2025-07-20,Vihaan Gupta,Consumer,North,Groceries,Snacks Combo,4,0.25,1302.0,-26.04,Express,1,2025-07,-0.02
ORD-13025,2024-02-14,2024-02-16,Vivaan Kapoor,Small Business,West,Clothing,Jacket,3,0.0,8244.0,2061.0,Express,2,2024-02,0.25
ORD-13026,2024-02-12,2024-02-14,Vivaan Singh,Consumer,East,Electronics,Headphones,5,0.25,8306.25,166.12,Standard,2,2024-02,0.02
ORD-13027,2025-05-26,2025-05-28,Aarav Reddy,Consumer,East,Groceries,Snacks Combo,2,0.0,2666.0,213.28,Standard,2,2025-05,0.08
ORD-13028,2024-03-31,2024-04-01,Sneha Malhotra,Corporate,West,Groceries,Cooking Oil,1,0.05,1305.3,78.32,Same Day,1,2024-03,0.06
ORD-13029,2024-02-13,2024-02-19,Kavya Rao,Consumer,East,Clothing,T-Shirt,2,0.0,5810.0,1452.5,Express,6,2024-02,0.25
ORD-13030,2024-07-13,2024-07-15,Vivaan Das,Consumer,South,Groceries,Rice Pack,3,0.1,1217.7,48.71,Standard,2,2024-07,0.04
ORD-13031,2024-11-16,2024-11-18,Neha Das,Consumer,South,Electronics,Laptop,5,0.1,17419.5,1393.56,Standard,2,2024-11,0.08
ORD-13032,2024-01-21,2024-01-23,Ananya Patel,Corporate,North,Electronics,Tablet,2,0.1,54613.8,4369.1,Same Day,2,2024-01,0.08
ORD-13033,2025-09-18,2025-09-24,Rohan Kapoor,Corporate,West,Groceries,Snacks Combo,2,0.0,236.0,18.88,Express,6,2025-09,0.08
ORD-13034,2024-05-14,2024-05-15,Ananya Patel,Corporate,East,Clothing,Sneakers,4,0.2,12320.0,2094.4,Standard,1,2024-05,0.17
ORD-13035,2025-06-18,2025-06-20,Neha Rao,Consumer,North,Beauty,Trimmer,5,0.0,9170.0,2017.4,Standard,2,2025-06,0.22
ORD-13036,2024-01-04,2024-01-09,Aditya Gupta,Consumer,Central,Furniture,Study Table,4,0.0,81164.0,14609.52,Standard,5,2024-01,0.18
ORD-13037,2024-01-20,2024-01-26,Aditya Nair,Consumer,Central,Groceries,Dairy Pack,1,0.2,567.2,0.0,Standard,6,2024-01,0.0
ORD-13038,2024-12-19,2024-12-23,Rahul Patel,Consumer,East,Beauty,Skincare Kit,3,0.1,7065.9,1271.86,Standard,4,2024-12,0.18
ORD-13039,2024-11-18,2024-11-23,Neha Gupta,Corporate,South,Furniture,Bookshelf,5,0.15,61034.25,7324.11,Same Day,5,2024-11,0.12
ORD-13040,2025-08-03,2025-08-07,Kavya Das,Consumer,West,Furniture,Bed Frame,4,0.2,42803.2,4280.32,Standard,4,2025-08,0.1
ORD-13041,2024-10-06,2024-10-13,Kabir Chatterjee,Corporate,South,Clothing,Sneakers,4,0.15,12032.6,2286.19,Standard,7,2024-10,0.19
ORD-13042,2025-05-02,2025-05-04,Zara Mehta,Consumer,North,Furniture,Sofa,5,0.15,83227.75,9987.33,Express,2,2025-05,0.12
ORD-13043,2024-11-10,2024-11-11,Vivaan Sharma,Consumer,Central,Electronics,Headphones,3,0.15,10503.45,630.21,Standard,1,2024-11,0.06
ORD-13044,2025-10-22,2025-10-27,Om Patel,Small Business,West,Electronics,Tablet,2,0.1,92728.8,7418.3,Standard,5,2025-10,0.08
ORD-13045,2024-07-19,2024-07-21,Neha Chatterjee,Small Business,Central,Groceries,Beverages,2,0.0,2222.0,177.76,Standard,2,2024-07,0.08
ORD-13046,2025-12-06,2025-12-13,Diya Khan,Small Business,North,Beauty,Trimmer,4,0.1,4734.0,852.12,Standard,7,2025-12,0.18
ORD-13047,2024-07-08,2024-07-11,Ishaan Iyer,Consumer,North,Beauty,Trimmer,3,0.2,1092.0,152.88,Express,3,2024-07,0.14
ORD-13048,2025-06-22,2025-06-29,Vivaan Malhotra,Corporate,Central,Furniture,Study Table,2,0.1,23873.4,3342.28,Standard,7,2025-06,0.14
ORD-13049,2025-11-20,2025-11-25,Zara Chatterjee,Small Business,West,Groceries,Snacks Combo,5,0.0,5035.0,402.8,Standard,5,2025-11,0.08
ORD-13050,2025-05-22,2025-05-26,Zara Sharma,Consumer,Central,Electronics,Headphones,2,0.05,51098.6,5109.86,Standard,4,2025-05,0.1
ORD-13051,2025-12-17,2025-12-23,Vihaan Rao,Consumer,North,Electronics,Tablet,4,0.1,23234.4,1858.75,Standard,6,2025-12,0.08
ORD-13052,2024-02-04,2024-02-08,Diya Khan,Small Business,West,Electronics,Laptop,4,0.0,125248.0,15029.76,Standard,4,2024-02,0.12
ORD-13053,2025-02-01,2025-02-08,Om Patel,Consumer,West,Groceries,Dairy Pack,3,0.1,780.3,31.21,Standard,7,2025-02,0.04
ORD-13054,2024-09-14,2024-09-15,Zara Iyer,Consumer,East,Groceries,Cooking Oil,2,0.15,2306.9,46.14,Express,1,2024-09,0.02
ORD-13055,2025-02-11,2025-02-12,Priya Reddy,Consumer,West,Electronics,Smartphone,3,0.15,8435.4,506.12,Standard,1,2025-02,0.06
ORD-13056,2025-06-11,2025-06-17,Ishaan Malhotra,Corporate,Central,Clothing,Sneakers,5,0.15,16001.25,3040.24,Standard,6,2025-06,0.19
ORD-13057,2025-04-09,2025-04-15,Tanvi Reddy,Consumer,Central,Clothing,Jacket,5,0.2,4396.0,747.32,Standard,6,2025-04,0.17
ORD-13058,2025-03-25,2025-03-30,Arjun Sharma,Consumer,East,Furniture,Office Chair,3,0.0,42876.0,7717.68,Standard,5,2025-03,0.18
ORD-13059,2025-11-16,2025-11-21,Neha Reddy,Small Business,North,Groceries,Snacks Combo,5,0.15,2945.25,58.9,Standard,5,2025-11,0.02
ORD-13060,2024-02-28,2024-03-01,Kabir Malhotra,Consumer,North,Groceries,Dairy Pack,4,0.1,5230.8,209.23,Express,2,2024-02,0.04
ORD-13061,2024-02-07,2024-02-11,Ananya Chatterjee,Consumer,West,Electronics,Tablet,2,0.0,23570.0,2828.4,Standard,4,2024-02,0.12
ORD-13062,2025-10-08,2025-10-09,Ananya Rao,Consumer,Central,Clothing,Formal Shirt,2,0.15,1479.0,281.01,Standard,1,2025-10,0.19
ORD-13063,2024-02-24,2024-02-28,Kabir Gupta,Consumer,East,Clothing,Sneakers,3,0.0,5634.0,1408.5,Standard,4,2024-02,0.25
ORD-13064,2025-03-16,2025-03-17,Saanvi Malhotra,Consumer,East,Beauty,Perfume,4,0.15,4182.0,669.12,Express,1,2025-03,0.16
ORD-13065,2025-04-12,2025-04-14,Ananya Rao,Consumer,Central,Groceries,Dairy Pack,5,0.1,6327.0,253.08,Express,2,2025-04,0.04
ORD-13066,2025-08-18,2025-08-25,Om Mehta,Small Business,West,Furniture,Bed Frame,3,0.2,44925.6,4492.56,Standard,7,2025-08,0.1
ORD-13067,2025-11-17,2025-11-19,Arjun Joshi,Consumer,East,Groceries,Rice Pack,3,0.1,3985.2,159.41,Express,2,2025-11,0.04
ORD-13068,2024-05-03,2024-05-09,Ananya Reddy,Consumer,Central,Clothing,Jacket,2,0.0,6200.0,1550.0,Standard,6,2024-05,0.25
ORD-13069,2024-08-06,2024-08-09,Saanvi Nair,Small Business,West,Beauty,Skincare Kit,5,0.1,3136.5,564.57,Same Day,3,2024-08,0.18
ORD-13070,2024-10-21,2024-10-26,Arjun Patel,Corporate,Central,Beauty,Skincare Kit,4,0.05,9154.2,1830.84,Standard,5,2024-10,0.2
ORD-13071,2025-12-10,2025-12-12,Ananya Reddy,Consumer,North,Groceries,Cooking Oil,2,0.0,2072.0,165.76,Standard,2,2025-12,0.08
ORD-13072,2024-08-18,2024-08-24,Aarav Sharma,Corporate,West,Electronics,Headphones,1,0.2,13629.6,545.18,Standard,6,2024-08,0.04
ORD-13073,2025-03-26,2025-03-31,Neha Khan,Consumer,North,Groceries,Dairy Pack,5,0.0,4089.75,245.38,Express,5,2025-03,0.06
ORD-13074,2025-07-24,2025-07-26,Sneha Joshi,Small Business,Central,Groceries,Rice Pack,2,0.1,2449.8,97.99,Express,2,2025-07,0.04
ORD-13075,2025-09-25,2025-09-30,Rohan Iyer,Small Business,South,Groceries,Beverages,2,0.05,2519.4,151.16,Standard,5,2025-09,0.06
ORD-13076,2024-08-18,2024-08-22,Rahul Verma,Consumer,Central,Furniture,Sofa,5,0.0,84575.0,15223.5,Standard,4,2024-08,0.18
ORD-13077,2025-12-30,2026-01-01,Om Singh,Consumer,West,Beauty,Makeup Kit,2,0.0,1569.6,282.53,Standard,2,2025-12,0.18
ORD-13078,2024-10-06,2024-10-08,Zara Joshi,Corporate,South,Clothing,Sneakers,2,0.1,6802.2,1428.46,Express,2,2024-10,0.21
ORD-13079,2024-07-22,2024-07-26,Saanvi Gupta,Consumer,East,Furniture,Study Table,5,0.0,27475.0,4945.5,Standard,4,2024-07,0.18
ORD-13080,2025-12-26,2026-01-02,Ananya Gupta,Corporate,East,Groceries,Cooking Oil,2,0.05,1039.3,62.36,Standard,7,2025-12,0.06
ORD-13081,2024-08-01,2024-08-04,Aarav Malhotra,Consumer,Central,Groceries,Snacks Combo,3,0.0,4482.0,358.56,Express,3,2024-08,0.08
ORD-13082,2024-10-24,2024-10-28,Ishaan Verma,Corporate,West,Electronics,Headphones,2,0.0,51436.0,6172.32,Standard,4,2024-10,0.12
ORD-13083,2025-02-07,2025-02-11,Meera Nair,Consumer,South,Beauty,Makeup Kit,3,0.1,2899.8,521.96,Standard,4,2025-02,0.18
ORD-13084,2024-04-21,2024-04-27,Vivaan Singh,Consumer,Central,Beauty,Hair Dryer,3,0.0,8451.0,1859.22,Same Day,6,2024-04,0.22
ORD-13085,2025-01-26,2025-02-02,Vivaan Malhotra,Small Business,North,Beauty,Perfume,3,0.0,2385.0,524.7,Standard,7,2025-01,0.22
ORD-13086,2024-07-03,2024-07-05,Rahul Patel,Consumer,West,Furniture,Office Chair,1,0.1,17978.4,2516.98,Same Day,2,2024-07,0.14
ORD-13087,2025-10-22,2025-10-25,Rohan Joshi,Corporate,Central,Electronics,Laptop,5,0.0,59360.0,7123.2,Standard,3,2025-10,0.12
ORD-13088,2024-07-01,2024-07-08,Kabir Sharma,Corporate,South,Furniture,Office Chair,4,0.0,41844.0,7531.92,Standard,7,2024-07,0.18
ORD-13089,2025-05-04,2025-05-11,Rohan Gupta,Consumer,North,Furniture,Bookshelf,5,0.1,109737.0,15363.18,Express,7,2025-05,0.14
ORD-13090,2025-06-03,2025-06-09,Zara Singh,Consumer,East,Electronics,Tablet,4,0.0,101508.0,12180.96,Same Day,6,2025-06,0.12
ORD-13091,2024-09-26,2024-09-29,Kavya Rao,Consumer,North,Groceries,Dairy Pack,4,0.1,5187.6,207.5,Standard,3,2024-09,0.04
ORD-13092,2024-11-04,2024-11-11,Meera Patel,Consumer,North,Clothing,T-Shirt,3,0.0,3255.0,813.75,Standard,7,2024-11,0.25
ORD-13093,2025-03-21,2025-03-22,Aditya Chatterjee,Corporate,North,Furniture,Sofa,2,0.0,10502.0,1890.36,Standard,1,2025-03,0.18
ORD-13094,2024-06-05,2024-06-09,Arjun Mehta,Consumer,West,Beauty,Trimmer,2,0.0,614.0,135.08,Express,4,2024-06,0.22
ORD-13095,2025-05-23,2025-05-25,Ananya Chatterjee,Consumer,West,Furniture,Bed Frame,5,0.1,65007.0,9100.98,Standard,2,2025-05,0.14
ORD-13096,2025-07-01,2025-07-04,Saanvi Nair,Consumer,West,Groceries,Dairy Pack,2,0.2,1288.0,-0.0,Standard,3,2025-07,-0.0
ORD-13097,2024-03-20,2024-03-27,Tanvi Joshi,Consumer,East,Furniture,Sofa,3,0.15,27639.45,3316.73,Standard,7,2024-03,0.12
ORD-13098,2024-10-26,2024-10-27,Meera Verma,Small Business,West,Furniture,Bed Frame,2,0.1,29196.0,4087.44,Same Day,1,2024-10,0.14
ORD-13099,2025-11-20,2025-11-25,Aditya Kapoor,Small Business,East,Electronics,Smartwatch,3,0.0,109116.0,13093.92,Standard,5,2025-11,0.12
ORD-13100,2025-04-15,2025-04-16,Aditya Iyer,Small Business,North,Electronics,Smartphone,4,0.15,154380.4,9262.82,Express,1,2025-04,0.06
ORD-13101,2024-03-12,2024-03-18,Aarav Chatterjee,Consumer,North,Furniture,Office Chair,4,0.05,65242.2,10438.75,Express,6,2024-03,0.16
ORD-13102,2025-05-09,2025-05-11,Saanvi Gupta,Corporate,South,Beauty,Trimmer,5,0.1,9135.0,1644.3,Standard,2,2025-05,0.18
ORD-13103,2024-07-09,2024-07-16,Kavya Gupta,Consumer,South,Groceries,Rice Pack,5,0.2,4820.0,0.0,Express,7,2024-07,0.0
ORD-13104,2024-10-07,2024-10-08,Meera Malhotra,Corporate,North,Groceries,Snacks Combo,1,0.0,1059.0,84.72,Express,1,2024-10,0.08
ORD-13105,2024-07-21,2024-07-26,Rohan Nair,Consumer,North,Clothing,Formal Shirt,2,0.1,2815.2,591.19,Standard,5,2024-07,0.21
ORD-13106,2025-01-22,2025-01-28,Arjun Joshi,Corporate,South,Electronics,Smartwatch,2,0.2,41772.8,1670.91,Standard,6,2025-01,0.04
ORD-13107,2024-02-17,2024-02-23,Tanvi Sharma,Corporate,West,Clothing,Formal Shirt,5,0.1,12114.0,2543.94,Standard,6,2024-02,0.21
ORD-13108,2024-11-20,2024-11-25,Meera Mehta,Consumer,South,Clothing,Jacket,1,0.2,1524.8,259.22,Standard,5,2024-11,0.17
ORD-13109,2024-01-02,2024-01-04,Sneha Patel,Consumer,South,Furniture,Office Chair,3,0.0,55869.0,10056.42,Same Day,2,2024-01,0.18
ORD-13110,2024-05-12,2024-05-16,Rohan Singh,Consumer,North,Groceries,Dairy Pack,4,0.0,4252.0,340.16,Express,4,2024-05,0.08
ORD-13111,2024-02-22,2024-02-26,Sneha Gupta,Consumer,West,Clothing,Sneakers,5,0.0,10775.0,2693.75,Standard,4,2024-02,0.25
ORD-13112,2024-05-11,2024-05-12,Rohan Patel,Consumer,South,Groceries,Cooking Oil,1,0.0,882.0,70.56,Standard,1,2024-05,0.08
ORD-13113,2025-12-22,2025-12-28,Ishaan Khan,Corporate,North,Beauty,Hair Dryer,2,0.1,5126.4,922.75,Standard,6,2025-12,0.18
ORD-13114,2025-03-25,2025-04-01,Om Reddy,Consumer,South,Clothing,Jacket,2,0.0,4508.0,1127.0,Standard,7,2025-03,0.25
ORD-13115,2024-06-15,2024-06-16,Aarav Malhotra,Consumer,West,Groceries,Dairy Pack,4,0.0,5436.0,434.88,Express,1,2024-06,0.08
ORD-13116,2025-12-15,2025-12-22,Kavya Reddy,Consumer,Central,Clothing,Sneakers,2,0.15,1672.8,317.83,Standard,7,2025-12,0.19
ORD-13117,2025-10-24,2025-10-31,Kabir Khan,Corporate,North,Clothing,Formal Shirt,3,0.0,9027.0,2256.75,Standard,7,2025-10,0.25
ORD-13118,2025-01-30,2025-01-31,Priya Sharma,Corporate,South,Furniture,Sofa,5,0.0,76075.0,13693.5,Express,1,2025-01,0.18
ORD-13119,2024-11-08,2024-11-09,Ananya Nair,Consumer,South,Furniture,Bed Frame,5,0.05,112152.25,17944.36,Standard,1,2024-11,0.16
ORD-13120,2024-01-02,2024-01-06,Om Patel,Corporate,West,Clothing,Jeans,2,0.2,6308.8,1072.5,Standard,4,2024-01,0.17
ORD-13121,2024-08-28,2024-08-31,Ananya Sharma,Small Business,South,Furniture,Study Table,2,0.15,34674.9,4160.99,Standard,3,2024-08,0.12
ORD-13122,2025-09-19,2025-09-22,Tanvi Verma,Corporate,North,Clothing,Jacket,2,0.15,5601.5,1064.28,Standard,3,2025-09,0.19
ORD-13123,2025-07-10,2025-07-11,Sneha Rao,Consumer,West,Clothing,Jacket,4,0.0,9588.0,2397.0,Standard,1,2025-07,0.25
ORD-13124,2025-12-25,2025-12-28,Rahul Kapoor,Corporate,South,Clothing,Jacket,4,0.1,2545.2,534.49,Express,3,2025-12,0.21
ORD-13125,2025-08-08,2025-08-11,Kavya Reddy,Small Business,West,Groceries,Beverages,3,0.1,1015.2,40.61,Standard,3,2025-08,0.04
ORD-13126,2024-08-13,2024-08-15,Neha Sharma,Small Business,North,Furniture,Bookshelf,4,0.0,77104.0,13878.72,Express,2,2024-08,0.18
ORD-13127,2024-02-03,2024-02-07,Aditya Joshi,Consumer,South,Electronics,Smartphone,5,0.0,256420.0,30770.4,Standard,4,2024-02,0.12
ORD-13128,2024-01-14,2024-01-17,Kabir Patel,Consumer,North,Furniture,Sofa,2,0.25,28030.5,2242.44,Express,3,2024-01,0.08
ORD-13129,2025-04-29,2025-04-30,Aditya Sharma,Consumer,North,Beauty,Trimmer,1,0.05,419.9,83.98,Same Day,1,2025-04,0.2
ORD-13130,2025-05-04,2025-05-08,Aarav Khan,Small Business,Central,Furniture,Bed Frame,4,0.25,5370.0,429.6,Standard,4,2025-05,0.08
ORD-13131,2024-02-20,2024-02-24,Vihaan Reddy,Consumer,North,Groceries,Snacks Combo,4,0.0,1024.0,81.92,Standard,4,2024-02,0.08
ORD-13132,2024-11-21,2024-11-27,Saanvi Singh,Consumer,North,Electronics,Headphones,4,0.05,214969.8,21496.98,Express,6,2024-11,0.1
ORD-13133,2024-01-17,2024-01-22,Arjun Verma,Consumer,Central,Electronics,Headphones,2,0.1,79461.0,6356.88,Standard,5,2024-01,0.08
ORD-13134,2025-06-18,2025-06-25,Arjun Singh,Consumer,Central,Furniture,Bed Frame,1,0.15,19160.7,2299.28,Same Day,7,2025-06,0.12
ORD-13135,2025-04-16,2025-04-17,Vihaan Sharma,Consumer,West,Electronics,Headphones,2,0.15,97478.0,5848.68,Standard,1,2025-04,0.06
ORD-13136,2024-10-11,2024-10-13,Kabir Joshi,Consumer,South,Furniture,Sofa,5,0.0,86785.0,15621.3,Standard,2,2024-10,0.18
ORD-13137,2024-06-26,2024-07-02,Arjun Patel,Small Business,South,Furniture,Bed Frame,4,0.1,82947.6,11612.66,Standard,6,2024-06,0.14
ORD-13138,2025-10-27,2025-11-02,Kavya Khan,Consumer,South,Beauty,Perfume,5,0.0,3345.0,735.9,Standard,6,2025-10,0.22
ORD-13139,2025-01-11,2025-01-15,Zara Rao,Corporate,East,Furniture,Bookshelf,4,0.2,21056.0,2105.6,Standard,4,2025-01,0.1
ORD-13140,2024-01-20,2024-01-27,Aarav Singh,Small Business,North,Beauty,Hair Dryer,3,0.05,3343.05,668.61,Standard,7,2024-01,0.2
ORD-13141,2025-09-21,2025-09-27,Vivaan Khan,Consumer,North,Beauty,Makeup Kit,2,0.2,2155.2,301.73,Express,6,2025-09,0.14
ORD-13142,2024-09-20,2024-09-21,Kavya Nair,Consumer,North,Beauty,Trimmer,3,0.0,2229.0,490.38,Express,1,2024-09,0.22
ORD-13143,2024-10-20,2024-10-26,Sneha Nair,Small Business,North,Beauty,Trimmer,3,0.25,3656.25,438.75,Standard,6,2024-10,0.12
ORD-13144,2025-05-01,2025-05-06,Sneha Iyer,Consumer,East,Beauty,Hair Dryer,4,0.0,7812.0,1718.64,Standard,5,2025-05,0.22
ORD-13145,2024-03-19,2024-03-21,Vivaan Malhotra,Small Business,East,Furniture,Sofa,1,0.05,21185.95,3389.75,Standard,2,2024-03,0.16
ORD-13146,2025-05-20,2025-05-21,Zara Verma,Small Business,West,Furniture,Office Chair,2,0.2,28006.4,2800.64,Express,1,2025-05,0.1
ORD-13147,2024-06-17,2024-06-21,Diya Iyer,Small Business,West,Electronics,Tablet,3,0.05,162324.6,16232.46,Express,4,2024-06,0.1
ORD-13148,2024-09-17,2024-09-22,Diya Verma,Small Business,Central,Electronics,Smartphone,2,0.15,7242.0,434.52,Standard,5,2024-09,0.06
ORD-13149,2025-08-04,2025-08-07,Vihaan Chatterjee,Consumer,West,Beauty,Skincare Kit,1,0.05,2371.2,474.24,Express,3,2025-08,0.2
ORD-13150,2025-02-16,2025-02-21,Rohan Sharma,Consumer,West,Beauty,Trimmer,4,0.25,5220.0,626.4,Express,5,2025-02,0.12
ORD-13151,2024-10-13,2024-10-15,Ananya Reddy,Corporate,North,Furniture,Office Chair,4,0.1,81748.8,11444.83,Standard,2,2024-10,0.14
ORD-13152,2025-06-06,2025-06-07,Sneha Sharma,Small Business,North,Beauty,Skincare Kit,3,0.0,6525.0,1435.5,Same Day,1,2025-06,0.22
ORD-13153,2024-10-06,2024-10-07,Vivaan Iyer,Corporate,East,Beauty,Perfume,4,0.05,4024.2,804.84,Standard,1,2024-10,0.2
ORD-13154,2024-04-18,2024-04-25,Ananya Kapoor,Consumer,North,Furniture,Sofa,1,0.05,23231.3,3717.01,Express,7,2024-04,0.16
ORD-13155,2025-05-14,2025-05-19,Zara Verma,Consumer,West,Beauty,Hair Dryer,4,0.05,8930.0,1786.0,Standard,5,2025-05,0.2
ORD-13156,2024-09-14,2024-09-15,Priya Iyer,Consumer,West,Electronics,Headphones,3,0.05,106062.75,10606.27,Standard,1,2024-09,0.1
ORD-13157,2024-10-18,2024-10-19,Tanvi Das,Corporate,East,Electronics,Smartphone,2,0.0,99126.0,11895.12,Standard,1,2024-10,0.12
ORD-13158,2025-07-19,2025-07-20,Neha Reddy,Corporate,West,Clothing,Jacket,4,0.2,12435.2,2113.98,Standard,1,2025-07,0.17
ORD-13159,2024-06-23,2024-06-29,Kavya Kapoor,Consumer,North,Furniture,Bed Frame,1,0.0,20050.0,3609.0,Standard,6,2024-06,0.18
ORD-13160,2025-11-12,2025-11-16,Ishaan Das,Corporate,South,Electronics,Smartphone,5,0.0,50810.0,6097.2,Standard,4,2025-11,0.12
ORD-13161,2025-01-06,2025-01-09,Vihaan Patel,Small Business,West,Beauty,Perfume,5,0.1,7753.5,1395.63,Standard,3,2025-01,0.18
ORD-13162,2024-02-21,2024-02-27,Diya Sharma,Corporate,Central,Furniture,Study Table,1,0.25,16275.0,1302.0,Express,6,2024-02,0.08
ORD-13163,2025-10-12,2025-10-15,Zara Kapoor,Corporate,North,Beauty,Perfume,4,0.15,1462.0,233.92,Standard,3,2025-10,0.16
ORD-13164,2024-08-06,2024-08-10,Rahul Kapoor,Consumer,West,Clothing,Sneakers,2,0.0,4374.0,1093.5,Express,4,2024-08,0.25
ORD-13165,2024-02-06,2024-02-13,Neha Singh,Small Business,West,Clothing,Sneakers,4,0.1,6098.4,1280.66,Standard,7,2024-02,0.21
ORD-13166,2025-02-10,2025-02-11,Sneha Joshi,Consumer,South,Clothing,Jacket,3,0.05,1185.6,272.69,Express,1,2025-02,0.23
ORD-13167,2024-10-14,2024-10-21,Kavya Verma,Consumer,Central,Electronics,Smartwatch,5,0.25,64293.75,1285.88,Standard,7,2024-10,0.02
ORD-13168,2025-02-22,2025-02-27,Meera Khan,Consumer,North,Groceries,Rice Pack,5,0.1,1278.0,51.12,Express,5,2025-02,0.04
ORD-13169,2024-06-22,2024-06-23,Rohan Das,Small Business,East,Clothing,Formal Shirt,2,0.05,7208.6,1657.98,Standard,1,2024-06,0.23
ORD-13170,2024-09-10,2024-09-16,Meera Sharma,Consumer,West,Groceries,Dairy Pack,2,0.0,628.0,50.24,Express,6,2024-09,0.08
ORD-13171,2024-06-02,2024-06-09,Arjun Kapoor,Small Business,East,Groceries,Cooking Oil,5,0.15,3340.5,66.81,Express,7,2024-06,0.02
ORD-13172,2024-04-08,2024-04-14,Aarav Rao,Consumer,South,Groceries,Snacks Combo,5,0.05,4659.75,279.59,Standard,6,2024-04,0.06
ORD-13173,2025-10-25,2025-10-30,Kavya Kapoor,Consumer,South,Beauty,Hair Dryer,1,0.1,2678.4,482.11,Express,5,2025-10,0.18
ORD-13174,2024-05-17,2024-05-18,Priya Joshi,Corporate,West,Furniture,Office Chair,4,0.1,86979.6,12177.14,Same Day,1,2024-05,0.14
ORD-13175,2024-04-29,2024-05-02,Rohan Patel,Consumer,East,Beauty,Trimmer,4,0.05,8128.2,1625.64,Express,3,2024-04,0.2
ORD-13176,2024-04-16,2024-04-19,Kavya Sharma,Corporate,East,Electronics,Tablet,5,0.15,227528.0,13651.68,Standard,3,2024-04,0.06
ORD-13177,2024-07-29,2024-08-04,Vivaan Singh,Corporate,North,Furniture,Sofa,3,0.1,11647.8,1630.69,Standard,6,2024-07,0.14
ORD-13178,2024-07-26,2024-07-28,Rahul Khan,Consumer,North,Electronics,Smartphone,2,0.05,37424.3,3742.43,Standard,2,2024-07,0.1
ORD-13179,2024-11-17,2024-11-22,Ananya Sharma,Small Business,South,Furniture,Sofa,3,0.0,14244.0,2563.92,Standard,5,2024-11,0.18
ORD-13180,2024-01-18,2024-01-25,Aditya Joshi,Corporate,East,Clothing,Formal Shirt,1,0.0,2543.0,635.75,Same Day,7,2024-01,0.25
ORD-13181,2025-11-25,2025-11-28,Om Reddy,Small Business,South,Groceries,Beverages,4,0.0,3980.0,318.4,Same Day,3,2025-11,0.08
ORD-13182,2024-07-01,2024-07-08,Arjun Gupta,Consumer,West,Groceries,Dairy Pack,2,0.0,2420.0,193.6,Standard,7,2024-07,0.08
ORD-13183,2025-02-02,2025-02-04,Neha Patel,Consumer,East,Clothing,T-Shirt,3,0.1,5753.7,1208.28,Standard,2,2025-02,0.21
ORD-13184,2025-09-01,2025-09-07,Tanvi Mehta,Consumer,North,Clothing,Jacket,5,0.0,8430.0,2107.5,Standard,6,2025-09,0.25
ORD-13185,2025-04-04,2025-04-08,Neha Patel,Corporate,South,Groceries,Dairy Pack,5,0.15,2839.0,56.78,Standard,4,2025-04,0.02
ORD-13186,2024-06-16,2024-06-21,Aarav Kapoor,Consumer,North,Beauty,Trimmer,5,0.2,7380.0,1033.2,Standard,5,2024-06,0.14
ORD-13187,2025-06-16,2025-06-21,Om Khan,Consumer,West,Groceries,Beverages,4,0.0,1256.0,100.48,Express,5,2025-06,0.08
ORD-13188,2025-08-29,2025-09-02,Meera Reddy,Corporate,East,Furniture,Sofa,2,0.0,36576.0,6583.68,Express,4,2025-08,0.18
ORD-13189,2024-10-08,2024-10-11,Neha Mehta,Consumer,South,Furniture,Bookshelf,5,0.15,101447.5,12173.7,Standard,3,2024-10,0.12
ORD-13190,2024-08-13,2024-08-17,Tanvi Patel,Consumer,West,Electronics,Headphones,3,0.1,105248.7,8419.9,Express,4,2024-08,0.08
ORD-13191,2024-09-27,2024-09-30,Aditya Kapoor,Small Business,West,Furniture,Bookshelf,1,0.05,5684.8,909.57,Standard,3,2024-09,0.16
ORD-13192,2025-04-05,2025-04-07,Om Singh,Consumer,West,Beauty,Trimmer,2,0.2,4454.4,623.62,Express,2,2025-04,0.14
ORD-13193,2024-03-09,2024-03-14,Diya Malhotra,Corporate,North,Electronics,Tablet,5,0.0,238000.0,28560.0,Standard,5,2024-03,0.12
ORD-13194,2024-02-04,2024-02-06,Om Rao,Small Business,West,Clothing,Formal Shirt,3,0.2,9290.4,1579.37,Standard,2,2024-02,0.17
ORD-13195,2024-03-21,2024-03-27,Om Malhotra,Consumer,North,Beauty,Hair Dryer,1,0.0,285.0,62.7,Standard,6,2024-03,0.22
ORD-13196,2024-04-25,2024-05-01,Vihaan Gupta,Corporate,North,Beauty,Skincare Kit,4,0.05,2975.4,595.08,Standard,6,2024-04,0.2
ORD-13197,2025-09-29,2025-09-30,Rahul Kapoor,Consumer,Central,Furniture,Study Table,5,0.0,85015.0,15302.7,Express,1,2025-09,0.18
ORD-13198,2024-04-10,2024-04-11,Kabir Reddy,Small Business,West,Furniture,Sofa,1,0.1,7771.5,1088.01,Express,1,2024-04,0.14
ORD-13199,2025-07-25,2025-08-01,Zara Nair,Consumer,North,Groceries,Dairy Pack,3,0.15,1076.1,21.52,Same Day,7,2025-07,0.02
ORD-13200,2025-10-30,2025-11-01,Meera Singh,Small Business,South,Clothing,Sneakers,1,0.0,1574.0,393.5,Express,2,2025-10,0.25
ORD-13201,2024-03-19,2024-03-20,Kabir Reddy,Small Business,North,Beauty,Hair Dryer,3,0.1,7929.9,1427.38,Standard,1,2024-03,0.18
ORD-13202,2025-01-22,2025-01-28,Neha Nair,Corporate,South,Furniture,Bookshelf,2,0.0,39946.0,7190.28,Standard,6,2025-01,0.18
ORD-13203,2025-06-02,2025-06-07,Kabir Reddy,Small Business,West,Electronics,Laptop,4,0.0,213436.0,25612.32,Standard,5,2025-06,0.12
ORD-13204,2025-12-09,2025-12-15,Kabir Mehta,Consumer,South,Groceries,Dairy Pack,5,0.15,3982.25,79.64,Standard,6,2025-12,0.02
ORD-13205,2025-03-11,2025-03-17,Rahul Reddy,Consumer,South,Electronics,Tablet,5,0.1,202360.5,16188.84,Express,6,2025-03,0.08
ORD-13206,2024-01-07,2024-01-13,Priya Das,Consumer,Central,Groceries,Beverages,5,0.05,3268.0,196.08,Standard,6,2024-01,0.06
ORD-13207,2025-07-06,2025-07-13,Neha Joshi,Consumer,West,Furniture,Sofa,2,0.1,42530.4,5954.26,Standard,7,2025-07,0.14
ORD-13208,2024-03-15,2024-03-16,Tanvi Patel,Corporate,West,Electronics,Smartwatch,2,0.0,45034.0,5404.08,Standard,1,2024-03,0.12
ORD-13209,2024-11-18,2024-11-21,Meera Rao,Corporate,West,Electronics,Headphones,1,0.0,9854.0,1182.48,Standard,3,2024-11,0.12
ORD-13210,2024-09-09,2024-09-16,Vihaan Joshi,Corporate,East,Beauty,Skincare Kit,4,0.0,8492.0,1868.24,Standard,7,2024-09,0.22
ORD-13211,2024-05-18,2024-05-24,Kavya Gupta,Consumer,East,Clothing,Sneakers,3,0.0,3285.0,821.25,Standard,6,2024-05,0.25
ORD-13212,2024-05-23,2024-05-28,Om Joshi,Consumer,West,Electronics,Tablet,3,0.05,59103.3,5910.33,Standard,5,2024-05,0.1
ORD-13213,2025-09-14,2025-09-20,Kabir Rao,Consumer,Central,Beauty,Makeup Kit,5,0.0,7375.0,1622.5,Standard,6,2025-09,0.22
ORD-13214,2024-10-20,2024-10-27,Tanvi Mehta,Corporate,South,Clothing,Sneakers,4,0.15,5395.8,1025.2,Standard,7,2024-10,0.19
ORD-13215,2024-09-11,2024-09-17,Vihaan Sharma,Corporate,South,Beauty,Skincare Kit,1,0.1,916.2,164.92,Standard,6,2024-09,0.18
ORD-13216,2025-01-30,2025-02-06,Aditya Kapoor,Small Business,South,Groceries,Cooking Oil,1,0.0,1018.0,81.44,Standard,7,2025-01,0.08
ORD-13217,2024-12-07,2024-12-13,Sneha Sharma,Consumer,West,Beauty,Perfume,3,0.0,6264.0,1378.08,Standard,6,2024-12,0.22
ORD-13218,2025-08-20,2025-08-22,Kavya Mehta,Small Business,North,Beauty,Hair Dryer,2,0.2,1446.4,202.5,Standard,2,2025-08,0.14
ORD-13219,2024-06-08,2024-06-15,Neha Kapoor,Consumer,South,Clothing,T-Shirt,4,0.0,10852.0,2713.0,Express,7,2024-06,0.25
ORD-13220,2024-11-18,2024-11-22,Ishaan Iyer,Corporate,Central,Groceries,Rice Pack,4,0.0,1372.0,109.76,Standard,4,2024-11,0.08
ORD-13221,2025-10-24,2025-10-25,Sneha Mehta,Small Business,Central,Furniture,Sofa,4,0.05,61263.6,9802.18,Standard,1,2025-10,0.16
ORD-13222,2024-02-10,2024-02-11,Arjun Sharma,Small Business,South,Beauty,Makeup Kit,5,0.05,6108.5,1221.7,Express,1,2024-02,0.2
ORD-13223,2025-03-25,2025-03-29,Aditya Iyer,Consumer,South,Furniture,Sofa,5,0.05,56629.5,9060.72,Standard,4,2025-03,0.16
ORD-13224,2024-08-08,2024-08-12,Sneha Nair,Consumer,North,Furniture,Study Table,2,0.05,44488.5,7118.16,Standard,4,2024-08,0.16
ORD-13225,2025-05-21,2025-05-27,Neha Nair,Corporate,North,Clothing,Jacket,2,0.1,2669.4,560.57,Standard,6,2025-05,0.21
ORD-13226,2025-11-26,2025-11-27,Vivaan Malhotra,Corporate,West,Electronics,Laptop,4,0.1,150206.4,12016.51,Standard,1,2025-11,0.08
ORD-13227,2025-11-20,2025-11-23,Vihaan Reddy,Corporate,North,Furniture,Bookshelf,3,0.2,47352.0,4735.2,Standard,3,2025-11,0.1
ORD-13228,2025-10-11,2025-10-15,Zara Kapoor,Small Business,West,Furniture,Study Table,2,0.05,20774.6,3323.94,Standard,4,2025-10,0.16
ORD-13229,2024-04-03,2024-04-08,Arjun Joshi,Small Business,West,Clothing,Sneakers,4,0.0,1812.0,453.0,Express,5,2024-04,0.25
ORD-13230,2025-09-16,2025-09-21,Om Iyer,Small Business,East,Clothing,Sneakers,1,0.0,3767.0,941.75,Standard,5,2025-09,0.25
ORD-13231,2024-06-25,2024-06-27,Kavya Joshi,Corporate,Central,Clothing,T-Shirt,5,0.1,13977.0,2935.17,Express,2,2024-06,0.21
ORD-13232,2025-08-17,2025-08-24,Ishaan Rao,Small Business,South,Groceries,Snacks Combo,2,0.15,1827.5,36.55,Same Day,7,2025-08,0.02
ORD-13233,2024-10-22,2024-10-29,Tanvi Verma,Consumer,East,Clothing,Formal Shirt,3,0.25,8129.25,1219.39,Standard,7,2024-10,0.15
ORD-13234,2024-03-09,2024-03-10,Neha Patel,Consumer,North,Furniture,Sofa,5,0.2,91736.0,9173.6,Standard,1,2024-03,0.1
ORD-13235,2024-12-01,2024-12-03,Ishaan Kapoor,Consumer,West,Beauty,Hair Dryer,2,0.1,2383.2,428.98,Standard,2,2024-12,0.18
ORD-13236,2025-06-17,2025-06-22,Kavya Verma,Consumer,South,Beauty,Trimmer,5,0.1,12204.0,2196.72,Express,5,2025-06,0.18
ORD-13237,2025-03-14,2025-03-16,Priya Chatterjee,Consumer,West,Beauty,Makeup Kit,4,0.1,10400.4,1872.07,Standard,2,2025-03,0.18
ORD-13238,2024-06-15,2024-06-22,Vivaan Rao,Consumer,Central,Furniture,Office Chair,4,0.1,47653.2,6671.45,Standard,7,2024-06,0.14
ORD-13239,2025-02-11,2025-02-13,Tanvi Malhotra,Corporate,South,Clothing,Formal Shirt,5,0.2,10248.0,1742.16,Standard,2,2025-02,0.17
ORD-13240,2025-09-14,2025-09-19,Ishaan Gupta,Consumer,South,Electronics,Smartphone,1,0.0,32814.0,3937.68,Express,5,2025-09,0.12
ORD-13241,2025-11-03,2025-11-07,Priya Nair,Consumer,Central,Beauty,Makeup Kit,3,0.2,3808.8,533.23,Standard,4,2025-11,0.14
ORD-13242,2025-11-02,2025-11-08,Arjun Singh,Consumer,West,Groceries,Rice Pack,2,0.1,669.6,26.78,Standard,6,2025-11,0.04
ORD-13243,2024-06-22,2024-06-29,Vihaan Chatterjee,Consumer,North,Electronics,Smartphone,4,0.1,202158.0,16172.64,Express,7,2024-06,0.08
ORD-13244,2024-12-16,2024-12-19,Arjun Reddy,Corporate,Central,Beauty,Trimmer,2,0.0,648.0,142.56,Standard,3,2024-12,0.22
ORD-13245,2025-01-01,2025-01-08,Priya Sharma,Corporate,Central,Clothing,Sneakers,1,0.0,3016.0,754.0,Standard,7,2025-01,0.25
ORD-13246,2025-07-22,2025-07-27,Meera Rao,Consumer,West,Furniture,Bookshelf,3,0.15,44525.55,5343.07,Express,5,2025-07,0.12
ORD-13247,2024-08-15,2024-08-18,Om Iyer,Consumer,South,Electronics,Laptop,5,0.15,136463.25,8187.8,Standard,3,2024-08,0.06
ORD-13248,2024-09-26,2024-09-27,Vivaan Rao,Consumer,North,Furniture,Bed Frame,4,0.0,76268.0,13728.24,Standard,1,2024-09,0.18
ORD-13249,2025-12-22,2025-12-27,Aarav Sharma,Small Business,East,Furniture,Bed Frame,2,0.05,6005.9,960.94,Express,5,2025-12,0.16
ORD-13250,2025-01-09,2025-01-15,Neha Reddy,Corporate,South,Furniture,Bookshelf,3,0.05,24470.1,3915.22,Express,6,2025-01,0.16
ORD-13251,2024-09-14,2024-09-18,Vihaan Reddy,Consumer,West,Electronics,Smartphone,1,0.05,20464.9,2046.49,Express,4,2024-09,0.1
ORD-13252,2025-03-06,2025-03-11,Tanvi Nair,Corporate,Central,Furniture,Office Chair,2,0.0,8434.0,1518.12,Standard,5,2025-03,0.18
ORD-13253,2025-03-08,2025-03-15,Kavya Rao,Small Business,West,Furniture,Study Table,2,0.0,24728.0,4451.04,Express,7,2025-03,0.18
ORD-13254,2025-05-19,2025-05-21,Ishaan Das,Small Business,West,Beauty,Hair Dryer,2,0.1,2536.2,456.52,Standard,2,2025-05,0.18
ORD-13255,2025-10-21,2025-10-25,Aditya Rao,Corporate,West,Furniture,Bookshelf,3,0.15,17194.65,2063.36,Same Day,4,2025-10,0.12
ORD-13256,2024-09-28,2024-10-05,Kavya Nair,Consumer,East,Groceries,Rice Pack,3,0.1,2916.0,116.64,Standard,7,2024-09,0.04
ORD-13257,2025-05-13,2025-05-19,Diya Mehta,Consumer,East,Clothing,T-Shirt,4,0.0,4356.0,1089.0,Same Day,6,2025-05,0.25
ORD-13258,2025-04-21,2025-04-27,Diya Nair,Corporate,West,Electronics,Smartwatch,3,0.0,172242.0,20669.04,Express,6,2025-04,0.12
ORD-13259,2025-12-28,2026-01-03,Arjun Malhotra,Corporate,South,Groceries,Dairy Pack,5,0.0,4115.0,329.2,Standard,6,2025-12,0.08
ORD-13260,2024-05-05,2024-05-08,Sneha Das,Small Business,North,Clothing,Sneakers,5,0.0,13695.0,3423.75,Standard,3,2024-05,0.25
ORD-13261,2025-09-28,2025-10-02,Rohan Kapoor,Consumer,Central,Clothing,T-Shirt,3,0.15,8052.9,1530.05,Express,4,2025-09,0.19
ORD-13262,2025-10-02,2025-10-08,Neha Nair,Consumer,North,Furniture,Sofa,2,0.0,34186.0,6153.48,Express,6,2025-10,0.18
ORD-13263,2024-01-26,2024-01-28,Saanvi Nair,Consumer,North,Electronics,Smartphone,3,0.15,26438.4,1586.3,Same Day,2,2024-01,0.06
ORD-13264,2024-10-19,2024-10-23,Arjun Joshi,Consumer,Central,Electronics,Headphones,5,0.1,80923.5,6473.88,Same Day,4,2024-10,0.08
ORD-13265,2025-03-06,2025-03-08,Zara Mehta,Consumer,South,Beauty,Hair Dryer,2,0.05,4675.9,935.18,Express,2,2025-03,0.2
ORD-13266,2024-10-17,2024-10-22,Vivaan Mehta,Consumer,Central,Electronics,Tablet,1,0.2,22980.0,919.2,Express,5,2024-10,0.04
ORD-13267,2024-09-29,2024-10-04,Aditya Gupta,Corporate,North,Clothing,Jacket,3,0.0,8364.0,2091.0,Same Day,5,2024-09,0.25
ORD-13268,2025-11-24,2025-11-25,Tanvi Verma,Corporate,East,Electronics,Headphones,5,0.05,174201.5,17420.15,Standard,1,2025-11,0.1
ORD-13269,2024-03-26,2024-04-01,Ananya Iyer,Small Business,North,Electronics,Tablet,2,0.2,6588.8,263.55,Same Day,6,2024-03,0.04
ORD-13270,2024-06-18,2024-06-23,Neha Singh,Consumer,North,Groceries,Rice Pack,3,0.0,408.0,32.64,Express,5,2024-06,0.08
ORD-13271,2024-12-23,2024-12-25,Sneha Gupta,Corporate,West,Beauty,Perfume,1,0.05,363.85,72.77,Standard,2,2024-12,0.2
ORD-13272,2024-07-03,2024-07-08,Kavya Gupta,Corporate,Central,Clothing,Formal Shirt,5,0.05,11989.0,2757.47,Express,5,2024-07,0.23
ORD-13273,2025-03-04,2025-03-10,Sneha Joshi,Corporate,North,Groceries,Dairy Pack,4,0.05,4799.4,287.96,Express,6,2025-03,0.06
ORD-13274,2024-07-17,2024-07-19,Vivaan Iyer,Consumer,South,Beauty,Trimmer,4,0.05,10191.6,2038.32,Standard,2,2024-07,0.2
ORD-13275,2024-03-08,2024-03-11,Arjun Reddy,Corporate,South,Furniture,Office Chair,1,0.1,4461.3,624.58,Express,3,2024-03,0.14
ORD-13276,2025-04-16,2025-04-23,Saanvi Gupta,Consumer,Central,Groceries,Snacks Combo,4,0.05,4658.8,279.53,Express,7,2025-04,0.06
ORD-13277,2025-05-27,2025-06-03,Ishaan Rao,Small Business,East,Electronics,Smartphone,5,0.25,173595.0,3471.9,Express,7,2025-05,0.02
ORD-13278,2024-05-30,2024-06-06,Priya Reddy,Corporate,West,Furniture,Office Chair,5,0.0,78500.0,14130.0,Express,7,2024-05,0.18
ORD-13279,2024-03-08,2024-03-13,Tanvi Nair,Consumer,West,Electronics,Headphones,5,0.05,72352.0,7235.2,Express,5,2024-03,0.1
ORD-13280,2025-09-10,2025-09-12,Aditya Rao,Small Business,Central,Groceries,Beverages,5,0.1,3091.5,123.66,Standard,2,2025-09,0.04
ORD-13281,2025-01-27,2025-02-02,Kabir Gupta,Consumer,Central,Electronics,Laptop,4,0.0,62056.0,7446.72,Standard,6,2025-01,0.12
ORD-13282,2025-03-04,2025-03-08,Zara Das,Consumer,Central,Groceries,Snacks Combo,5,0.2,2992.0,0.0,Express,4,2025-03,0.0
ORD-13283,2024-08-02,2024-08-08,Kabir Mehta,Small Business,West,Groceries,Dairy Pack,4,0.0,496.0,39.68,Same Day,6,2024-08,0.08
ORD-13284,2024-01-25,2024-01-30,Tanvi Nair,Small Business,West,Furniture,Office Chair,4,0.0,17272.0,3108.96,Standard,5,2024-01,0.18
ORD-13285,2024-06-23,2024-06-27,Neha Gupta,Consumer,South,Furniture,Bookshelf,5,0.1,41152.5,5761.35,Express,4,2024-06,0.14
ORD-13286,2024-12-20,2024-12-25,Sneha Verma,Consumer,South,Clothing,Sneakers,4,0.0,6992.0,1748.0,Standard,5,2024-12,0.25
ORD-13287,2024-02-15,2024-02-18,Rahul Kapoor,Consumer,South,Beauty,Hair Dryer,5,0.0,2445.0,537.9,Express,3,2024-02,0.22
ORD-13288,2024-07-17,2024-07-21,Rahul Gupta,Consumer,West,Clothing,Jeans,3,0.05,9453.45,2174.29,Standard,4,2024-07,0.23
ORD-13289,2025-01-13,2025-01-20,Saanvi Mehta,Small Business,West,Electronics,Laptop,4,0.05,140444.2,14044.42,Standard,7,2025-01,0.1
ORD-13290,2025-05-26,2025-06-02,Ananya Chatterjee,Small Business,Central,Beauty,Makeup Kit,2,0.05,2570.7,514.14,Express,7,2025-05,0.2
ORD-13291,2024-03-11,2024-03-18,Kabir Mehta,Corporate,Central,Clothing,Jeans,3,0.0,7692.0,1923.0,Standard,7,2024-03,0.25
ORD-13292,2024-11-25,2024-11-30,Tanvi Joshi,Consumer,East,Furniture,Bed Frame,5,0.1,60070.5,8409.87,Same Day,5,2024-11,0.14
ORD-13293,2024-01-21,2024-01-22,Aditya Patel,Consumer,Central,Electronics,Laptop,4,0.1,129762.0,10380.96,Express,1,2024-01,0.08
ORD-13294,2025-11-26,2025-11-28,Kavya Chatterjee,Small Business,West,Beauty,Makeup Kit,1,0.0,1911.0,420.42,Express,2,2025-11,0.22
ORD-13295,2025-11-23,2025-11-26,Arjun Patel,Consumer,East,Furniture,Bed Frame,2,0.0,3462.0,623.16,Standard,3,2025-11,0.18
ORD-13296,2024-11-09,2024-11-12,Ishaan Reddy,Consumer,West,Clothing,T-Shirt,3,0.05,5209.8,1198.25,Standard,3,2024-11,0.23
ORD-13297,2025-08-28,2025-08-29,Diya Gupta,Consumer,Central,Furniture,Bed Frame,5,0.1,81090.0,11352.6,Standard,1,2025-08,0.14
ORD-13298,2024-03-08,2024-03-13,Arjun Reddy,Small Business,East,Electronics,Smartwatch,5,0.1,90823.5,7265.88,Standard,5,2024-03,0.08
ORD-13299,2025-02-09,2025-02-15,Meera Gupta,Corporate,South,Clothing,T-Shirt,5,0.15,1789.25,339.96,Standard,6,2025-02,0.19
ORD-13300,2024-12-29,2024-12-30,Vivaan Joshi,Small Business,East,Electronics,Smartphone,5,0.0,115755.0,13890.6,Express,1,2024-12,0.12
ORD-13301,2024-02-03,2024-02-06,Vivaan Nair,Consumer,North,Electronics,Smartphone,4,0.05,182137.8,18213.78,Standard,3,2024-02,0.1
ORD-13302,2024-01-03,2024-01-08,Rahul Nair,Corporate,Central,Beauty,Perfume,3,0.0,4317.0,949.74,Standard,5,2024-01,0.22
ORD-13303,2025-12-14,2025-12-19,Vihaan Verma,Consumer,West,Electronics,Smartphone,4,0.1,99010.8,7920.86,Standard,5,2025-12,0.08
ORD-13304,2025-03-14,2025-03-15,Priya Mehta,Consumer,North,Clothing,T-Shirt,2,0.1,6780.6,1423.93,Standard,1,2025-03,0.21
ORD-13305,2024-03-19,2024-03-24,Vihaan Verma,Corporate,West,Beauty,Skincare Kit,3,0.2,4533.6,634.7,Express,5,2024-03,0.14
ORD-13306,2024-11-09,2024-11-12,Saanvi Mehta,Consumer,Central,Electronics,Smartphone,4,0.1,179071.2,14325.7,Standard,3,2024-11,0.08
ORD-13307,2024-08-04,2024-08-11,Meera Reddy,Consumer,North,Beauty,Perfume,4,0.05,2306.6,461.32,Express,7,2024-08,0.2
ORD-13308,2024-04-14,2024-04-16,Neha Malhotra,Consumer,West,Furniture,Office Chair,2,0.0,35356.0,6364.08,Express,2,2024-04,0.18
ORD-13309,2024-01-25,2024-01-26,Neha Chatterjee,Small Business,South,Groceries,Snacks Combo,5,0.2,4632.0,-0.0,Standard,1,2024-01,-0.0
ORD-13310,2024-12-14,2024-12-19,Ishaan Kapoor,Consumer,South,Electronics,Headphones,3,0.0,141009.0,16921.08,Express,5,2024-12,0.12
ORD-13311,2024-07-01,2024-07-04,Ananya Iyer,Consumer,East,Clothing,T-Shirt,5,0.2,9888.0,1680.96,Express,3,2024-07,0.17
ORD-13312,2024-07-15,2024-07-17,Priya Singh,Consumer,West,Electronics,Headphones,2,0.25,7957.5,159.15,Standard,2,2024-07,0.02
ORD-13313,2025-12-04,2025-12-09,Tanvi Khan,Corporate,Central,Groceries,Cooking Oil,1,0.1,189.9,7.6,Standard,5,2025-12,0.04
ORD-13314,2025-11-05,2025-11-12,Rohan Malhotra,Consumer,East,Clothing,T-Shirt,1,0.0,1940.0,485.0,Standard,7,2025-11,0.25
ORD-13315,2024-02-03,2024-02-04,Rahul Rao,Small Business,South,Groceries,Beverages,5,0.15,2928.25,58.56,Express,1,2024-02,0.02
ORD-13316,2024-09-12,2024-09-18,Kabir Verma,Small Business,North,Furniture,Bookshelf,4,0.1,41277.6,5778.86,Standard,6,2024-09,0.14
ORD-13317,2024-03-19,2024-03-22,Aditya Das,Consumer,South,Clothing,Formal Shirt,3,0.0,4935.0,1233.75,Standard,3,2024-03,0.25
ORD-13318,2024-08-02,2024-08-06,Zara Reddy,Consumer,North,Clothing,Jacket,3,0.2,2803.2,476.54,Standard,4,2024-08,0.17
ORD-13319,2025-03-26,2025-04-01,Priya Gupta,Small Business,West,Clothing,Jeans,3,0.15,9639.0,1831.41,Standard,6,2025-03,0.19
ORD-13320,2024-11-14,2024-11-19,Zara Rao,Consumer,East,Electronics,Tablet,2,0.05,49455.1,4945.51,Same Day,5,2024-11,0.1
ORD-13321,2024-09-07,2024-09-13,Neha Khan,Small Business,East,Clothing,Jeans,5,0.15,10943.75,2079.31,Same Day,6,2024-09,0.19
ORD-13322,2025-08-30,2025-09-04,Tanvi Singh,Consumer,East,Electronics,Headphones,1,0.05,23134.4,2313.44,Standard,5,2025-08,0.1
ORD-13323,2025-07-10,2025-07-16,Vivaan Mehta,Small Business,South,Clothing,Formal Shirt,3,0.0,3354.0,838.5,Standard,6,2025-07,0.25
ORD-13324,2025-07-19,2025-07-20,Vivaan Kapoor,Consumer,Central,Furniture,Sofa,1,0.15,20408.5,2449.02,Same Day,1,2025-07,0.12
ORD-13325,2025-05-03,2025-05-06,Saanvi Chatterjee,Consumer,North,Furniture,Sofa,5,0.05,36185.5,5789.68,Express,3,2025-05,0.16
ORD-13326,2024-05-29,2024-06-02,Aditya Malhotra,Consumer,North,Groceries,Beverages,5,0.05,2968.75,178.12,Express,4,2024-05,0.06
ORD-13327,2024-10-20,2024-10-24,Meera Singh,Consumer,South,Furniture,Bookshelf,4,0.15,71253.8,8550.46,Same Day,4,2024-10,0.12
ORD-13328,2024-04-11,2024-04-16,Kabir Mehta,Small Business,West,Furniture,Office Chair,3,0.0,33207.0,5977.26,Standard,5,2024-04,0.18
ORD-13329,2024-03-07,2024-03-10,Aarav Verma,Consumer,Central,Furniture,Bed Frame,1,0.1,21453.3,3003.46,Standard,3,2024-03,0.14
ORD-13330,2024-03-22,2024-03-26,Aditya Reddy,Consumer,South,Electronics,Headphones,2,0.0,103670.0,12440.4,Standard,4,2024-03,0.12
ORD-13331,2024-02-10,2024-02-16,Ishaan Rao,Small Business,North,Electronics,Headphones,2,0.1,104146.2,8331.7,Standard,6,2024-02,0.08
ORD-13332,2024-06-21,2024-06-26,Rahul Chatterjee,Corporate,East,Groceries,Rice Pack,4,0.0,2044.0,163.52,Express,5,2024-06,0.08
ORD-13333,2024-05-03,2024-05-04,Meera Mehta,Consumer,East,Groceries,Cooking Oil,5,0.0,2950.0,236.0,Standard,1,2024-05,0.08
ORD-13334,2024-05-31,2024-06-05,Neha Iyer,Small Business,Central,Groceries,Dairy Pack,3,0.05,4232.25,253.93,Express,5,2024-05,0.06
ORD-13335,2025-03-03,2025-03-06,Aarav Das,Consumer,West,Beauty,Perfume,4,0.0,7512.0,1652.64,Standard,3,2025-03,0.22
ORD-13336,2024-05-09,2024-05-14,Zara Malhotra,Consumer,South,Clothing,Jeans,1,0.05,2139.4,492.06,Standard,5,2024-05,0.23
ORD-13337,2024-10-14,2024-10-15,Neha Singh,Corporate,North,Groceries,Rice Pack,3,0.2,2505.6,0.0,Standard,1,2024-10,0.0
ORD-13338,2025-06-29,2025-07-05,Diya Nair,Corporate,South,Beauty,Hair Dryer,4,0.0,6408.0,1409.76,Express,6,2025-06,0.22
ORD-13339,2025-09-09,2025-09-10,Sneha Malhotra,Small Business,North,Furniture,Sofa,5,0.05,102001.5,16320.24,Standard,1,2025-09,0.16
ORD-13340,2024-12-30,2025-01-01,Vihaan Das,Consumer,Central,Clothing,Jeans,4,0.0,13192.0,3298.0,Standard,2,2024-12,0.25
ORD-13341,2024-11-08,2024-11-15,Vihaan Das,Consumer,North,Electronics,Tablet,1,0.2,4267.2,170.69,Standard,7,2024-11,0.04
ORD-13342,2025-02-24,2025-03-01,Aarav Kapoor,Small Business,South,Furniture,Bed Frame,1,0.0,15622.0,2811.96,Standard,5,2025-02,0.18
ORD-13343,2024-11-15,2024-11-16,Kabir Nair,Consumer,North,Furniture,Sofa,3,0.15,23870.55,2864.47,Express,1,2024-11,0.12
ORD-13344,2025-08-14,2025-08-17,Rohan Gupta,Consumer,West,Furniture,Study Table,4,0.0,10744.0,1933.92,Standard,3,2025-08,0.18
ORD-13345,2024-03-29,2024-04-02,Om Malhotra,Small Business,West,Clothing,Jacket,1,0.0,3047.0,761.75,Same Day,4,2024-03,0.25
ORD-13346,2025-03-13,2025-03-15,Sneha Kapoor,Small Business,South,Furniture,Bed Frame,2,0.0,5600.0,1008.0,Standard,2,2025-03,0.18
ORD-13347,2024-06-15,2024-06-21,Rohan Malhotra,Consumer,Central,Furniture,Office Chair,4,0.05,68859.8,11017.57,Standard,6,2024-06,0.16
ORD-13348,2024-11-07,2024-11-08,Ananya Iyer,Consumer,West,Electronics,Smartphone,2,0.1,100260.0,8020.8,Standard,1,2024-11,0.08
ORD-13349,2025-06-22,2025-06-23,Meera Chatterjee,Corporate,East,Groceries,Beverages,2,0.0,320.0,25.6,Standard,1,2025-06,0.08
ORD-13350,2024-08-18,2024-08-25,Saanvi Verma,Small Business,North,Clothing,Formal Shirt,2,0.0,5742.0,1435.5,Express,7,2024-08,0.25
ORD-13351,2025-06-22,2025-06-24,Diya Patel,Small Business,South,Clothing,Sneakers,2,0.1,6474.6,1359.67,Standard,2,2025-06,0.21
ORD-13352,2024-05-16,2024-05-18,Kabir Khan,Consumer,West,Beauty,Trimmer,1,0.05,999.4,199.88,Standard,2,2024-05,0.2
ORD-13353,2025-06-29,2025-07-04,Vivaan Patel,Corporate,North,Groceries,Dairy Pack,4,0.0,5288.0,423.04,Express,5,2025-06,0.08
ORD-13354,2025-02-05,2025-02-09,Om Sharma,Small Business,North,Clothing,Formal Shirt,1,0.2,3004.0,510.68,Standard,4,2025-02,0.17
ORD-13355,2024-06-15,2024-06-21,Aarav Iyer,Consumer,Central,Clothing,Jacket,2,0.1,2106.0,442.26,Standard,6,2024-06,0.21
ORD-13356,2024-08-04,2024-08-11,Saanvi Singh,Corporate,East,Furniture,Bed Frame,1,0.0,10849.0,1952.82,Standard,7,2024-08,0.18
ORD-13357,2024-05-30,2024-06-04,Priya Mehta,Consumer,South,Electronics,Laptop,3,0.1,64656.9,5172.55,Standard,5,2024-05,0.08
ORD-13358,2024-11-12,2024-11-19,Priya Chatterjee,Consumer,East,Beauty,Perfume,1,0.0,1214.0,267.08,Express,7,2024-11,0.22
ORD-13359,2024-09-28,2024-09-30,Aditya Das,Small Business,South,Clothing,Jeans,5,0.0,3645.0,911.25,Same Day,2,2024-09,0.25
ORD-13360,2025-11-17,2025-11-18,Sneha Reddy,Corporate,North,Electronics,Laptop,1,0.2,30189.6,1207.58,Standard,1,2025-11,0.04
ORD-13361,2024-11-24,2024-11-26,Neha Reddy,Consumer,South,Beauty,Makeup Kit,4,0.05,3735.4,747.08,Express,2,2024-11,0.2
ORD-13362,2025-06-08,2025-06-10,Zara Mehta,Small Business,South,Beauty,Skincare Kit,1,0.0,2400.0,528.0,Standard,2,2025-06,0.22
ORD-13363,2025-10-24,2025-10-30,Zara Patel,Small Business,South,Clothing,Sneakers,1,0.0,1702.0,425.5,Standard,6,2025-10,0.25
ORD-13364,2024-12-18,2024-12-25,Aarav Reddy,Corporate,West,Furniture,Bookshelf,3,0.05,55329.9,8852.78,Standard,7,2024-12,0.16
ORD-13365,2024-05-14,2024-05-16,Aditya Malhotra,Small Business,South,Groceries,Beverages,3,0.2,1941.6,0.0,Standard,2,2024-05,0.0
ORD-13366,2025-06-11,2025-06-15,Diya Singh,Consumer,Central,Groceries,Dairy Pack,4,0.05,2401.6,144.1,Standard,4,2025-06,0.06
ORD-13367,2024-06-13,2024-06-15,Aditya Nair,Corporate,South,Electronics,Laptop,5,0.0,276055.0,33126.6,Standard,2,2024-06,0.12
ORD-13368,2024-03-04,2024-03-06,Vivaan Singh,Consumer,East,Beauty,Hair Dryer,4,0.0,9356.0,2058.32,Standard,2,2024-03,0.22
ORD-13369,2025-12-08,2025-12-10,Sneha Iyer,Small Business,East,Groceries,Snacks Combo,3,0.1,939.6,37.58,Standard,2,2025-12,0.04
ORD-13370,2024-04-22,2024-04-26,Vihaan Mehta,Consumer,East,Clothing,Jacket,1,0.05,1897.15,436.34,Standard,4,2024-04,0.23
ORD-13371,2025-03-30,2025-04-06,Diya Verma,Small Business,North,Groceries,Snacks Combo,2,0.0,1406.0,112.48,Express,7,2025-03,0.08
ORD-13372,2024-03-03,2024-03-05,Saanvi Khan,Small Business,North,Groceries,Dairy Pack,3,0.05,299.25,17.96,Standard,2,2024-03,0.06
ORD-13373,2024-10-21,2024-10-22,Kavya Kapoor,Small Business,West,Electronics,Headphones,3,0.15,123325.65,7399.54,Same Day,1,2024-10,0.06
ORD-13374,2024-01-15,2024-01-20,Rahul Chatterjee,Consumer,North,Electronics,Tablet,4,0.05,159892.6,15989.26,Express,5,2024-01,0.1
ORD-13375,2024-03-15,2024-03-19,Aarav Das,Consumer,North,Furniture,Study Table,5,0.0,80005.0,14400.9,Standard,4,2024-03,0.18
ORD-13376,2024-02-28,2024-03-06,Ishaan Iyer,Consumer,Central,Groceries,Beverages,5,0.05,1306.25,78.38,Express,7,2024-02,0.06
ORD-13377,2025-05-27,2025-05-30,Vivaan Kapoor,Consumer,West,Groceries,Rice Pack,3,0.2,384.0,-0.0,Standard,3,2025-05,-0.0
ORD-13378,2025-10-16,2025-10-21,Diya Nair,Corporate,Central,Furniture,Bed Frame,2,0.1,28639.8,4009.57,Standard,5,2025-10,0.14
ORD-13379,2025-07-28,2025-08-04,Kabir Kapoor,Small Business,East,Furniture,Sofa,1,0.15,15263.45,1831.61,Express,7,2025-07,0.12
ORD-13380,2024-12-01,2024-12-03,Zara Singh,Consumer,North,Furniture,Study Table,3,0.15,58581.15,7029.74,Same Day,2,2024-12,0.12
ORD-13381,2025-12-25,2025-12-29,Kabir Kapoor,Consumer,East,Furniture,Office Chair,1,0.05,12196.1,1951.38,Standard,4,2025-12,0.16
ORD-13382,2025-01-11,2025-01-14,Sneha Rao,Consumer,West,Groceries,Dairy Pack,2,0.05,851.2,51.07,Same Day,3,2025-01,0.06
ORD-13383,2025-10-17,2025-10-20,Arjun Reddy,Corporate,South,Electronics,Tablet,1,0.0,2262.0,271.44,Standard,3,2025-10,0.12
ORD-13384,2024-08-01,2024-08-03,Tanvi Verma,Consumer,East,Furniture,Study Table,4,0.0,70992.0,12778.56,Standard,2,2024-08,0.18
ORD-13385,2025-01-17,2025-01-22,Rahul Malhotra,Consumer,North,Electronics,Laptop,1,0.0,53263.0,6391.56,Express,5,2025-01,0.12
ORD-13386,2025-12-04,2025-12-07,Kabir Sharma,Small Business,South,Clothing,Jeans,3,0.1,5478.3,1150.44,Standard,3,2025-12,0.21
ORD-13387,2024-11-02,2024-11-03,Om Nair,Corporate,North,Furniture,Bed Frame,5,0.0,58710.0,10567.8,Standard,1,2024-11,0.18
ORD-13388,2024-02-04,2024-02-10,Saanvi Das,Consumer,East,Groceries,Dairy Pack,1,0.0,307.0,24.56,Standard,6,2024-02,0.08
ORD-13389,2025-07-24,2025-07-31,Om Patel,Small Business,East,Groceries,Rice Pack,1,0.05,162.45,9.75,Standard,7,2025-07,0.06
ORD-13390,2024-09-29,2024-10-01,Aarav Khan,Corporate,South,Clothing,Jeans,2,0.1,4253.4,893.21,Standard,2,2024-09,0.21
ORD-13391,2025-01-11,2025-01-16,Tanvi Rao,Small Business,South,Furniture,Bookshelf,3,0.15,54190.05,6502.81,Standard,5,2025-01,0.12
ORD-13392,2024-03-07,2024-03-09,Priya Kapoor,Small Business,East,Clothing,Jeans,5,0.05,3120.75,717.77,Standard,2,2024-03,0.23
ORD-13393,2024-06-02,2024-06-05,Tanvi Joshi,Small Business,North,Furniture,Study Table,5,0.0,116965.0,21053.7,Standard,3,2024-06,0.18
ORD-13394,2025-07-25,2025-07-31,Neha Iyer,Small Business,South,Beauty,Makeup Kit,2,0.05,577.6,115.52,Standard,6,2025-07,0.2
ORD-13395,2025-11-03,2025-11-10,Vihaan Gupta,Consumer,North,Beauty,Hair Dryer,5,0.0,8840.0,1944.8,Express,7,2025-11,0.22
ORD-13396,2025-07-23,2025-07-26,Vivaan Rao,Corporate,South,Furniture,Office Chair,5,0.1,64728.0,9061.92,Express,3,2025-07,0.14
ORD-13397,2025-09-24,2025-09-29,Kavya Chatterjee,Consumer,West,Electronics,Tablet,5,0.1,264559.5,21164.76,Standard,5,2025-09,0.08
ORD-13398,2025-07-19,2025-07-23,Priya Singh,Consumer,Central,Furniture,Bed Frame,2,0.05,3902.6,624.42,Standard,4,2025-07,0.16
ORD-13399,2024-08-04,2024-08-06,Ananya Reddy,Corporate,East,Electronics,Headphones,4,0.2,115113.6,4604.54,Standard,2,2024-08,0.04
ORD-13400,2025-09-25,2025-09-28,Saanvi Sharma,Consumer,West,Groceries,Rice Pack,1,0.15,1084.6,21.69,Express,3,2025-09,0.02
ORD-13401,2025-07-17,2025-07-21,Kavya Kapoor,Consumer,West,Electronics,Smartphone,4,0.0,33076.0,3969.12,Standard,4,2025-07,0.12
ORD-13402,2025-07-10,2025-07-13,Vivaan Verma,Consumer,North,Furniture,Sofa,2,0.05,45106.0,7216.96,Express,3,2025-07,0.16
ORD-13403,2025-02-26,2025-02-28,Neha Sharma,Consumer,East,Electronics,Smartphone,5,0.05,178324.5,17832.45,Standard,2,2025-02,0.1
ORD-13404,2024-12-31,2025-01-07,Aarav Nair,Small Business,East,Electronics,Tablet,1,0.0,37125.0,4455.0,Same Day,7,2024-12,0.12
ORD-13405,2024-03-21,2024-03-26,Saanvi Joshi,Consumer,Central,Groceries,Beverages,4,0.15,1373.6,27.47,Express,5,2024-03,0.02
ORD-13406,2025-08-25,2025-08-29,Ishaan Patel,Consumer,South,Groceries,Cooking Oil,1,0.0,352.0,28.16,Standard,4,2025-08,0.08
ORD-13407,2025-09-05,2025-09-09,Meera Malhotra,Consumer,Central,Beauty,Trimmer,4,0.1,3830.4,689.47,Standard,4,2025-09,0.18
ORD-13408,2024-08-21,2024-08-23,Arjun Nair,Consumer,East,Clothing,T-Shirt,2,0.05,3991.9,918.14,Express,2,2024-08,0.23
ORD-13409,2025-12-05,2025-12-09,Diya Kapoor,Small Business,North,Electronics,Smartphone,2,0.2,52520.0,2100.8,Same Day,4,2025-12,0.04
ORD-13410,2025-07-27,2025-07-30,Rohan Singh,Small Business,Central,Electronics,Tablet,2,0.1,35245.8,2819.66,Same Day,3,2025-07,0.08
ORD-13411,2024-02-15,2024-02-22,Kabir Verma,Corporate,West,Groceries,Beverages,2,0.0,2482.0,198.56,Express,7,2024-02,0.08
ORD-13412,2025-05-15,2025-05-17,Vivaan Singh,Consumer,East,Beauty,Trimmer,2,0.1,1814.4,326.59,Standard,2,2025-05,0.18
ORD-13413,2024-01-12,2024-01-13,Arjun Joshi,Corporate,East,Furniture,Sofa,2,0.05,46183.3,7389.33,Express,1,2024-01,0.16
ORD-13414,2025-02-27,2025-03-01,Diya Joshi,Corporate,Central,Groceries,Snacks Combo,4,0.2,780.8,0.0,Express,2,2025-02,0.0
ORD-13415,2025-09-24,2025-09-27,Saanvi Chatterjee,Small Business,North,Groceries,Dairy Pack,1,0.05,149.15,8.95,Standard,3,2025-09,0.06
ORD-13416,2024-08-27,2024-09-01,Vivaan Chatterjee,Small Business,East,Furniture,Bookshelf,2,0.0,7508.0,1351.44,Standard,5,2024-08,0.18
ORD-13417,2024-09-24,2024-09-28,Aditya Gupta,Small Business,West,Furniture,Sofa,5,0.0,77670.0,13980.6,Standard,4,2024-09,0.18
ORD-13418,2024-11-14,2024-11-21,Vihaan Singh,Small Business,South,Groceries,Beverages,2,0.0,352.0,28.16,Standard,7,2024-11,0.08
ORD-13419,2025-02-22,2025-03-01,Priya Rao,Corporate,South,Beauty,Hair Dryer,3,0.05,6740.25,1348.05,Express,7,2025-02,0.2
ORD-13420,2024-09-15,2024-09-18,Kavya Kapoor,Consumer,Central,Beauty,Hair Dryer,5,0.15,5720.5,915.28,Standard,3,2024-09,0.16
ORD-13421,2024-06-07,2024-06-08,Vivaan Rao,Consumer,West,Electronics,Headphones,3,0.05,46657.35,4665.73,Same Day,1,2024-06,0.1
ORD-13422,2024-03-16,2024-03-20,Zara Joshi,Consumer,East,Clothing,Jeans,2,0.25,1974.0,296.1,Standard,4,2024-03,0.15
ORD-13423,2025-12-03,2025-12-09,Priya Chatterjee,Consumer,Central,Beauty,Makeup Kit,1,0.2,2321.6,325.02,Standard,6,2025-12,0.14
ORD-13424,2024-11-20,2024-11-24,Rohan Nair,Consumer,Central,Groceries,Snacks Combo,3,0.05,1886.7,113.2,Standard,4,2024-11,0.06
ORD-13425,2024-04-21,2024-04-24,Zara Das,Consumer,Central,Furniture,Sofa,2,0.15,34527.0,4143.24,Standard,3,2024-04,0.12
ORD-13426,2024-12-27,2024-12-31,Meera Das,Corporate,East,Groceries,Cooking Oil,5,0.15,4479.5,89.59,Standard,4,2024-12,0.02
ORD-13427,2025-05-02,2025-05-05,Meera Malhotra,Small Business,North,Beauty,Perfume,4,0.15,9071.2,1451.39,Standard,3,2025-05,0.16
ORD-13428,2024-11-26,2024-12-03,Priya Iyer,Consumer,North,Electronics,Tablet,5,0.1,228424.5,18273.96,Express,7,2024-11,0.08
ORD-13429,2024-06-19,2024-06-26,Saanvi Sharma,Consumer,Central,Electronics,Tablet,2,0.0,71582.0,8589.84,Standard,7,2024-06,0.12
ORD-13430,2024-07-11,2024-07-14,Aditya Rao,Corporate,East,Beauty,Skincare Kit,4,0.15,2628.2,420.51,Standard,3,2024-07,0.16
ORD-13431,2024-10-01,2024-10-05,Meera Kapoor,Corporate,West,Electronics,Headphones,3,0.05,146413.05,14641.3,Standard,4,2024-10,0.1
ORD-13432,2025-10-26,2025-10-31,Meera Chatterjee,Small Business,Central,Electronics,Smartphone,4,0.05,180055.4,18005.54,Standard,5,2025-10,0.1
ORD-13433,2025-11-21,2025-11-25,Diya Chatterjee,Consumer,Central,Furniture,Bed Frame,2,0.05,21128.0,3380.48,Standard,4,2025-11,0.16
ORD-13434,2025-07-17,2025-07-20,Zara Nair,Corporate,West,Groceries,Snacks Combo,5,0.0,6385.0,510.8,Express,3,2025-07,0.08
ORD-13435,2024-04-28,2024-05-05,Vivaan Khan,Consumer,South,Electronics,Laptop,2,0.2,32054.4,1282.18,Same Day,7,2024-04,0.04
ORD-13436,2025-05-03,2025-05-08,Sneha Kapoor,Consumer,West,Clothing,Sneakers,5,0.1,15300.0,3213.0,Standard,5,2025-05,0.21
ORD-13437,2024-06-01,2024-06-08,Rahul Iyer,Consumer,South,Furniture,Office Chair,3,0.1,12052.8,1687.39,Standard,7,2024-06,0.14
ORD-13438,2024-01-04,2024-01-08,Rohan Chatterjee,Consumer,North,Clothing,Formal Shirt,3,0.1,10349.1,2173.31,Standard,4,2024-01,0.21
ORD-13439,2024-12-02,2024-12-05,Neha Joshi,Consumer,Central,Clothing,Sneakers,3,0.0,2898.0,724.5,Standard,3,2024-12,0.25
ORD-13440,2024-01-19,2024-01-26,Ananya Verma,Corporate,North,Groceries,Snacks Combo,5,0.0,5565.0,445.2,Standard,7,2024-01,0.08
ORD-13441,2025-08-27,2025-09-01,Neha Nair,Small Business,East,Electronics,Tablet,1,0.0,52222.0,6266.64,Standard,5,2025-08,0.12
ORD-13442,2025-11-23,2025-11-29,Kavya Mehta,Corporate,Central,Furniture,Bed Frame,2,0.0,5838.0,1050.84,Express,6,2025-11,0.18
ORD-13443,2025-04-11,2025-04-18,Vihaan Joshi,Small Business,West,Beauty,Perfume,1,0.0,508.0,111.76,Standard,7,2025-04,0.22
ORD-13444,2024-02-28,2024-03-05,Rahul Nair,Consumer,East,Clothing,Jacket,4,0.0,12784.0,3196.0,Standard,6,2024-02,0.25
ORD-13445,2024-12-29,2024-12-31,Rahul Sharma,Consumer,East,Furniture,Bookshelf,3,0.0,65616.0,11810.88,Standard,2,2024-12,0.18
ORD-13446,2024-09-16,2024-09-19,Aditya Iyer,Consumer,South,Beauty,Skincare Kit,5,0.0,9895.0,2176.9,Express,3,2024-09,0.22
ORD-13447,2025-12-04,2025-12-10,Rahul Kapoor,Consumer,Central,Clothing,Sneakers,1,0.1,3210.3,674.16,Standard,6,2025-12,0.21
ORD-13448,2024-11-18,2024-11-19,Meera Gupta,Corporate,South,Beauty,Makeup Kit,1,0.0,2616.0,575.52,Express,1,2024-11,0.22
ORD-13449,2025-07-07,2025-07-12,Saanvi Sharma,Consumer,East,Groceries,Dairy Pack,4,0.0,5320.0,425.6,Express,5,2025-07,0.08
ORD-13450,2025-01-07,2025-01-10,Sneha Khan,Small Business,West,Electronics,Tablet,5,0.15,148626.75,8917.6,Express,3,2025-01,0.06
ORD-13451,2024-10-08,2024-10-09,Ananya Reddy,Consumer,Central,Furniture,Office Chair,2,0.15,3432.3,411.88,Express,1,2024-10,0.12
ORD-13452,2024-09-20,2024-09-26,Ananya Malhotra,Corporate,West,Groceries,Rice Pack,4,0.05,2033.0,121.98,Standard,6,2024-09,0.06
ORD-13453,2024-07-02,2024-07-04,Rahul Iyer,Consumer,South,Groceries,Cooking Oil,5,0.15,3191.75,63.84,Standard,2,2024-07,0.02
ORD-13454,2024-05-22,2024-05-25,Ishaan Kapoor,Consumer,East,Electronics,Headphones,5,0.05,173313.25,17331.32,Express,3,2024-05,0.1
ORD-13455,2024-06-27,2024-07-04,Meera Joshi,Consumer,Central,Clothing,T-Shirt,2,0.25,1495.5,224.32,Express,7,2024-06,0.15
ORD-13456,2024-08-06,2024-08-07,Zara Reddy,Corporate,Central,Groceries,Beverages,2,0.15,1650.7,33.01,Express,1,2024-08,0.02
ORD-13457,2025-08-29,2025-08-30,Ananya Singh,Consumer,West,Beauty,Skincare Kit,3,0.2,3710.4,519.46,Express,1,2025-08,0.14
ORD-13458,2025-08-27,2025-08-28,Aarav Nair,Corporate,West,Electronics,Smartwatch,1,0.2,33856.0,1354.24,Same Day,1,2025-08,0.04
ORD-13459,2025-10-13,2025-10-17,Saanvi Kapoor,Consumer,North,Furniture,Bed Frame,1,0.05,11912.05,1905.93,Standard,4,2025-10,0.16
ORD-13460,2025-10-05,2025-10-10,Saanvi Gupta,Consumer,South,Clothing,T-Shirt,2,0.15,1601.4,304.27,Express,5,2025-10,0.19
ORD-13461,2025-02-03,2025-02-06,Aarav Reddy,Consumer,West,Furniture,Sofa,5,0.1,97722.0,13681.08,Standard,3,2025-02,0.14
ORD-13462,2024-12-26,2024-12-29,Aditya Joshi,Corporate,North,Clothing,Sneakers,4,0.0,6372.0,1593.0,Express,3,2024-12,0.25
ORD-13463,2025-11-20,2025-11-24,Neha Reddy,Consumer,East,Clothing,Jacket,5,0.2,1652.0,280.84,Express,4,2025-11,0.17
ORD-13464,2025-12-04,2025-12-07,Diya Gupta,Small Business,South,Clothing,Sneakers,4,0.05,9348.0,2150.04,Standard,3,2025-12,0.23
ORD-13465,2024-10-30,2024-11-02,Tanvi Singh,Corporate,North,Furniture,Bookshelf,5,0.1,105277.5,14738.85,Standard,3,2024-10,0.14
ORD-13466,2025-02-18,2025-02-25,Kabir Das,Consumer,Central,Clothing,T-Shirt,5,0.1,14625.0,3071.25,Same Day,7,2025-02,0.21
ORD-13467,2024-04-26,2024-05-02,Vihaan Joshi,Consumer,South,Electronics,Smartwatch,4,0.0,19292.0,2315.04,Standard,6,2024-04,0.12
ORD-13468,2025-06-08,2025-06-14,Ishaan Das,Corporate,West,Groceries,Dairy Pack,3,0.05,3913.05,234.78,Standard,6,2025-06,0.06
ORD-13469,2025-08-26,2025-09-02,Ananya Das,Consumer,Central,Furniture,Bed Frame,1,0.0,16101.0,2898.18,Express,7,2025-08,0.18
ORD-13470,2025-11-15,2025-11-19,Rahul Nair,Corporate,Central,Beauty,Trimmer,1,0.0,2762.0,607.64,Standard,4,2025-11,0.22
ORD-13471,2025-07-08,2025-07-13,Diya Joshi,Consumer,East,Beauty,Makeup Kit,3,0.05,2314.2,462.84,Standard,5,2025-07,0.2
ORD-13472,2025-05-16,2025-05-22,Zara Singh,Consumer,West,Electronics,Laptop,4,0.2,87923.2,3516.93,Express,6,2025-05,0.04
ORD-13473,2024-04-08,2024-04-11,Aditya Mehta,Small Business,North,Clothing,Jacket,5,0.0,3015.0,753.75,Standard,3,2024-04,0.25
ORD-13474,2024-09-08,2024-09-11,Rahul Patel,Corporate,West,Beauty,Makeup Kit,5,0.0,11460.0,2521.2,Standard,3,2024-09,0.22
ORD-13475,2025-07-24,2025-07-30,Sneha Mehta,Consumer,North,Electronics,Laptop,4,0.0,186392.0,22367.04,Standard,6,2025-07,0.12
ORD-13476,2024-08-27,2024-09-03,Arjun Das,Consumer,West,Furniture,Office Chair,1,0.1,18068.4,2529.58,Standard,7,2024-08,0.14
ORD-13477,2025-12-09,2025-12-11,Om Khan,Consumer,East,Beauty,Hair Dryer,3,0.05,6560.7,1312.14,Standard,2,2025-12,0.2
ORD-13478,2025-05-05,2025-05-10,Ishaan Nair,Small Business,South,Groceries,Dairy Pack,1,0.0,355.0,28.4,Standard,5,2025-05,0.08
ORD-13479,2025-11-12,2025-11-13,Aarav Mehta,Corporate,East,Beauty,Makeup Kit,2,0.15,3833.5,613.36,Express,1,2025-11,0.16
ORD-13480,2024-09-12,2024-09-16,Kabir Iyer,Consumer,South,Beauty,Trimmer,1,0.05,669.75,133.95,Same Day,4,2024-09,0.2
ORD-13481,2025-09-27,2025-10-01,Ananya Malhotra,Consumer,West,Beauty,Makeup Kit,2,0.25,3240.0,388.8,Standard,4,2025-09,0.12
ORD-13482,2025-08-10,2025-08-15,Zara Das,Consumer,West,Furniture,Bed Frame,1,0.0,9130.0,1643.4,Express,5,2025-08,0.18
ORD-13483,2024-01-11,2024-01-17,Tanvi Reddy,Consumer,East,Clothing,Jeans,2,0.0,6944.0,1736.0,Same Day,6,2024-01,0.25
ORD-13484,2024-04-17,2024-04-21,Aditya Khan,Corporate,East,Clothing,Jacket,3,0.0,10728.0,2682.0,Same Day,4,2024-04,0.25
ORD-13485,2024-07-30,2024-08-04,Diya Iyer,Consumer,East,Electronics,Headphones,2,0.15,73171.4,4390.28,Standard,5,2024-07,0.06
ORD-13486,2025-06-18,2025-06-20,Saanvi Chatterjee,Corporate,West,Electronics,Laptop,2,0.1,11998.8,959.9,Same Day,2,2025-06,0.08
ORD-13487,2025-05-18,2025-05-22,Aarav Khan,Small Business,East,Clothing,Sneakers,1,0.0,2953.0,738.25,Standard,4,2025-05,0.25
ORD-13488,2024-09-28,2024-09-29,Sneha Sharma,Small Business,Central,Clothing,Sneakers,3,0.05,3240.45,745.3,Standard,1,2024-09,0.23
ORD-13489,2024-04-10,2024-04-17,Vivaan Das,Consumer,East,Clothing,Jeans,5,0.0,8865.0,2216.25,Express,7,2024-04,0.25
ORD-13490,2025-03-15,2025-03-21,Priya Sharma,Consumer,South,Clothing,Formal Shirt,1,0.0,2399.0,599.75,Standard,6,2025-03,0.25
ORD-13491,2025-03-31,2025-04-05,Kabir Das,Small Business,West,Clothing,Sneakers,4,0.0,5456.0,1364.0,Express,5,2025-03,0.25
ORD-13492,2024-10-26,2024-10-27,Om Rao,Corporate,South,Electronics,Tablet,4,0.0,206792.0,24815.04,Standard,1,2024-10,0.12
ORD-13493,2025-09-26,2025-10-02,Priya Iyer,Small Business,East,Clothing,Formal Shirt,5,0.05,18962.0,4361.26,Express,6,2025-09,0.23
ORD-13494,2025-04-10,2025-04-13,Rahul Patel,Corporate,East,Furniture,Study Table,4,0.15,39596.4,4751.57,Standard,3,2025-04,0.12
ORD-13495,2024-08-29,2024-09-01,Diya Iyer,Small Business,West,Furniture,Study Table,4,0.0,12516.0,2252.88,Standard,3,2024-08,0.18
ORD-13496,2025-05-21,2025-05-24,Kavya Gupta,Corporate,West,Beauty,Perfume,5,0.1,9346.5,1682.37,Express,3,2025-05,0.18
ORD-13497,2024-12-31,2025-01-04,Tanvi Sharma,Consumer,North,Electronics,Headphones,3,0.1,124680.6,9974.45,Same Day,4,2024-12,0.08
ORD-13498,2024-09-11,2024-09-17,Zara Gupta,Consumer,Central,Groceries,Cooking Oil,5,0.1,2560.5,102.42,Standard,6,2024-09,0.04
ORD-13499,2025-03-07,2025-03-13,Meera Reddy,Consumer,North,Electronics,Smartphone,3,0.05,107222.7,10722.27,Standard,6,2025-03,0.1
ORD-13500,2025-04-18,2025-04-23,Om Malhotra,Small Business,East,Beauty,Perfume,1,0.05,1696.7,339.34,Standard,5,2025-04,0.2
ORD-13501,2024-02-12,2024-02-14,Rahul Khan,Consumer,North,Furniture,Bookshelf,2,0.05,35596.5,5695.44,Standard,2,2024-02,0.16
ORD-13502,2024-01-25,2024-01-26,Rohan Singh,Corporate,Central,Furniture,Sofa,5,0.0,53980.0,9716.4,Standard,1,2024-01,0.18
ORD-13503,2024-07-02,2024-07-05,Zara Rao,Consumer,North,Clothing,T-Shirt,4,0.0,1924.0,481.0,Same Day,3,2024-07,0.25
ORD-13504,2024-05-16,2024-05-23,Ishaan Sharma,Small Business,North,Beauty,Perfume,5,0.15,3179.0,508.64,Express,7,2024-05,0.16
ORD-13505,2025-08-20,2025-08-25,Saanvi Gupta,Corporate,South,Electronics,Laptop,2,0.0,14768.0,1772.16,Standard,5,2025-08,0.12
ORD-13506,2024-04-20,2024-04-26,Meera Khan,Corporate,North,Beauty,Makeup Kit,2,0.0,2564.0,564.08,Standard,6,2024-04,0.22
ORD-13507,2025-01-18,2025-01-22,Kavya Iyer,Corporate,North,Electronics,Smartwatch,4,0.05,72374.8,7237.48,Standard,4,2025-01,0.1
ORD-13508,2024-11-21,2024-11-27,Om Chatterjee,Consumer,South,Groceries,Snacks Combo,4,0.0,4324.0,345.92,Express,6,2024-11,0.08
ORD-13509,2025-10-23,2025-10-26,Ananya Reddy,Consumer,East,Clothing,T-Shirt,3,0.1,4066.2,853.9,Standard,3,2025-10,0.21
ORD-13510,2025-03-19,2025-03-24,Ishaan Patel,Corporate,North,Beauty,Trimmer,2,0.15,4906.2,784.99,Express,5,2025-03,0.16
ORD-13511,2024-06-15,2024-06-21,Meera Joshi,Corporate,West,Clothing,Sneakers,3,0.0,9102.0,2275.5,Express,6,2024-06,0.25
ORD-13512,2024-11-08,2024-11-10,Saanvi Nair,Consumer,West,Clothing,Jeans,4,0.1,12049.2,2530.33,Express,2,2024-11,0.21
ORD-13513,2024-08-09,2024-08-15,Ishaan Mehta,Corporate,South,Beauty,Perfume,1,0.0,209.0,45.98,Standard,6,2024-08,0.22
ORD-13514,2024-08-29,2024-08-31,Aarav Verma,Small Business,East,Furniture,Office Chair,3,0.0,18522.0,3333.96,Standard,2,2024-08,0.18
ORD-13515,2024-05-09,2024-05-14,Arjun Mehta,Corporate,North,Electronics,Laptop,1,0.0,52291.0,6274.92,Standard,5,2024-05,0.12
ORD-13516,2024-11-24,2024-11-29,Ananya Reddy,Corporate,West,Groceries,Cooking Oil,1,0.0,1311.0,104.88,Express,5,2024-11,0.08
ORD-13517,2024-03-07,2024-03-11,Kabir Verma,Consumer,North,Electronics,Headphones,2,0.05,28872.4,2887.24,Express,4,2024-03,0.1
ORD-13518,2024-07-29,2024-08-05,Zara Iyer,Small Business,East,Clothing,T-Shirt,1,0.0,1367.0,341.75,Express,7,2024-07,0.25
ORD-13519,2025-09-13,2025-09-15,Tanvi Malhotra,Consumer,West,Beauty,Trimmer,1,0.05,2570.7,514.14,Standard,2,2025-09,0.2
ORD-13520,2024-11-28,2024-11-30,Sneha Gupta,Consumer,North,Clothing,Jeans,5,0.25,7800.0,1170.0,Standard,2,2024-11,0.15
ORD-13521,2025-03-03,2025-03-05,Rohan Gupta,Corporate,East,Furniture,Office Chair,2,0.0,38638.0,6954.84,Standard,2,2025-03,0.18
ORD-13522,2024-08-12,2024-08-19,Diya Sharma,Consumer,North,Electronics,Laptop,5,0.0,249895.0,29987.4,Standard,7,2024-08,0.12
ORD-13523,2025-10-25,2025-11-01,Arjun Das,Small Business,West,Furniture,Bed Frame,5,0.0,88355.0,15903.9,Same Day,7,2025-10,0.18
ORD-13524,2025-02-21,2025-02-23,Rohan Verma,Corporate,North,Clothing,Jeans,2,0.15,4481.2,851.43,Standard,2,2025-02,0.19
ORD-13525,2024-07-26,2024-07-27,Neha Chatterjee,Small Business,South,Electronics,Tablet,5,0.1,230139.0,18411.12,Express,1,2024-07,0.08
ORD-13526,2024-09-01,2024-09-05,Diya Patel,Consumer,Central,Electronics,Smartphone,1,0.2,1748.0,69.92,Same Day,4,2024-09,0.04
ORD-13527,2025-08-31,2025-09-02,Kabir Chatterjee,Corporate,East,Furniture,Study Table,2,0.05,4658.8,745.41,Express,2,2025-08,0.16
ORD-13528,2025-06-09,2025-06-12,Priya Sharma,Corporate,South,Groceries,Cooking Oil,3,0.1,2608.2,104.33,Express,3,2025-06,0.04
ORD-13529,2025-02-06,2025-02-11,Ishaan Sharma,Small Business,South,Clothing,Sneakers,2,0.1,3814.2,800.98,Express,5,2025-02,0.21
ORD-13530,2024-04-15,2024-04-16,Rohan Malhotra,Consumer,East,Groceries,Rice Pack,3,0.0,1230.0,98.4,Standard,1,2024-04,0.08
ORD-13531,2025-10-10,2025-10-12,Sneha Chatterjee,Consumer,Central,Furniture,Office Chair,3,0.15,50104.95,6012.59,Standard,2,2025-10,0.12
ORD-13532,2025-08-11,2025-08-16,Zara Singh,Consumer,North,Furniture,Bookshelf,1,0.0,19129.0,3443.22,Express,5,2025-08,0.18
ORD-13533,2024-05-03,2024-05-04,Ananya Malhotra,Consumer,Central,Electronics,Smartphone,1,0.2,29872.0,1194.88,Express,1,2024-05,0.04
ORD-13534,2024-09-05,2024-09-08,Ishaan Das,Corporate,North,Groceries,Cooking Oil,1,0.25,482.25,-9.65,Standard,3,2024-09,-0.02
ORD-13535,2024-09-24,2024-09-30,Priya Nair,Consumer,Central,Groceries,Cooking Oil,2,0.2,590.4,0.0,Same Day,6,2024-09,0.0
ORD-13536,2025-06-20,2025-06-23,Kabir Patel,Small Business,West,Electronics,Laptop,1,0.15,28857.5,1731.45,Express,3,2025-06,0.06
ORD-13537,2024-03-22,2024-03-27,Kabir Kapoor,Consumer,South,Clothing,Jeans,1,0.0,1932.0,483.0,Standard,5,2024-03,0.25
ORD-13538,2025-05-12,2025-05-18,Tanvi Iyer,Consumer,North,Furniture,Bed Frame,3,0.0,41724.0,7510.32,Standard,6,2025-05,0.18
ORD-13539,2025-11-04,2025-11-08,Vihaan Malhotra,Consumer,South,Furniture,Sofa,1,0.0,22845.0,4112.1,Express,4,2025-11,0.18
ORD-13540,2024-04-02,2024-04-05,Priya Chatterjee,Small Business,South,Groceries,Snacks Combo,1,0.25,308.25,-6.17,Same Day,3,2024-04,-0.02
ORD-13541,2025-11-12,2025-11-17,Diya Joshi,Small Business,North,Groceries,Snacks Combo,2,0.1,1756.8,70.27,Same Day,5,2025-11,0.04
ORD-13542,2025-03-04,2025-03-07,Sneha Chatterjee,Consumer,West,Clothing,Formal Shirt,2,0.2,3252.8,552.98,Standard,3,2025-03,0.17
ORD-13543,2024-12-15,2024-12-19,Om Mehta,Consumer,East,Furniture,Bed Frame,3,0.0,62880.0,11318.4,Standard,4,2024-12,0.18
ORD-13544,2024-11-10,2024-11-15,Sneha Khan,Consumer,South,Electronics,Headphones,2,0.25,22734.0,454.68,Standard,5,2024-11,0.02
ORD-13545,2025-04-29,2025-05-02,Ishaan Rao,Consumer,South,Clothing,Formal Shirt,2,0.05,4379.5,1007.28,Same Day,3,2025-04,0.23
ORD-13546,2025-06-01,2025-06-02,Vihaan Sharma,Corporate,East,Groceries,Beverages,3,0.0,1401.0,112.08,Standard,1,2025-06,0.08
ORD-13547,2024-05-29,2024-06-01,Rahul Malhotra,Consumer,South,Electronics,Smartphone,3,0.1,56025.0,4482.0,Express,3,2024-05,0.08
ORD-13548,2024-09-13,2024-09-18,Vihaan Joshi,Consumer,East,Clothing,Jeans,4,0.0,8004.0,2001.0,Standard,5,2024-09,0.25
ORD-13549,2025-06-07,2025-06-11,Diya Patel,Consumer,East,Groceries,Rice Pack,3,0.0,435.0,34.8,Standard,4,2025-06,0.08
ORD-13550,2024-02-02,2024-02-06,Saanvi Gupta,Consumer,East,Clothing,Jacket,5,0.05,4203.75,966.86,Same Day,4,2024-02,0.23
ORD-13551,2025-08-01,2025-08-03,Kavya Iyer,Consumer,West,Clothing,Sneakers,5,0.0,12490.0,3122.5,Standard,2,2025-08,0.25
ORD-13552,2024-04-11,2024-04-14,Zara Mehta,Consumer,North,Clothing,Sneakers,4,0.15,2798.2,531.66,Standard,3,2024-04,0.19
ORD-13553,2025-03-15,2025-03-22,Meera Mehta,Consumer,North,Beauty,Trimmer,1,0.15,1030.2,164.83,Standard,7,2025-03,0.16
ORD-13554,2024-10-26,2024-11-01,Zara Patel,Consumer,North,Groceries,Cooking Oil,3,0.2,1795.2,0.0,Same Day,6,2024-10,0.0
ORD-13555,2024-01-21,2024-01-24,Zara Joshi,Consumer,East,Electronics,Tablet,5,0.0,216375.0,25965.0,Standard,3,2024-01,0.12
ORD-13556,2024-03-12,2024-03-14,Priya Verma,Consumer,Central,Groceries,Snacks Combo,4,0.05,4157.2,249.43,Standard,2,2024-03,0.06
ORD-13557,2024-03-26,2024-04-01,Sneha Nair,Corporate,North,Clothing,Jeans,2,0.05,6598.7,1517.7,Standard,6,2024-03,0.23
ORD-13558,2025-07-01,2025-07-08,Rahul Reddy,Small Business,North,Clothing,Jeans,3,0.0,7116.0,1779.0,Same Day,7,2025-07,0.25
ORD-13559,2024-03-07,2024-03-10,Saanvi Joshi,Consumer,East,Furniture,Sofa,3,0.05,20098.2,3215.71,Express,3,2024-03,0.16
ORD-13560,2025-01-03,2025-01-09,Om Singh,Consumer,Central,Groceries,Snacks Combo,2,0.1,1684.8,67.39,Express,6,2025-01,0.04
ORD-13561,2025-02-11,2025-02-18,Saanvi Gupta,Consumer,South,Electronics,Laptop,4,0.0,103764.0,12451.68,Standard,7,2025-02,0.12
ORD-13562,2025-01-10,2025-01-16,Aditya Khan,Consumer,South,Clothing,T-Shirt,5,0.15,14756.0,2803.64,Standard,6,2025-01,0.19
ORD-13563,2025-03-30,2025-03-31,Aditya Joshi,Corporate,South,Electronics,Laptop,2,0.05,80043.2,8004.32,Standard,1,2025-03,0.1
ORD-13564,2024-07-27,2024-07-31,Kavya Verma,Consumer,South,Furniture,Office Chair,3,0.0,21747.0,3914.46,Standard,4,2024-07,0.18
ORD-13565,2025-06-17,2025-06-18,Rahul Sharma,Consumer,South,Beauty,Perfume,2,0.2,2164.8,303.07,Express,1,2025-06,0.14
ORD-13566,2025-05-05,2025-05-09,Ananya Gupta,Consumer,South,Clothing,Sneakers,3,0.0,4593.0,1148.25,Standard,4,2025-05,0.25
ORD-13567,2025-11-10,2025-11-11,Aditya Sharma,Consumer,West,Furniture,Study Table,4,0.1,24706.8,3458.95,Express,1,2025-11,0.14
ORD-13568,2025-09-28,2025-09-29,Arjun Das,Consumer,Central,Groceries,Cooking Oil,5,0.05,5476.75,328.6,Express,1,2025-09,0.06
ORD-13569,2024-11-24,2024-12-01,Arjun Rao,Consumer,East,Groceries,Cooking Oil,5,0.05,3657.5,219.45,Express,7,2024-11,0.06
ORD-13570,2025-04-05,2025-04-08,Diya Kapoor,Small Business,West,Beauty,Makeup Kit,2,0.1,3546.0,638.28,Standard,3,2025-04,0.18
ORD-13571,2024-08-01,2024-08-02,Diya Rao,Small Business,North,Electronics,Laptop,4,0.05,225845.4,22584.54,Standard,1,2024-08,0.1
ORD-13572,2025-12-15,2025-12-20,Meera Nair,Corporate,West,Furniture,Bookshelf,2,0.0,37844.0,6811.92,Standard,5,2025-12,0.18
ORD-13573,2024-07-01,2024-07-06,Kavya Mehta,Consumer,East,Groceries,Dairy Pack,4,0.2,550.4,-0.0,Express,5,2024-07,-0.0
ORD-13574,2024-06-15,2024-06-16,Ananya Chatterjee,Consumer,West,Beauty,Perfume,3,0.2,5344.8,748.27,Standard,1,2024-06,0.14
ORD-13575,2025-04-11,2025-04-14,Zara Kapoor,Consumer,Central,Furniture,Office Chair,1,0.1,7586.1,1062.05,Express,3,2025-04,0.14
ORD-13576,2025-08-09,2025-08-11,Aditya Nair,Consumer,North,Furniture,Sofa,4,0.0,41204.0,7416.72,Standard,2,2025-08,0.18
ORD-13577,2025-06-09,2025-06-12,Ishaan Patel,Consumer,East,Furniture,Office Chair,3,0.0,63204.0,11376.72,Standard,3,2025-06,0.18
ORD-13578,2024-05-25,2024-05-29,Ananya Mehta,Consumer,East,Clothing,Jeans,1,0.1,1194.3,250.8,Standard,4,2024-05,0.21
ORD-13579,2024-06-18,2024-06-19,Saanvi Singh,Consumer,North,Electronics,Smartwatch,1,0.0,43525.0,5223.0,Standard,1,2024-06,0.12
ORD-13580,2024-10-25,2024-10-26,Zara Malhotra,Consumer,East,Beauty,Perfume,2,0.1,955.8,172.04,Express,1,2024-10,0.18
ORD-13581,2025-05-02,2025-05-06,Kavya Nair,Small Business,Central,Furniture,Bed Frame,1,0.0,6120.0,1101.6,Standard,4,2025-05,0.18
ORD-13582,2024-03-12,2024-03-17,Tanvi Verma,Consumer,North,Clothing,Jeans,2,0.0,1874.0,468.5,Standard,5,2024-03,0.25
ORD-13583,2024-02-23,2024-02-28,Ananya Khan,Small Business,East,Electronics,Laptop,4,0.05,129336.8,12933.68,Standard,5,2024-02,0.1
ORD-13584,2025-04-10,2025-04-14,Rahul Joshi,Consumer,West,Groceries,Rice Pack,5,0.1,5215.5,208.62,Standard,4,2025-04,0.04
ORD-13585,2024-11-04,2024-11-08,Meera Nair,Corporate,South,Electronics,Smartwatch,1,0.0,4074.0,488.88,Express,4,2024-11,0.12
ORD-13586,2025-06-13,2025-06-20,Aditya Das,Corporate,South,Electronics,Smartphone,5,0.05,105720.75,10572.08,Express,7,2025-06,0.1
ORD-13587,2025-04-17,2025-04-18,Kavya Singh,Consumer,West,Clothing,T-Shirt,3,0.05,3699.3,850.84,Standard,1,2025-04,0.23
ORD-13588,2025-04-14,2025-04-21,Tanvi Chatterjee,Corporate,South,Furniture,Office Chair,2,0.1,37776.6,5288.72,Express,7,2025-04,0.14
ORD-13589,2025-04-04,2025-04-05,Rahul Patel,Small Business,West,Beauty,Trimmer,4,0.2,2688.0,376.32,Same Day,1,2025-04,0.14
ORD-13590,2024-12-05,2024-12-11,Tanvi Nair,Consumer,North,Clothing,Jacket,1,0.2,2244.8,381.62,Express,6,2024-12,0.17
ORD-13591,2024-10-21,2024-10-22,Saanvi Malhotra,Corporate,North,Beauty,Hair Dryer,2,0.0,564.0,124.08,Express,1,2024-10,0.22
ORD-13592,2024-06-24,2024-06-29,Vihaan Nair,Small Business,South,Groceries,Cooking Oil,2,0.2,166.4,0.0,Standard,5,2024-06,0.0
ORD-13593,2025-08-23,2025-08-26,Kabir Chatterjee,Corporate,West,Beauty,Hair Dryer,4,0.0,5236.0,1151.92,Standard,3,2025-08,0.22
ORD-13594,2025-11-06,2025-11-07,Arjun Das,Consumer,East,Electronics,Smartphone,4,0.1,137826.0,11026.08,Standard,1,2025-11,0.08
ORD-13595,2025-05-13,2025-05-20,Ishaan Verma,Corporate,West,Electronics,Smartphone,3,0.25,78939.0,1578.78,Standard,7,2025-05,0.02
ORD-13596,2025-03-31,2025-04-04,Vivaan Khan,Consumer,West,Clothing,Formal Shirt,4,0.2,3836.8,652.26,Same Day,4,2025-03,0.17
ORD-13597,2025-04-01,2025-04-04,Priya Gupta,Consumer,East,Electronics,Smartwatch,3,0.0,65880.0,7905.6,Standard,3,2025-04,0.12
ORD-13598,2025-01-07,2025-01-09,Arjun Mehta,Corporate,North,Furniture,Study Table,5,0.05,36532.25,5845.16,Express,2,2025-01,0.16
ORD-13599,2024-01-08,2024-01-11,Ananya Joshi,Corporate,Central,Beauty,Makeup Kit,1,0.0,475.0,104.5,Standard,3,2024-01,0.22
ORD-13600,2025-07-05,2025-07-09,Arjun Das,Consumer,North,Electronics,Tablet,2,0.1,48816.0,3905.28,Same Day,4,2025-07,0.08
ORD-13601,2024-03-31,2024-04-03,Rahul Iyer,Consumer,West,Beauty,Skincare Kit,1,0.0,2108.0,463.76,Express,3,2024-03,0.22
ORD-13602,2025-05-13,2025-05-18,Rahul Iyer,Corporate,Central,Beauty,Hair Dryer,2,0.0,1194.0,262.68,Standard,5,2025-05,0.22
ORD-13603,2024-12-05,2024-12-12,Arjun Chatterjee,Corporate,West,Electronics,Tablet,2,0.1,104655.6,8372.45,Same Day,7,2024-12,0.08
ORD-13604,2024-05-27,2024-05-31,Zara Mehta,Small Business,North,Groceries,Rice Pack,2,0.05,2768.3,166.1,Standard,4,2024-05,0.06
ORD-13605,2024-05-03,2024-05-06,Rahul Das,Corporate,East,Beauty,Trimmer,5,0.2,1128.0,157.92,Standard,3,2024-05,0.14
ORD-13606,2024-03-13,2024-03-18,Kavya Joshi,Small Business,Central,Clothing,Formal Shirt,5,0.25,5816.25,872.44,Standard,5,2024-03,0.15
ORD-13607,2025-09-07,2025-09-12,Sneha Patel,Corporate,Central,Furniture,Study Table,4,0.05,16727.6,2676.42,Standard,5,2025-09,0.16
ORD-13608,2025-07-11,2025-07-17,Om Mehta,Consumer,South,Furniture,Sofa,3,0.05,18812.85,3010.06,Standard,6,2025-07,0.16
ORD-13609,2024-11-23,2024-11-30,Diya Verma,Consumer,Central,Groceries,Dairy Pack,1,0.1,171.0,6.84,Standard,7,2024-11,0.04
ORD-13610,2025-08-05,2025-08-09,Saanvi Rao,Small Business,North,Clothing,Formal Shirt,1,0.0,2511.0,627.75,Express,4,2025-08,0.25
ORD-13611,2024-04-25,2024-04-30,Rohan Kapoor,Small Business,West,Furniture,Sofa,3,0.1,42506.1,5950.85,Standard,5,2024-04,0.14
ORD-13612,2025-12-25,2026-01-01,Ananya Khan,Consumer,East,Clothing,T-Shirt,1,0.0,3599.0,899.75,Express,7,2025-12,0.25
ORD-13613,2024-06-17,2024-06-23,Diya Das,Consumer,East,Groceries,Dairy Pack,1,0.1,150.3,6.01,Express,6,2024-06,0.04
ORD-13614,2025-04-13,2025-04-17,Vivaan Nair,Corporate,North,Furniture,Sofa,1,0.1,22086.9,3092.17,Standard,4,2025-04,0.14
ORD-13615,2025-11-22,2025-11-28,Zara Joshi,Small Business,North,Furniture,Office Chair,3,0.0,52422.0,9435.96,Express,6,2025-11,0.18
ORD-13616,2024-08-11,2024-08-15,Ishaan Joshi,Consumer,Central,Clothing,Jacket,5,0.1,14022.0,2944.62,Standard,4,2024-08,0.21
ORD-13617,2024-07-06,2024-07-13,Saanvi Patel,Small Business,East,Electronics,Laptop,2,0.25,62530.5,1250.61,Standard,7,2024-07,0.02
ORD-13618,2025-11-10,2025-11-14,Ananya Nair,Consumer,North,Beauty,Trimmer,5,0.1,7155.0,1287.9,Standard,4,2025-11,0.18
ORD-13619,2025-01-08,2025-01-10,Rahul Khan,Small Business,South,Clothing,T-Shirt,2,0.15,1764.6,335.27,Standard,2,2025-01,0.19
ORD-13620,2025-05-20,2025-05-22,Zara Malhotra,Consumer,Central,Clothing,Sneakers,3,0.0,3609.0,902.25,Standard,2,2025-05,0.25
ORD-13621,2025-02-26,2025-03-04,Arjun Nair,Corporate,East,Groceries,Dairy Pack,2,0.0,840.0,67.2,Express,6,2025-02,0.08
ORD-13622,2025-11-04,2025-11-08,Priya Nair,Corporate,South,Beauty,Trimmer,4,0.0,9976.0,2194.72,Standard,4,2025-11,0.22
ORD-13623,2025-11-13,2025-11-19,Arjun Malhotra,Consumer,East,Beauty,Trimmer,1,0.05,909.15,181.83,Standard,6,2025-11,0.2
ORD-13624,2024-05-19,2024-05-20,Sneha Iyer,Small Business,North,Electronics,Smartwatch,5,0.0,156475.0,18777.0,Standard,1,2024-05,0.12
ORD-13625,2025-09-09,2025-09-10,Rahul Reddy,Consumer,North,Beauty,Hair Dryer,1,0.0,816.0,179.52,Standard,1,2025-09,0.22
ORD-13626,2025-06-13,2025-06-15,Vihaan Iyer,Consumer,North,Beauty,Makeup Kit,1,0.1,597.6,107.57,Standard,2,2025-06,0.18
ORD-13627,2025-05-20,2025-05-25,Neha Verma,Small Business,West,Furniture,Bookshelf,1,0.0,14094.0,2536.92,Express,5,2025-05,0.18
ORD-13628,2024-05-28,2024-06-02,Kavya Mehta,Corporate,South,Furniture,Bed Frame,2,0.15,28357.7,3402.92,Standard,5,2024-05,0.12
ORD-13629,2024-08-23,2024-08-30,Vihaan Rao,Corporate,South,Clothing,Sneakers,3,0.05,8587.05,1975.02,Standard,7,2024-08,0.23
ORD-13630,2024-11-27,2024-11-28,Om Das,Small Business,Central,Beauty,Trimmer,2,0.0,2506.0,551.32,Same Day,1,2024-11,0.22
ORD-13631,2024-05-17,2024-05-18,Neha Mehta,Small Business,East,Electronics,Headphones,2,0.1,6031.8,482.54,Express,1,2024-05,0.08
ORD-13632,2025-12-26,2025-12-28,Rahul Khan,Corporate,West,Groceries,Cooking Oil,1,0.15,339.15,6.78,Same Day,2,2025-12,0.02
ORD-13633,2025-02-21,2025-02-22,Aditya Gupta,Consumer,South,Clothing,Jacket,1,0.1,907.2,190.51,Standard,1,2025-02,0.21
ORD-13634,2024-01-29,2024-01-30,Priya Reddy,Consumer,East,Electronics,Tablet,4,0.05,148948.6,14894.86,Express,1,2024-01,0.1
ORD-13635,2024-12-04,2024-12-09,Om Iyer,Consumer,South,Groceries,Dairy Pack,1,0.05,885.4,53.12,Standard,5,2024-12,0.06
ORD-13636,2025-02-19,2025-02-21,Sneha Joshi,Small Business,East,Clothing,Jacket,2,0.25,4762.5,714.38,Standard,2,2025-02,0.15
ORD-13637,2024-10-31,2024-11-05,Rahul Joshi,Small Business,North,Groceries,Snacks Combo,2,0.05,438.9,26.33,Standard,5,2024-10,0.06
ORD-13638,2024-07-24,2024-07-28,Kavya Kapoor,Corporate,West,Groceries,Rice Pack,2,0.2,1235.2,-0.0,Standard,4,2024-07,-0.0
ORD-13639,2024-10-18,2024-10-25,Tanvi Reddy,Consumer,South,Beauty,Makeup Kit,1,0.0,1656.0,364.32,Standard,7,2024-10,0.22
ORD-13640,2024-07-12,2024-07-15,Meera Kapoor,Consumer,Central,Beauty,Trimmer,3,0.1,3493.8,628.88,Standard,3,2024-07,0.18
ORD-13641,2024-11-17,2024-11-22,Diya Das,Small Business,South,Furniture,Study Table,2,0.25,32881.5,2630.52,Standard,5,2024-11,0.08
ORD-13642,2025-09-05,2025-09-12,Ishaan Gupta,Consumer,Central,Clothing,Jeans,4,0.2,11712.0,1991.04,Standard,7,2025-09,0.17
ORD-13643,2024-09-29,2024-10-03,Om Malhotra,Consumer,Central,Groceries,Cooking Oil,5,0.2,4924.0,-0.0,Standard,4,2024-09,-0.0
ORD-13644,2025-06-19,2025-06-22,Rohan Chatterjee,Corporate,South,Clothing,Sneakers,1,0.0,3691.0,922.75,Standard,3,2025-06,0.25
ORD-13645,2025-02-12,2025-02-18,Priya Rao,Consumer,East,Groceries,Cooking Oil,4,0.0,2584.0,206.72,Same Day,6,2025-02,0.08
ORD-13646,2025-09-23,2025-09-26,Rahul Iyer,Corporate,South,Clothing,Jeans,3,0.0,8652.0,2163.0,Standard,3,2025-09,0.25
ORD-13647,2025-09-28,2025-10-02,Ishaan Joshi,Consumer,South,Groceries,Cooking Oil,3,0.1,1336.5,53.46,Same Day,4,2025-09,0.04
ORD-13648,2025-11-02,2025-11-07,Vihaan Singh,Consumer,North,Furniture,Office Chair,4,0.1,17874.0,2502.36,Standard,5,2025-11,0.14
ORD-13649,2025-08-10,2025-08-13,Sneha Singh,Consumer,Central,Beauty,Hair Dryer,2,0.05,2832.9,566.58,Standard,3,2025-08,0.2
ORD-13650,2024-01-31,2024-02-03,Zara Kapoor,Corporate,Central,Groceries,Rice Pack,1,0.05,1244.5,74.67,Standard,3,2024-01,0.06
ORD-13651,2024-03-07,2024-03-12,Kavya Chatterjee,Corporate,North,Groceries,Snacks Combo,2,0.1,2127.6,85.1,Standard,5,2024-03,0.04
ORD-13652,2025-11-05,2025-11-08,Priya Malhotra,Corporate,North,Electronics,Smartwatch,1,0.0,27266.0,3271.92,Express,3,2025-11,0.12
ORD-13653,2025-07-21,2025-07-24,Vihaan Khan,Consumer,South,Furniture,Office Chair,3,0.05,10596.3,1695.41,Express,3,2025-07,0.16
ORD-13654,2025-03-25,2025-04-01,Vivaan Kapoor,Consumer,North,Clothing,Sneakers,4,0.0,15304.0,3826.0,Standard,7,2025-03,0.25
ORD-13655,2024-01-09,2024-01-12,Rahul Das,Consumer,South,Beauty,Makeup Kit,1,0.0,2769.0,609.18,Express,3,2024-01,0.22
ORD-13656,2024-07-19,2024-07-20,Ishaan Gupta,Consumer,Central,Furniture,Study Table,1,0.15,17449.65,2093.96,Standard,1,2024-07,0.12
ORD-13657,2025-10-01,2025-10-08,Kabir Rao,Consumer,Central,Electronics,Laptop,1,0.15,25775.4,1546.52,Standard,7,2025-10,0.06
ORD-13658,2024-03-20,2024-03-24,Kavya Reddy,Consumer,North,Groceries,Rice Pack,4,0.0,3476.0,278.08,Express,4,2024-03,0.08
ORD-13659,2025-12-23,2025-12-29,Rahul Iyer,Small Business,North,Furniture,Sofa,5,0.1,89005.5,12460.77,Express,6,2025-12,0.14
ORD-13660,2025-01-28,2025-02-02,Vihaan Khan,Small Business,South,Electronics,Smartwatch,5,0.15,86848.75,5210.92,Standard,5,2025-01,0.06
ORD-13661,2025-06-05,2025-06-08,Saanvi Khan,Consumer,East,Clothing,Sneakers,1,0.0,3771.0,942.75,Standard,3,2025-06,0.25
ORD-13662,2025-01-02,2025-01-06,Vivaan Sharma,Consumer,Central,Beauty,Perfume,2,0.0,5848.0,1286.56,Standard,4,2025-01,0.22
ORD-13663,2024-01-09,2024-01-14,Tanvi Verma,Corporate,Central,Beauty,Perfume,3,0.0,3777.0,830.94,Express,5,2024-01,0.22
ORD-13664,2025-06-22,2025-06-23,Vivaan Singh,Consumer,North,Beauty,Hair Dryer,1,0.25,905.25,108.63,Standard,1,2025-06,0.12
ORD-13665,2024-06-11,2024-06-17,Aditya Rao,Small Business,East,Beauty,Perfume,2,0.15,3073.6,491.78,Express,6,2024-06,0.16
ORD-13666,2025-09-24,2025-10-01,Neha Nair,Corporate,North,Groceries,Dairy Pack,3,0.1,3963.6,158.54,Same Day,7,2025-09,0.04
ORD-13667,2024-08-24,2024-08-28,Rohan Chatterjee,Corporate,South,Electronics,Headphones,2,0.1,71402.4,5712.19,Express,4,2024-08,0.08
ORD-13668,2024-08-26,2024-09-01,Vivaan Gupta,Consumer,Central,Electronics,Smartphone,2,0.0,50256.0,6030.72,Express,6,2024-08,0.12
ORD-13669,2024-11-12,2024-11-14,Priya Gupta,Consumer,North,Electronics,Tablet,1,0.15,33871.65,2032.3,Standard,2,2024-11,0.06
ORD-13670,2025-08-14,2025-08-19,Rohan Sharma,Small Business,West,Groceries,Rice Pack,3,0.05,1436.4,86.18,Standard,5,2025-08,0.06
ORD-13671,2025-02-21,2025-02-28,Meera Khan,Consumer,Central,Clothing,Formal Shirt,5,0.05,7196.25,1655.14,Express,7,2025-02,0.23
ORD-13672,2024-04-24,2024-04-27,Meera Malhotra,Small Business,Central,Beauty,Perfume,1,0.05,1210.3,242.06,Standard,3,2024-04,0.2
ORD-13673,2024-07-31,2024-08-06,Saanvi Gupta,Corporate,South,Beauty,Trimmer,4,0.0,2744.0,603.68,Standard,6,2024-07,0.22
ORD-13674,2025-05-17,2025-05-24,Kavya Verma,Consumer,North,Beauty,Trimmer,5,0.0,9750.0,2145.0,Same Day,7,2025-05,0.22
ORD-13675,2025-05-05,2025-05-11,Saanvi Mehta,Consumer,East,Furniture,Bookshelf,5,0.0,69995.0,12599.1,Express,6,2025-05,0.18
ORD-13676,2024-05-30,2024-06-03,Zara Singh,Consumer,East,Furniture,Bookshelf,4,0.15,43135.8,5176.3,Standard,4,2024-05,0.12
ORD-13677,2025-12-08,2025-12-15,Diya Chatterjee,Consumer,East,Clothing,Jeans,2,0.0,5558.0,1389.5,Standard,7,2025-12,0.25
ORD-13678,2025-01-30,2025-02-06,Meera Gupta,Consumer,North,Electronics,Laptop,3,0.05,137541.0,13754.1,Standard,7,2025-01,0.1
ORD-13679,2024-04-27,2024-05-02,Saanvi Khan,Consumer,West,Furniture,Office Chair,3,0.0,33774.0,6079.32,Express,5,2024-04,0.18
ORD-13680,2024-01-13,2024-01-16,Kabir Rao,Consumer,Central,Electronics,Smartwatch,2,0.25,47311.5,946.23,Standard,3,2024-01,0.02
ORD-13681,2025-06-05,2025-06-09,Diya Singh,Small Business,Central,Beauty,Perfume,2,0.0,4928.0,1084.16,Standard,4,2025-06,0.22
ORD-13682,2025-06-15,2025-06-17,Zara Nair,Small Business,North,Groceries,Snacks Combo,5,0.0,6045.0,483.6,Same Day,2,2025-06,0.08
ORD-13683,2025-08-17,2025-08-22,Ishaan Verma,Consumer,West,Furniture,Bed Frame,5,0.0,8635.0,1554.3,Express,5,2025-08,0.18
ORD-13684,2025-08-11,2025-08-18,Ishaan Gupta,Corporate,South,Clothing,Jeans,2,0.2,4843.2,823.34,Standard,7,2025-08,0.17
ORD-13685,2025-10-18,2025-10-21,Arjun Khan,Consumer,North,Beauty,Skincare Kit,1,0.1,2088.9,376.0,Standard,3,2025-10,0.18
ORD-13686,2025-01-08,2025-01-14,Vivaan Chatterjee,Consumer,East,Electronics,Tablet,3,0.0,99465.0,11935.8,Standard,6,2025-01,0.12
ORD-13687,2024-09-16,2024-09-18,Om Nair,Consumer,West,Beauty,Makeup Kit,1,0.0,548.0,120.56,Standard,2,2024-09,0.22
ORD-13688,2025-11-18,2025-11-21,Saanvi Iyer,Consumer,Central,Clothing,Formal Shirt,5,0.0,3100.0,775.0,Standard,3,2025-11,0.25
ORD-13689,2024-10-06,2024-10-11,Priya Khan,Small Business,East,Clothing,T-Shirt,1,0.2,2752.0,467.84,Standard,5,2024-10,0.17
ORD-13690,2025-06-19,2025-06-20,Rohan Khan,Small Business,North,Clothing,T-Shirt,3,0.05,6016.35,1383.76,Same Day,1,2025-06,0.23
ORD-13691,2024-04-22,2024-04-26,Priya Iyer,Corporate,West,Electronics,Headphones,4,0.15,187737.8,11264.27,Express,4,2024-04,0.06
ORD-13692,2024-01-21,2024-01-28,Tanvi Reddy,Corporate,West,Furniture,Bookshelf,4,0.25,10899.0,871.92,Standard,7,2024-01,0.08
ORD-13693,2024-01-24,2024-01-31,Tanvi Joshi,Small Business,West,Beauty,Perfume,1,0.0,1231.0,270.82,Standard,7,2024-01,0.22
ORD-13694,2025-06-06,2025-06-09,Priya Chatterjee,Consumer,East,Furniture,Office Chair,1,0.05,15958.1,2553.3,Same Day,3,2025-06,0.16
ORD-13695,2025-08-27,2025-09-03,Diya Gupta,Consumer,Central,Electronics,Tablet,2,0.15,31125.3,1867.52,Same Day,7,2025-08,0.06
ORD-13696,2025-04-08,2025-04-14,Kavya Kapoor,Consumer,South,Electronics,Laptop,5,0.05,251930.5,25193.05,Express,6,2025-04,0.1
ORD-13697,2025-02-20,2025-02-27,Tanvi Iyer,Consumer,West,Beauty,Hair Dryer,1,0.0,1197.0,263.34,Express,7,2025-02,0.22
ORD-13698,2024-10-14,2024-10-15,Ananya Rao,Consumer,Central,Furniture,Bed Frame,1,0.25,12296.25,983.7,Standard,1,2024-10,0.08
ORD-13699,2024-01-26,2024-01-30,Vivaan Malhotra,Consumer,West,Furniture,Sofa,4,0.1,22701.6,3178.22,Express,4,2024-01,0.14
ORD-13700,2025-04-07,2025-04-12,Zara Gupta,Corporate,East,Furniture,Office Chair,5,0.05,39862.0,6377.92,Standard,5,2025-04,0.16
ORD-13701,2024-12-21,2024-12-24,Ishaan Patel,Consumer,Central,Electronics,Laptop,4,0.2,90332.8,3613.31,Standard,3,2024-12,0.04
ORD-13702,2025-07-30,2025-08-02,Kavya Joshi,Small Business,West,Groceries,Dairy Pack,4,0.0,5700.0,456.0,Standard,3,2025-07,0.08
ORD-13703,2025-01-10,2025-01-12,Rohan Singh,Small Business,West,Furniture,Study Table,4,0.0,31956.0,5752.08,Standard,2,2025-01,0.18
ORD-13704,2025-03-30,2025-03-31,Sneha Das,Consumer,East,Furniture,Office Chair,3,0.0,65076.0,11713.68,Standard,1,2025-03,0.18
ORD-13705,2024-08-31,2024-09-04,Ananya Chatterjee,Consumer,North,Furniture,Study Table,3,0.0,56484.0,10167.12,Standard,4,2024-08,0.18
ORD-13706,2024-11-05,2024-11-08,Vihaan Joshi,Consumer,West,Groceries,Beverages,3,0.0,4455.0,356.4,Standard,3,2024-11,0.08
ORD-13707,2024-07-10,2024-07-13,Saanvi Khan,Consumer,West,Beauty,Trimmer,4,0.05,10453.8,2090.76,Express,3,2024-07,0.2
ORD-13708,2024-02-04,2024-02-05,Rahul Iyer,Consumer,Central,Groceries,Rice Pack,4,0.0,4100.0,328.0,Express,1,2024-02,0.08
ORD-13709,2025-07-22,2025-07-24,Meera Khan,Consumer,East,Beauty,Trimmer,3,0.0,5247.0,1154.34,Express,2,2025-07,0.22
ORD-13710,2024-02-25,2024-02-28,Vivaan Khan,Small Business,North,Electronics,Smartphone,2,0.0,69876.0,8385.12,Standard,3,2024-02,0.12
ORD-13711,2024-08-02,2024-08-07,Arjun Joshi,Corporate,West,Furniture,Study Table,1,0.1,8991.9,1258.87,Express,5,2024-08,0.14
ORD-13712,2024-09-06,2024-09-07,Zara Sharma,Corporate,North,Furniture,Office Chair,1,0.2,16974.4,1697.44,Standard,1,2024-09,0.1
ORD-13713,2025-11-04,2025-11-06,Neha Das,Corporate,Central,Clothing,Jacket,3,0.05,7971.45,1833.43,Express,2,2025-11,0.23
ORD-13714,2024-05-12,2024-05-15,Meera Malhotra,Small Business,South,Furniture,Bed Frame,2,0.0,15836.0,2850.48,Standard,3,2024-05,0.18
ORD-13715,2024-06-21,2024-06-28,Saanvi Joshi,Consumer,South,Furniture,Sofa,2,0.0,15038.0,2706.84,Standard,7,2024-06,0.18
ORD-13716,2025-10-06,2025-10-11,Zara Gupta,Consumer,South,Electronics,Smartphone,3,0.0,31482.0,3777.84,Standard,5,2025-10,0.12
ORD-13717,2025-09-12,2025-09-14,Zara Khan,Corporate,Central,Beauty,Skincare Kit,2,0.1,1708.2,307.48,Standard,2,2025-09,0.18
ORD-13718,2025-02-25,2025-03-03,Tanvi Khan,Small Business,East,Furniture,Bookshelf,3,0.05,49510.2,7921.63,Standard,6,2025-02,0.16
ORD-13719,2024-10-08,2024-10-15,Diya Patel,Consumer,North,Furniture,Office Chair,5,0.15,55211.75,6625.41,Standard,7,2024-10,0.12
ORD-13720,2025-09-10,2025-09-12,Rohan Joshi,Small Business,West,Groceries,Rice Pack,3,0.1,950.4,38.02,Standard,2,2025-09,0.04
ORD-13721,2024-08-24,2024-08-30,Vihaan Patel,Consumer,East,Clothing,Jacket,5,0.0,3165.0,791.25,Same Day,6,2024-08,0.25
ORD-13722,2025-10-10,2025-10-15,Ishaan Gupta,Consumer,West,Beauty,Hair Dryer,3,0.15,1583.55,253.37,Standard,5,2025-10,0.16
ORD-13723,2024-11-14,2024-11-19,Kabir Joshi,Consumer,East,Beauty,Perfume,2,0.1,2437.2,438.7,Express,5,2024-11,0.18
ORD-13724,2024-02-13,2024-02-16,Rohan Khan,Consumer,South,Beauty,Hair Dryer,4,0.0,3640.0,800.8,Standard,3,2024-02,0.22
ORD-13725,2025-01-03,2025-01-05,Vivaan Gupta,Consumer,North,Beauty,Trimmer,2,0.0,3056.0,672.32,Standard,2,2025-01,0.22
ORD-13726,2024-02-22,2024-02-25,Tanvi Malhotra,Consumer,North,Electronics,Smartphone,3,0.0,32067.0,3848.04,Standard,3,2024-02,0.12
ORD-13727,2025-06-05,2025-06-08,Tanvi Iyer,Consumer,East,Beauty,Hair Dryer,4,0.1,3848.4,692.71,Standard,3,2025-06,0.18
ORD-13728,2025-11-16,2025-11-23,Kavya Gupta,Corporate,East,Groceries,Snacks Combo,4,0.1,5101.2,204.05,Express,7,2025-11,0.04
ORD-13729,2024-07-02,2024-07-04,Sneha Sharma,Consumer,East,Clothing,Sneakers,3,0.15,7055.85,1340.61,Standard,2,2024-07,0.19
ORD-13730,2024-04-21,2024-04-26,Priya Khan,Corporate,East,Groceries,Cooking Oil,4,0.1,2692.8,107.71,Express,5,2024-04,0.04
ORD-13731,2024-11-15,2024-11-22,Rohan Singh,Corporate,South,Beauty,Trimmer,1,0.15,1678.75,268.6,Standard,7,2024-11,0.16
ORD-13732,2024-01-29,2024-02-05,Kavya Rao,Corporate,Central,Beauty,Makeup Kit,5,0.15,3910.0,625.6,Express,7,2024-01,0.16
ORD-13733,2024-05-09,2024-05-15,Sneha Iyer,Consumer,South,Clothing,Jeans,1,0.0,718.0,179.5,Express,6,2024-05,0.25
ORD-13734,2025-12-04,2025-12-09,Diya Patel,Corporate,South,Beauty,Perfume,1,0.1,1826.1,328.7,Standard,5,2025-12,0.18
ORD-13735,2025-06-30,2025-07-01,Saanvi Sharma,Small Business,North,Clothing,Formal Shirt,5,0.25,2655.0,398.25,Standard,1,2025-06,0.15
ORD-13736,2024-07-16,2024-07-17,Aarav Iyer,Corporate,East,Groceries,Rice Pack,2,0.05,1843.0,110.58,Same Day,1,2024-07,0.06
ORD-13737,2025-01-02,2025-01-04,Kavya Kapoor,Corporate,North,Furniture,Study Table,1,0.2,7301.6,730.16,Standard,2,2025-01,0.1
ORD-13738,2024-12-11,2024-12-14,Kabir Nair,Consumer,North,Beauty,Trimmer,2,0.0,2376.0,522.72,Standard,3,2024-12,0.22
ORD-13739,2024-02-17,2024-02-19,Aditya Kapoor,Small Business,North,Furniture,Study Table,4,0.05,73583.2,11773.31,Standard,2,2024-02,0.16
ORD-13740,2024-05-25,2024-05-26,Meera Mehta,Consumer,West,Beauty,Skincare Kit,4,0.0,3796.0,835.12,Standard,1,2024-05,0.22
ORD-13741,2024-03-28,2024-03-29,Sneha Khan,Consumer,South,Clothing,Sneakers,1,0.2,670.4,113.97,Express,1,2024-03,0.17
ORD-13742,2025-11-04,2025-11-05,Ishaan Verma,Consumer,West,Groceries,Rice Pack,4,0.0,5256.0,420.48,Standard,1,2025-11,0.08
ORD-13743,2025-04-26,2025-04-28,Kabir Malhotra,Small Business,Central,Beauty,Trimmer,1,0.0,2947.0,648.34,Standard,2,2025-04,0.22
ORD-13744,2025-08-07,2025-08-09,Om Joshi,Consumer,South,Electronics,Headphones,4,0.1,42181.2,3374.5,Express,2,2025-08,0.08
ORD-13745,2025-09-19,2025-09-21,Sneha Kapoor,Consumer,North,Beauty,Perfume,3,0.05,1356.6,271.32,Standard,2,2025-09,0.2
ORD-13746,2024-01-13,2024-01-14,Om Patel,Consumer,West,Electronics,Tablet,2,0.2,64827.2,2593.09,Express,1,2024-01,0.04
ORD-13747,2024-04-24,2024-04-28,Aarav Malhotra,Consumer,West,Groceries,Rice Pack,1,0.1,414.0,16.56,Standard,4,2024-04,0.04
ORD-13748,2024-09-17,2024-09-19,Kavya Gupta,Small Business,Central,Furniture,Bed Frame,4,0.15,84799.4,10175.93,Standard,2,2024-09,0.12
ORD-13749,2024-03-07,2024-03-13,Saanvi Kapoor,Small Business,West,Beauty,Trimmer,5,0.05,10701.75,2140.35,Express,6,2024-03,0.2
ORD-13750,2025-12-15,2025-12-19,Saanvi Chatterjee,Consumer,South,Electronics,Tablet,5,0.15,249428.25,14965.7,Standard,4,2025-12,0.06
ORD-13751,2024-02-05,2024-02-09,Zara Khan,Consumer,North,Electronics,Laptop,4,0.0,46876.0,5625.12,Standard,4,2024-02,0.12
ORD-13752,2024-01-07,2024-01-10,Arjun Rao,Small Business,Central,Clothing,Sneakers,2,0.2,3344.0,568.48,Express,3,2024-01,0.17
ORD-13753,2024-11-22,2024-11-27,Diya Kapoor,Consumer,West,Groceries,Beverages,2,0.1,1999.8,79.99,Standard,5,2024-11,0.04
ORD-13754,2025-12-12,2025-12-18,Arjun Singh,Consumer,North,Furniture,Bookshelf,3,0.1,40235.4,5632.96,Same Day,6,2025-12,0.14
ORD-13755,2025-10-18,2025-10-21,Zara Singh,Small Business,North,Groceries,Rice Pack,4,0.1,2613.6,104.54,Express,3,2025-10,0.04
ORD-13756,2024-04-05,2024-04-07,Diya Mehta,Consumer,South,Electronics,Smartphone,5,0.2,52968.0,2118.72,Express,2,2024-04,0.04
ORD-13757,2025-02-25,2025-03-04,Om Joshi,Corporate,North,Electronics,Headphones,2,0.1,20232.0,1618.56,Standard,7,2025-02,0.08
ORD-13758,2024-11-06,2024-11-11,Saanvi Kapoor,Small Business,Central,Beauty,Perfume,1,0.15,2544.9,407.18,Same Day,5,2024-11,0.16
ORD-13759,2025-06-30,2025-07-03,Neha Reddy,Consumer,West,Beauty,Skincare Kit,1,0.1,848.7,152.77,Standard,3,2025-06,0.18
ORD-13760,2025-10-07,2025-10-08,Zara Joshi,Corporate,West,Furniture,Bookshelf,5,0.2,41192.0,4119.2,Standard,1,2025-10,0.1
ORD-13761,2024-08-28,2024-09-02,Sneha Chatterjee,Corporate,South,Electronics,Tablet,3,0.0,78411.0,9409.32,Standard,5,2024-08,0.12
ORD-13762,2025-02-01,2025-02-07,Tanvi Joshi,Small Business,Central,Groceries,Beverages,1,0.0,1470.0,117.6,Standard,6,2025-02,0.08
ORD-13763,2025-05-17,2025-05-19,Ishaan Nair,Consumer,West,Clothing,Jacket,4,0.0,2124.0,531.0,Standard,2,2025-05,0.25
ORD-13764,2025-10-05,2025-10-07,Rahul Gupta,Consumer,South,Clothing,Sneakers,5,0.0,17120.0,4280.0,Express,2,2025-10,0.25
ORD-13765,2024-02-18,2024-02-22,Ananya Iyer,Corporate,South,Beauty,Makeup Kit,1,0.25,1070.25,128.43,Standard,4,2024-02,0.12
ORD-13766,2025-04-22,2025-04-26,Kavya Sharma,Consumer,Central,Beauty,Hair Dryer,4,0.05,9424.0,1884.8,Standard,4,2025-04,0.2
ORD-13767,2024-05-27,2024-05-31,Kabir Verma,Consumer,Central,Groceries,Rice Pack,1,0.1,496.8,19.87,Express,4,2024-05,0.04
ORD-13768,2024-02-04,2024-02-08,Ishaan Malhotra,Corporate,West,Beauty,Hair Dryer,4,0.1,4780.8,860.54,Standard,4,2024-02,0.18
ORD-13769,2024-02-07,2024-02-08,Neha Kapoor,Small Business,East,Furniture,Office Chair,5,0.2,53076.0,5307.6,Standard,1,2024-02,0.1
ORD-13770,2025-02-13,2025-02-19,Vihaan Mehta,Corporate,West,Beauty,Perfume,1,0.0,734.0,161.48,Standard,6,2025-02,0.22
ORD-13771,2024-11-11,2024-11-12,Om Malhotra,Consumer,East,Electronics,Tablet,1,0.2,18408.8,736.35,Standard,1,2024-11,0.04
ORD-13772,2024-09-25,2024-09-29,Rohan Nair,Consumer,North,Groceries,Rice Pack,5,0.1,1093.5,43.74,Standard,4,2024-09,0.04
ORD-13773,2024-01-06,2024-01-10,Meera Gupta,Small Business,North,Electronics,Laptop,1,0.0,46102.0,5532.24,Express,4,2024-01,0.12
ORD-13774,2024-04-30,2024-05-03,Om Gupta,Consumer,South,Electronics,Laptop,3,0.25,81515.25,1630.3,Standard,3,2024-04,0.02
ORD-13775,2025-10-01,2025-10-03,Vihaan Singh,Consumer,South,Beauty,Skincare Kit,2,0.05,570.0,114.0,Express,2,2025-10,0.2
ORD-13776,2025-03-05,2025-03-12,Kavya Rao,Consumer,West,Beauty,Skincare Kit,1,0.1,646.2,116.32,Standard,7,2025-03,0.18
ORD-13777,2024-03-27,2024-03-28,Ishaan Reddy,Corporate,North,Furniture,Office Chair,4,0.1,74858.4,10480.18,Standard,1,2024-03,0.14
ORD-13778,2024-07-03,2024-07-04,Tanvi Reddy,Corporate,South,Clothing,Jeans,4,0.0,12664.0,3166.0,Standard,1,2024-07,0.25
ORD-13779,2025-01-13,2025-01-20,Ananya Malhotra,Small Business,West,Clothing,Jeans,3,0.0,3408.0,852.0,Express,7,2025-01,0.25
ORD-13780,2025-02-12,2025-02-19,Neha Sharma,Consumer,South,Clothing,Jacket,1,0.1,2113.2,443.77,Same Day,7,2025-02,0.21
ORD-13781,2024-10-10,2024-10-12,Ishaan Singh,Consumer,South,Groceries,Dairy Pack,2,0.1,1931.4,77.26,Standard,2,2024-10,0.04
ORD-13782,2025-02-09,2025-02-15,Meera Kapoor,Consumer,West,Electronics,Laptop,1,0.0,35336.0,4240.32,Standard,6,2025-02,0.12
ORD-13783,2025-08-11,2025-08-14,Sneha Khan,Consumer,West,Clothing,Sneakers,2,0.1,3436.2,721.6,Express,3,2025-08,0.21
ORD-13784,2025-03-08,2025-03-09,Rohan Nair,Consumer,West,Furniture,Sofa,4,0.05,26451.8,4232.29,Standard,1,2025-03,0.16
ORD-13785,2025-06-15,2025-06-19,Priya Singh,Small Business,South,Clothing,Sneakers,2,0.0,2436.0,609.0,Standard,4,2025-06,0.25
ORD-13786,2024-06-04,2024-06-07,Rahul Das,Consumer,North,Furniture,Bed Frame,5,0.1,54157.5,7582.05,Same Day,3,2024-06,0.14
ORD-13787,2024-06-14,2024-06-21,Sneha Chatterjee,Small Business,West,Beauty,Skincare Kit,4,0.1,4885.2,879.34,Standard,7,2024-06,0.18
ORD-13788,2025-01-01,2025-01-03,Rohan Das,Consumer,East,Beauty,Perfume,1,0.05,2397.8,479.56,Express,2,2025-01,0.2
ORD-13789,2024-12-25,2024-12-27,Diya Nair,Corporate,North,Clothing,Sneakers,1,0.0,1756.0,439.0,Standard,2,2024-12,0.25
ORD-13790,2024-12-21,2024-12-28,Ananya Mehta,Consumer,East,Electronics,Headphones,5,0.0,125565.0,15067.8,Standard,7,2024-12,0.12
ORD-13791,2025-09-09,2025-09-16,Tanvi Nair,Small Business,South,Electronics,Smartwatch,1,0.25,9426.0,188.52,Standard,7,2025-09,0.02
ORD-13792,2024-10-02,2024-10-07,Meera Das,Consumer,East,Groceries,Rice Pack,3,0.0,3966.0,317.28,Standard,5,2024-10,0.08
ORD-13793,2025-07-21,2025-07-26,Priya Das,Consumer,South,Electronics,Tablet,4,0.15,138288.2,8297.29,Standard,5,2025-07,0.06
ORD-13794,2025-12-07,2025-12-10,Meera Joshi,Small Business,West,Furniture,Bookshelf,1,0.1,14231.7,1992.44,Express,3,2025-12,0.14
ORD-13795,2025-06-06,2025-06-11,Rohan Das,Consumer,West,Furniture,Bed Frame,3,0.1,12066.3,1689.28,Same Day,5,2025-06,0.14
ORD-13796,2025-02-24,2025-03-01,Kabir Joshi,Small Business,East,Electronics,Smartwatch,2,0.0,106864.0,12823.68,Standard,5,2025-02,0.12
ORD-13797,2025-02-13,2025-02-17,Arjun Patel,Consumer,North,Clothing,Formal Shirt,3,0.15,7800.45,1482.09,Express,4,2025-02,0.19
ORD-13798,2024-10-22,2024-10-23,Arjun Nair,Corporate,West,Furniture,Sofa,4,0.05,86989.6,13918.34,Standard,1,2024-10,0.16
ORD-13799,2024-10-25,2024-10-27,Tanvi Chatterjee,Consumer,Central,Furniture,Bed Frame,2,0.05,38560.5,6169.68,Standard,2,2024-10,0.16
ORD-13800,2024-03-22,2024-03-29,Vivaan Iyer,Consumer,East,Groceries,Beverages,1,0.15,700.4,14.01,Express,7,2024-03,0.02
ORD-13801,2024-06-17,2024-06-20,Neha Mehta,Small Business,West,Electronics,Tablet,3,0.0,34533.0,4143.96,Standard,3,2024-06,0.12
ORD-13802,2025-07-09,2025-07-14,Arjun Chatterjee,Consumer,South,Beauty,Skincare Kit,2,0.05,2736.0,547.2,Standard,5,2025-07,0.2
ORD-13803,2024-08-15,2024-08-19,Rahul Chatterjee,Consumer,East,Furniture,Study Table,1,0.0,4054.0,729.72,Express,4,2024-08,0.18
ORD-13804,2025-07-05,2025-07-12,Rahul Gupta,Small Business,South,Groceries,Snacks Combo,1,0.2,333.6,-0.0,Standard,7,2025-07,-0.0
ORD-13805,2024-03-15,2024-03-22,Kavya Nair,Corporate,Central,Beauty,Perfume,5,0.0,9420.0,2072.4,Express,7,2024-03,0.22
ORD-13806,2025-10-20,2025-10-23,Kabir Patel,Consumer,Central,Furniture,Sofa,5,0.0,17060.0,3070.8,Express,3,2025-10,0.18
ORD-13807,2024-02-04,2024-02-10,Priya Patel,Corporate,South,Clothing,Jeans,1,0.05,3792.4,872.25,Standard,6,2024-02,0.23
ORD-13808,2025-02-24,2025-02-25,Sneha Kapoor,Consumer,South,Groceries,Snacks Combo,4,0.15,4369.0,87.38,Standard,1,2025-02,0.02
ORD-13809,2025-10-18,2025-10-24,Saanvi Malhotra,Corporate,South,Groceries,Snacks Combo,2,0.05,2202.1,132.13,Express,6,2025-10,0.06
ORD-13810,2024-03-30,2024-04-03,Ananya Reddy,Small Business,Central,Beauty,Perfume,2,0.1,3218.4,579.31,Standard,4,2024-03,0.18
ORD-13811,2025-05-17,2025-05-18,Diya Joshi,Small Business,West,Electronics,Headphones,3,0.0,97224.0,11666.88,Standard,1,2025-05,0.12
ORD-13812,2024-09-02,2024-09-04,Saanvi Das,Small Business,West,Groceries,Cooking Oil,1,0.2,1146.4,-0.0,Express,2,2024-09,-0.0
ORD-13813,2024-08-27,2024-09-02,Diya Joshi,Consumer,East,Groceries,Cooking Oil,1,0.1,542.7,21.71,Standard,6,2024-08,0.04
ORD-13814,2024-06-20,2024-06-25,Meera Das,Corporate,South,Groceries,Beverages,1,0.1,333.0,13.32,Standard,5,2024-06,0.04
ORD-13815,2025-06-27,2025-07-03,Rahul Malhotra,Corporate,East,Clothing,Jacket,4,0.0,5036.0,1259.0,Express,6,2025-06,0.25
ORD-13816,2024-11-11,2024-11-14,Kavya Khan,Corporate,Central,Groceries,Rice Pack,1,0.0,223.0,17.84,Standard,3,2024-11,0.08
ORD-13817,2025-01-28,2025-01-30,Rohan Sharma,Corporate,South,Beauty,Perfume,5,0.05,5904.25,1180.85,Standard,2,2025-01,0.2
ORD-13818,2025-08-13,2025-08-17,Neha Kapoor,Consumer,North,Clothing,T-Shirt,3,0.1,2732.4,573.8,Express,4,2025-08,0.21
ORD-13819,2024-06-29,2024-07-05,Aditya Malhotra,Consumer,West,Furniture,Bed Frame,5,0.0,86650.0,15597.0,Express,6,2024-06,0.18
ORD-13820,2025-03-26,2025-03-29,Aditya Malhotra,Small Business,South,Groceries,Rice Pack,4,0.1,687.6,27.5,Express,3,2025-03,0.04
ORD-13821,2025-05-21,2025-05-22,Meera Reddy,Small Business,North,Furniture,Sofa,2,0.0,25080.0,4514.4,Express,1,2025-05,0.18
ORD-13822,2024-08-10,2024-08-12,Aditya Iyer,Small Business,North,Beauty,Skincare Kit,1,0.05,600.4,120.08,Express,2,2024-08,0.2
ORD-13823,2025-02-23,2025-02-28,Aditya Iyer,Small Business,East,Groceries,Beverages,4,0.0,5604.0,448.32,Express,5,2025-02,0.08
ORD-13824,2024-07-08,2024-07-11,Saanvi Patel,Consumer,West,Electronics,Headphones,4,0.1,126093.6,10087.49,Express,3,2024-07,0.08
ORD-13825,2025-06-17,2025-06-19,Vihaan Singh,Consumer,North,Beauty,Trimmer,2,0.0,4546.0,1000.12,Standard,2,2025-06,0.22
ORD-13826,2025-03-15,2025-03-21,Kabir Verma,Small Business,South,Beauty,Makeup Kit,3,0.1,5902.2,1062.4,Standard,6,2025-03,0.18
ORD-13827,2024-07-24,2024-07-25,Ananya Verma,Consumer,West,Furniture,Office Chair,3,0.0,63180.0,11372.4,Same Day,1,2024-07,0.18
ORD-13828,2025-06-07,2025-06-11,Aarav Joshi,Corporate,North,Electronics,Smartwatch,1,0.0,32845.0,3941.4,Standard,4,2025-06,0.12
ORD-13829,2025-08-23,2025-08-27,Rahul Das,Consumer,West,Clothing,T-Shirt,5,0.05,18069.0,4155.87,Standard,4,2025-08,0.23
ORD-13830,2025-08-11,2025-08-12,Neha Gupta,Consumer,West,Electronics,Smartphone,1,0.1,49131.0,3930.48,Standard,1,2025-08,0.08
ORD-13831,2024-07-22,2024-07-25,Meera Reddy,Consumer,East,Electronics,Laptop,2,0.0,97494.0,11699.28,Same Day,3,2024-07,0.12
ORD-13832,2024-02-17,2024-02-22,Aditya Verma,Consumer,West,Beauty,Skincare Kit,1,0.2,1091.2,152.77,Express,5,2024-02,0.14
ORD-13833,2024-12-05,2024-12-11,Arjun Patel,Consumer,South,Furniture,Study Table,4,0.1,49388.4,6914.38,Standard,6,2024-12,0.14
ORD-13834,2024-06-30,2024-07-03,Diya Khan,Corporate,South,Clothing,Jacket,5,0.1,15205.5,3193.16,Same Day,3,2024-06,0.21
ORD-13835,2025-12-14,2025-12-20,Priya Joshi,Consumer,East,Groceries,Rice Pack,1,0.05,467.4,28.04,Same Day,6,2025-12,0.06
ORD-13836,2025-04-15,2025-04-17,Priya Rao,Consumer,Central,Clothing,Formal Shirt,3,0.0,9201.0,2300.25,Express,2,2025-04,0.25
ORD-13837,2025-01-17,2025-01-20,Sneha Joshi,Corporate,West,Electronics,Smartwatch,2,0.05,41748.7,4174.87,Express,3,2025-01,0.1
ORD-13838,2025-03-09,2025-03-16,Diya Sharma,Small Business,West,Groceries,Beverages,4,0.0,3676.0,294.08,Express,7,2025-03,0.08
ORD-13839,2024-11-05,2024-11-11,Saanvi Khan,Small Business,East,Beauty,Perfume,3,0.1,3906.9,703.24,Express,6,2024-11,0.18
ORD-13840,2025-08-01,2025-08-03,Kavya Das,Consumer,East,Beauty,Hair Dryer,4,0.0,10200.0,2244.0,Standard,2,2025-08,0.22
ORD-13841,2025-03-24,2025-03-30,Arjun Chatterjee,Consumer,East,Clothing,Sneakers,2,0.05,7539.2,1734.02,Standard,6,2025-03,0.23
ORD-13842,2024-11-22,2024-11-25,Vivaan Singh,Corporate,South,Beauty,Trimmer,3,0.0,8850.0,1947.0,Standard,3,2024-11,0.22
ORD-13843,2025-05-12,2025-05-17,Kabir Mehta,Consumer,West,Clothing,Sneakers,3,0.05,2755.95,633.87,Standard,5,2025-05,0.23
ORD-13844,2025-10-15,2025-10-20,Vihaan Malhotra,Consumer,East,Electronics,Smartphone,3,0.25,49695.75,993.91,Express,5,2025-10,0.02
ORD-13845,2024-12-09,2024-12-11,Arjun Patel,Small Business,West,Clothing,Formal Shirt,3,0.0,1383.0,345.75,Same Day,2,2024-12,0.25
ORD-13846,2025-10-10,2025-10-14,Diya Chatterjee,Small Business,East,Furniture,Bed Frame,3,0.0,25341.0,4561.38,Same Day,4,2025-10,0.18
ORD-13847,2025-12-01,2025-12-04,Aditya Kapoor,Corporate,North,Electronics,Headphones,3,0.0,101253.0,12150.36,Standard,3,2025-12,0.12
ORD-13848,2025-02-02,2025-02-05,Aditya Gupta,Corporate,North,Clothing,Jacket,2,0.0,7312.0,1828.0,Standard,3,2025-02,0.25
ORD-13849,2024-06-26,2024-06-28,Ananya Chatterjee,Corporate,East,Furniture,Bookshelf,5,0.0,30160.0,5428.8,Standard,2,2024-06,0.18
ORD-13850,2025-12-14,2025-12-19,Aarav Singh,Corporate,South,Groceries,Snacks Combo,1,0.1,938.7,37.55,Standard,5,2025-12,0.04
ORD-13851,2024-12-11,2024-12-17,Saanvi Joshi,Small Business,South,Electronics,Smartwatch,3,0.2,79178.4,3167.14,Express,6,2024-12,0.04
ORD-13852,2024-12-06,2024-12-09,Om Mehta,Consumer,East,Beauty,Trimmer,5,0.0,2360.0,519.2,Standard,3,2024-12,0.22
ORD-13853,2024-11-06,2024-11-13,Rohan Kapoor,Consumer,North,Clothing,Jacket,5,0.1,5179.5,1087.7,Standard,7,2024-11,0.21
ORD-13854,2024-05-17,2024-05-19,Om Kapoor,Consumer,West,Groceries,Dairy Pack,4,0.25,3690.0,-73.8,Standard,2,2024-05,-0.02
ORD-13855,2025-11-12,2025-11-16,Aditya Joshi,Small Business,West,Groceries,Snacks Combo,4,0.0,2280.0,182.4,Express,4,2025-11,0.08
ORD-13856,2024-08-21,2024-08-25,Saanvi Khan,Small Business,North,Beauty,Perfume,2,0.0,3448.0,758.56,Standard,4,2024-08,0.22
ORD-13857,2024-12-18,2024-12-19,Ananya Singh,Consumer,South,Electronics,Headphones,2,0.0,4709.0,282.54,Express,1,2024-12,0.06
ORD-13858,2024-05-25,2024-05-29,Om Reddy,Small Business,North,Clothing,T-Shirt,1,0.15,1365.1,259.37,Express,4,2024-05,0.19
ORD-13859,2025-05-31,2025-06-07,Ishaan Chatterjee,Consumer,East,Beauty,Trimmer,1,0.0,1157.0,254.54,Standard,7,2025-05,0.22
ORD-13860,2025-12-09,2025-12-12,Sneha Singh,Corporate,South,Groceries,Snacks Combo,5,0.2,1560.0,-0.0,Standard,3,2025-12,-0.0
ORD-13861,2025-12-23,2025-12-26,Ishaan Nair,Small Business,West,Groceries,Dairy Pack,5,0.0,7495.0,599.6,Standard,3,2025-12,0.08
ORD-13862,2024-03-07,2024-03-14,Ishaan Khan,Consumer,South,Beauty,Trimmer,5,0.0,6850.0,1507.0,Standard,7,2024-03,0.22
ORD-13863,2024-05-18,2024-05-23,Meera Kapoor,Consumer,Central,Electronics,Headphones,4,0.25,148347.0,2966.94,Express,5,2024-05,0.02
ORD-13864,2025-08-16,2025-08-20,Om Malhotra,Consumer,Central,Clothing,Sneakers,5,0.0,18035.0,4508.75,Standard,4,2025-08,0.25
ORD-13865,2025-03-14,2025-03-15,Ananya Rao,Consumer,Central,Furniture,Sofa,1,0.05,7142.1,1142.74,Standard,1,2025-03,0.16
ORD-13866,2025-05-13,2025-05-20,Neha Reddy,Consumer,North,Electronics,Tablet,2,0.0,105902.0,12708.24,Express,7,2025-05,0.12
ORD-13867,2024-02-15,2024-02-21,Vihaan Joshi,Small Business,South,Electronics,Smartwatch,5,0.05,207727.0,20772.7,Standard,6,2024-02,0.1
ORD-13868,2025-10-12,2025-10-18,Om Malhotra,Consumer,Central,Electronics,Smartphone,2,0.0,38234.0,4588.08,Standard,6,2025-10,0.12
ORD-13869,2024-02-25,2024-03-03,Priya Rao,Consumer,West,Furniture,Study Table,2,0.0,46796.0,8423.28,Standard,7,2024-02,0.18
ORD-13870,2024-04-07,2024-04-13,Ishaan Gupta,Corporate,Central,Furniture,Bookshelf,4,0.1,17838.0,2497.32,Same Day,6,2024-04,0.14
ORD-13871,2024-02-01,2024-02-06,Diya Gupta,Consumer,North,Groceries,Rice Pack,5,0.2,4324.0,-0.0,Standard,5,2024-02,-0.0
ORD-13872,2024-12-12,2024-12-14,Priya Sharma,Small Business,West,Electronics,Smartphone,2,0.25,5964.0,119.28,Standard,2,2024-12,0.02
ORD-13873,2024-05-10,2024-05-13,Diya Singh,Small Business,West,Groceries,Rice Pack,3,0.05,2815.8,168.95,Express,3,2024-05,0.06
ORD-13874,2024-12-07,2024-12-13,Aarav Iyer,Small Business,East,Beauty,Perfume,1,0.15,1192.55,190.81,Same Day,6,2024-12,0.16
ORD-13875,2024-10-15,2024-10-19,Neha Singh,Consumer,East,Furniture,Office Chair,2,0.0,26718.0,4809.24,Standard,4,2024-10,0.18
ORD-13876,2025-01-27,2025-01-31,Priya Nair,Corporate,West,Electronics,Tablet,4,0.15,79424.0,4765.44,Express,4,2025-01,0.06
ORD-13877,2025-01-13,2025-01-19,Ananya Verma,Consumer,North,Groceries,Rice Pack,1,0.1,171.9,6.88,Same Day,6,2025-01,0.04
ORD-13878,2025-07-04,2025-07-05,Tanvi Gupta,Small Business,East,Furniture,Bookshelf,2,0.1,12760.2,1786.43,Standard,1,2025-07,0.14
ORD-13879,2024-07-31,2024-08-03,Kavya Mehta,Corporate,South,Clothing,Sneakers,2,0.1,5160.6,1083.73,Express,3,2024-07,0.21
ORD-13880,2024-10-12,2024-10-17,Zara Verma,Consumer,East,Clothing,Sneakers,5,0.1,2790.0,585.9,Express,5,2024-10,0.21
ORD-13881,2025-11-08,2025-11-12,Ishaan Chatterjee,Consumer,Central,Beauty,Skincare Kit,1,0.05,1430.7,286.14,Standard,4,2025-11,0.2
ORD-13882,2025-01-14,2025-01-15,Kavya Malhotra,Consumer,North,Beauty,Trimmer,5,0.0,2010.0,442.2,Express,1,2025-01,0.22
ORD-13883,2024-04-25,2024-04-30,Ananya Singh,Corporate,Central,Beauty,Trimmer,5,0.0,4675.0,1028.5,Standard,5,2024-04,0.22
ORD-13884,2025-01-01,2025-01-06,Aditya Chatterjee,Consumer,Central,Groceries,Cooking Oil,1,0.1,960.3,38.41,Standard,5,2025-01,0.04
ORD-13885,2024-11-27,2024-12-02,Rahul Reddy,Consumer,North,Beauty,Hair Dryer,1,0.0,2726.0,599.72,Express,5,2024-11,0.22
ORD-13886,2024-10-20,2024-10-25,Om Singh,Corporate,West,Beauty,Skincare Kit,5,0.05,2897.5,579.5,Standard,5,2024-10,0.2
ORD-13887,2024-07-11,2024-07-16,Ishaan Malhotra,Corporate,North,Clothing,Jacket,5,0.1,15781.5,3314.12,Standard,5,2024-07,0.21
ORD-13888,2024-03-28,2024-04-04,Arjun Verma,Corporate,Central,Electronics,Headphones,2,0.2,49126.4,1965.06,Standard,7,2024-03,0.04
ORD-13889,2024-01-17,2024-01-24,Kabir Verma,Consumer,West,Clothing,T-Shirt,4,0.1,5349.6,1123.42,Express,7,2024-01,0.21
ORD-13890,2025-06-29,2025-07-02,Zara Joshi,Consumer,Central,Furniture,Bookshelf,1,0.1,19157.4,2682.04,Standard,3,2025-06,0.14
ORD-13891,2025-11-19,2025-11-21,Ishaan Das,Consumer,West,Clothing,T-Shirt,4,0.0,8836.0,2209.0,Express,2,2025-11,0.25
ORD-13892,2024-06-22,2024-06-27,Kabir Chatterjee,Small Business,South,Clothing,Jeans,4,0.05,8413.2,1935.04,Standard,5,2024-06,0.23
ORD-13893,2024-10-15,2024-10-21,Meera Nair,Small Business,West,Electronics,Smartphone,1,0.05,45704.5,4570.45,Express,6,2024-10,0.1
ORD-13894,2024-09-27,2024-09-29,Diya Iyer,Consumer,North,Beauty,Trimmer,1,0.1,1297.8,233.6,Express,2,2024-09,0.18
ORD-13895,2024-04-22,2024-04-25,Diya Verma,Corporate,Central,Furniture,Bookshelf,2,0.0,20404.0,3672.72,Same Day,3,2024-04,0.18
ORD-13896,2025-10-22,2025-10-26,Aarav Reddy,Corporate,East,Beauty,Trimmer,3,0.1,1439.1,259.04,Standard,4,2025-10,0.18
ORD-13897,2025-03-06,2025-03-09,Zara Verma,Small Business,South,Beauty,Hair Dryer,3,0.1,7654.5,1377.81,Same Day,3,2025-03,0.18
ORD-13898,2025-05-26,2025-06-01,Vivaan Patel,Consumer,North,Groceries,Cooking Oil,5,0.1,4788.0,191.52,Express,6,2025-05,0.04
ORD-13899,2024-10-05,2024-10-12,Ananya Das,Consumer,West,Clothing,Formal Shirt,3,0.1,5402.7,1134.57,Standard,7,2024-10,0.21
ORD-13900,2024-04-30,2024-05-01,Rahul Patel,Consumer,South,Electronics,Smartphone,5,0.2,28944.0,1157.76,Express,1,2024-04,0.04
ORD-13901,2025-05-24,2025-05-30,Ananya Joshi,Consumer,North,Beauty,Hair Dryer,4,0.25,8814.0,1057.68,Standard,6,2025-05,0.12
ORD-13902,2024-10-07,2024-10-13,Ishaan Rao,Corporate,West,Electronics,Headphones,3,0.0,175308.0,21036.96,Standard,6,2024-10,0.12
ORD-13903,2024-07-13,2024-07-20,Kabir Patel,Corporate,Central,Furniture,Office Chair,1,0.15,13201.35,1584.16,Standard,7,2024-07,0.12
ORD-13904,2024-03-04,2024-03-05,Aditya Nair,Consumer,Central,Beauty,Trimmer,1,0.1,2605.5,468.99,Same Day,1,2024-03,0.18
ORD-13905,2024-11-09,2024-11-10,Kabir Nair,Corporate,Central,Clothing,Jeans,4,0.0,15452.0,3863.0,Standard,1,2024-11,0.25
ORD-13906,2025-12-21,2025-12-22,Kabir Reddy,Corporate,Central,Furniture,Study Table,2,0.05,45430.9,7268.94,Standard,1,2025-12,0.16
ORD-13907,2025-11-28,2025-12-01,Vihaan Chatterjee,Consumer,East,Beauty,Skincare Kit,2,0.0,1456.0,320.32,Standard,3,2025-11,0.22
ORD-13908,2025-06-22,2025-06-29,Rohan Khan,Consumer,North,Clothing,Sneakers,5,0.0,8690.0,2172.5,Standard,7,2025-06,0.25
ORD-13909,2025-04-20,2025-04-22,Priya Patel,Small Business,West,Groceries,Beverages,3,0.0,525.0,42.0,Standard,2,2025-04,0.08
ORD-13910,2025-09-28,2025-10-04,Vivaan Khan,Small Business,Central,Furniture,Sofa,2,0.1,39007.8,5461.09,Express,6,2025-09,0.14
ORD-13911,2024-11-02,2024-11-08,Rohan Sharma,Consumer,Central,Beauty,Skincare Kit,3,0.05,4562.85,912.57,Standard,6,2024-11,0.2
ORD-13912,2025-03-11,2025-03-14,Vivaan Nair,Small Business,East,Groceries,Cooking Oil,5,0.05,593.75,35.62,Express,3,2025-03,0.06
ORD-13913,2025-06-27,2025-07-02,Aditya Rao,Small Business,Central,Beauty,Makeup Kit,5,0.0,5205.0,1145.1,Same Day,5,2025-06,0.22
ORD-13914,2025-05-29,2025-06-01,Saanvi Malhotra,Corporate,West,Clothing,Sneakers,5,0.15,13349.25,2536.36,Express,3,2025-05,0.19
ORD-13915,2024-02-18,2024-02-19,Rohan Singh,Corporate,South,Furniture,Bed Frame,3,0.1,22137.3,3099.22,Express,1,2024-02,0.14
ORD-13916,2025-10-26,2025-10-27,Kabir Verma,Consumer,West,Electronics,Headphones,2,0.0,82412.0,9889.44,Standard,1,2025-10,0.12
ORD-13917,2024-01-02,2024-01-04,Zara Joshi,Consumer,South,Electronics,Headphones,4,0.0,85228.0,10227.36,Standard,2,2024-01,0.12
ORD-13918,2024-12-18,2024-12-20,Tanvi Singh,Consumer,West,Electronics,Smartwatch,2,0.0,56016.0,6721.92,Standard,2,2024-12,0.12
ORD-13919,2025-06-19,2025-06-24,Neha Khan,Small Business,West,Electronics,Smartwatch,2,0.0,35354.0,4242.48,Standard,5,2025-06,0.12
ORD-13920,2024-03-07,2024-03-12,Ishaan Sharma,Corporate,Central,Furniture,Office Chair,2,0.0,39752.0,7155.36,Standard,5,2024-03,0.18
ORD-13921,2024-09-13,2024-09-15,Aditya Reddy,Small Business,North,Electronics,Smartwatch,5,0.0,193644.0,15491.52,Same Day,2,2024-09,0.08
ORD-13922,2024-04-15,2024-04-17,Arjun Chatterjee,Small Business,Central,Clothing,Sneakers,4,0.0,14952.0,3738.0,Express,2,2024-04,0.25
ORD-13923,2024-04-16,2024-04-17,Kavya Joshi,Consumer,West,Clothing,Jacket,3,0.05,3172.05,729.57,Standard,1,2024-04,0.23
ORD-13924,2025-10-25,2025-10-30,Ishaan Sharma,Corporate,West,Furniture,Sofa,5,0.25,34728.75,2778.3,Standard,5,2025-10,0.08
ORD-13925,2024-01-17,2024-01-19,Saanvi Mehta,Consumer,South,Beauty,Perfume,2,0.1,1666.8,300.02,Standard,2,2024-01,0.18
ORD-13926,2025-12-26,2025-12-28,Ananya Khan,Small Business,West,Electronics,Tablet,2,0.05,25138.9,2513.89,Express,2,2025-12,0.1
ORD-13927,2025-08-10,2025-08-17,Tanvi Nair,Consumer,West,Electronics,Headphones,3,0.1,124688.7,9975.1,Express,7,2025-08,0.08
ORD-13928,2025-08-22,2025-08-24,Vihaan Nair,Corporate,North,Groceries,Cooking Oil,5,0.0,6165.0,493.2,Same Day,2,2025-08,0.08
ORD-13929,2025-09-22,2025-09-25,Om Khan,Corporate,South,Groceries,Dairy Pack,4,0.2,2451.2,0.0,Standard,3,2025-09,0.0
ORD-13930,2024-02-23,2024-02-25,Aarav Nair,Consumer,Central,Electronics,Tablet,4,0.05,206826.4,20682.64,Standard,2,2024-02,0.1
ORD-13931,2024-06-28,2024-07-04,Meera Khan,Small Business,North,Beauty,Trimmer,2,0.1,1378.8,248.18,Express,6,2024-06,0.18
ORD-13932,2024-09-09,2024-09-12,Aarav Reddy,Small Business,West,Clothing,Sneakers,1,0.05,2666.65,613.33,Standard,3,2024-09,0.23
ORD-13933,2024-07-22,2024-07-25,Rahul Rao,Consumer,South,Clothing,Jeans,3,0.2,6122.4,1040.81,Standard,3,2024-07,0.17
ORD-13934,2025-03-08,2025-03-09,Rahul Khan,Small Business,West,Furniture,Study Table,2,0.0,5566.0,1001.88,Standard,1,2025-03,0.18
ORD-13935,2024-01-05,2024-01-10,Rohan Singh,Consumer,South,Clothing,Jacket,1,0.05,3583.4,824.18,Standard,5,2024-01,0.23
ORD-13936,2024-08-01,2024-08-03,Ananya Patel,Corporate,East,Clothing,Formal Shirt,4,0.15,7721.4,1467.07,Express,2,2024-08,0.19
ORD-13937,2024-04-16,2024-04-19,Om Chatterjee,Consumer,Central,Electronics,Smartwatch,5,0.0,167630.0,20115.6,Standard,3,2024-04,0.12
ORD-13938,2025-02-15,2025-02-21,Ananya Patel,Consumer,East,Beauty,Skincare Kit,5,0.15,2125.0,340.0,Standard,6,2025-02,0.16
ORD-13939,2025-11-17,2025-11-18,Om Sharma,Consumer,North,Clothing,Jeans,3,0.05,4443.15,1021.92,Standard,1,2025-11,0.23
ORD-13940,2024-12-31,2025-01-06,Priya Gupta,Small Business,North,Clothing,Formal Shirt,2,0.0,6790.0,1697.5,Standard,6,2024-12,0.25
ORD-13941,2024-05-08,2024-05-13,Arjun Gupta,Corporate,East,Electronics,Tablet,2,0.0,91016.0,10921.92,Standard,5,2024-05,0.12
ORD-13942,2024-12-06,2024-12-11,Rohan Mehta,Consumer,East,Beauty,Skincare Kit,1,0.0,449.0,98.78,Standard,5,2024-12,0.22
ORD-13943,2025-05-02,2025-05-06,Ananya Rao,Small Business,West,Electronics,Smartphone,5,0.2,196608.0,7864.32,Standard,4,2025-05,0.04
ORD-13944,2025-09-09,2025-09-10,Neha Reddy,Corporate,North,Furniture,Office Chair,1,0.05,14954.9,2392.78,Standard,1,2025-09,0.16
ORD-13945,2025-11-07,2025-11-08,Meera Malhotra,Consumer,West,Clothing,Formal Shirt,4,0.05,1561.8,359.21,Express,1,2025-11,0.23
ORD-13946,2025-05-31,2025-06-07,Tanvi Mehta,Consumer,Central,Beauty,Makeup Kit,1,0.15,2227.0,356.32,Standard,7,2025-05,0.16
ORD-13947,2025-03-31,2025-04-02,Sneha Malhotra,Small Business,East,Beauty,Perfume,1,0.0,2218.0,487.96,Standard,2,2025-03,0.22
ORD-13948,2024-04-10,2024-04-13,Aarav Rao,Small Business,North,Furniture,Bed Frame,1,0.2,9419.2,941.92,Standard,3,2024-04,0.1
ORD-13949,2024-10-31,2024-11-06,Kavya Sharma,Consumer,Central,Furniture,Study Table,1,0.05,16076.85,2572.3,Standard,6,2024-10,0.16
ORD-13950,2025-09-11,2025-09-16,Ishaan Gupta,Small Business,West,Furniture,Bookshelf,5,0.15,99386.25,11926.35,Same Day,5,2025-09,0.12
ORD-13951,2025-03-03,2025-03-05,Saanvi Nair,Consumer,North,Beauty,Skincare Kit,1,0.1,969.3,174.47,Standard,2,2025-03,0.18
ORD-13952,2024-05-10,2024-05-13,Diya Reddy,Corporate,North,Clothing,Formal Shirt,4,0.0,6568.0,1642.0,Standard,3,2024-05,0.25
ORD-13953,2024-08-21,2024-08-23,Rahul Malhotra,Consumer,South,Furniture,Office Chair,2,0.0,22306.0,4015.08,Express,2,2024-08,0.18
ORD-13954,2024-06-20,2024-06-24,Saanvi Das,Consumer,Central,Electronics,Laptop,4,0.05,130115.8,13011.58,Standard,4,2024-06,0.1
ORD-13955,2024-09-23,2024-09-25,Tanvi Chatterjee,Small Business,East,Furniture,Study Table,4,0.0,56236.0,10122.48,Standard,2,2024-09,0.18
ORD-13956,2024-09-10,2024-09-12,Saanvi Chatterjee,Consumer,Central,Clothing,Jeans,4,0.05,11297.4,2598.4,Express,2,2024-09,0.23
ORD-13957,2025-12-19,2025-12-23,Priya Sharma,Consumer,East,Clothing,Sneakers,2,0.15,3369.4,640.19,Standard,4,2025-12,0.19
ORD-13958,2025-01-04,2025-01-08,Saanvi Joshi,Corporate,South,Groceries,Beverages,1,0.0,1373.0,109.84,Standard,4,2025-01,0.08
ORD-13959,2024-09-22,2024-09-28,Aarav Singh,Small Business,South,Furniture,Bed Frame,4,0.1,55137.6,7719.26,Standard,6,2024-09,0.14
ORD-13960,2025-11-14,2025-11-19,Vihaan Malhotra,Consumer,East,Groceries,Snacks Combo,5,0.25,3600.0,-72.0,Standard,5,2025-11,-0.02
ORD-13961,2025-08-26,2025-08-30,Kabir Kapoor,Consumer,West,Furniture,Office Chair,3,0.05,35017.95,5602.87,Express,4,2025-08,0.16
ORD-13962,2025-07-24,2025-07-27,Sneha Sharma,Consumer,East,Beauty,Hair Dryer,2,0.15,674.9,107.98,Express,3,2025-07,0.16
ORD-13963,2024-08-25,2024-09-01,Zara Kapoor,Consumer,North,Beauty,Skincare Kit,2,0.0,3436.0,755.92,Standard,7,2024-08,0.22
ORD-13964,2024-06-07,2024-06-14,Vivaan Patel,Small Business,Central,Clothing,Formal Shirt,1,0.1,3519.0,738.99,Express,7,2024-06,0.21
ORD-13965,2024-02-17,2024-02-24,Rahul Das,Consumer,South,Clothing,Formal Shirt,1,0.2,2937.6,499.39,Express,7,2024-02,0.17
ORD-13966,2024-05-12,2024-05-17,Ishaan Nair,Small Business,North,Beauty,Perfume,3,0.0,3825.0,841.5,Express,5,2024-05,0.22
ORD-13967,2025-06-04,2025-06-06,Ishaan Das,Corporate,Central,Clothing,Formal Shirt,1,0.2,591.2,100.5,Standard,2,2025-06,0.17
ORD-13968,2025-03-23,2025-03-24,Rohan Verma,Small Business,East,Groceries,Dairy Pack,5,0.05,4745.25,284.71,Standard,1,2025-03,0.06
ORD-13969,2024-01-26,2024-01-31,Rohan Mehta,Consumer,North,Groceries,Dairy Pack,2,0.05,220.4,13.22,Standard,5,2024-01,0.06
ORD-13970,2025-08-06,2025-08-10,Rohan Sharma,Small Business,North,Groceries,Cooking Oil,3,0.1,3024.0,120.96,Standard,4,2025-08,0.04
ORD-13971,2024-01-06,2024-01-07,Sneha Joshi,Consumer,South,Furniture,Bed Frame,4,0.05,73028.4,11684.54,Standard,1,2024-01,0.16
ORD-13972,2025-04-19,2025-04-22,Ishaan Das,Corporate,North,Clothing,Jacket,2,0.05,2076.7,477.64,Same Day,3,2025-04,0.23
ORD-13973,2025-04-28,2025-05-02,Rohan Iyer,Consumer,South,Furniture,Sofa,5,0.15,69819.0,8378.28,Express,4,2025-04,0.12
ORD-13974,2025-02-20,2025-02-23,Rohan Sharma,Consumer,Central,Furniture,Sofa,3,0.0,17223.0,3100.14,Standard,3,2025-02,0.18
ORD-13975,2025-05-05,2025-05-08,Vihaan Gupta,Consumer,West,Beauty,Perfume,2,0.05,3294.6,658.92,Express,3,2025-05,0.2
ORD-13976,2025-08-01,2025-08-08,Rahul Patel,Consumer,North,Clothing,Jeans,3,0.0,4335.0,1083.75,Express,7,2025-08,0.25
ORD-13977,2025-12-05,2025-12-06,Saanvi Kapoor,Consumer,West,Furniture,Study Table,1,0.05,22732.55,3637.21,Standard,1,2025-12,0.16
ORD-13978,2024-01-17,2024-01-19,Neha Iyer,Consumer,Central,Furniture,Office Chair,3,0.2,37440.0,3744.0,Standard,2,2024-01,0.1
ORD-13979,2024-12-14,2024-12-19,Saanvi Kapoor,Small Business,South,Groceries,Beverages,4,0.25,2973.0,-59.46,Standard,5,2024-12,-0.02
ORD-13980,2024-03-11,2024-03-14,Aarav Nair,Consumer,Central,Electronics,Smartwatch,1,0.1,49109.4,3928.75,Express,3,2024-03,0.08
ORD-13981,2025-09-06,2025-09-07,Kavya Reddy,Consumer,West,Groceries,Dairy Pack,5,0.0,5575.0,446.0,Standard,1,2025-09,0.08
ORD-13982,2024-12-16,2024-12-17,Aditya Malhotra,Consumer,Central,Furniture,Bed Frame,5,0.15,50923.5,6110.82,Standard,1,2024-12,0.12
ORD-13983,2025-02-11,2025-02-16,Aditya Kapoor,Consumer,South,Groceries,Rice Pack,2,0.05,2813.9,168.83,Standard,5,2025-02,0.06
ORD-13984,2025-04-07,2025-04-08,Ishaan Iyer,Small Business,North,Beauty,Hair Dryer,5,0.15,1950.75,312.12,Standard,1,2025-04,0.16
ORD-13985,2025-04-04,2025-04-05,Ananya Khan,Corporate,East,Electronics,Tablet,4,0.05,145847.8,14584.78,Standard,1,2025-04,0.1
ORD-13986,2025-03-04,2025-03-07,Priya Reddy,Small Business,North,Groceries,Snacks Combo,3,0.1,3717.9,148.72,Standard,3,2025-03,0.04
ORD-13987,2024-03-20,2024-03-27,Zara Chatterjee,Consumer,Central,Furniture,Bed Frame,4,0.1,80323.2,11245.25,Express,7,2024-03,0.14
ORD-13988,2025-01-07,2025-01-08,Saanvi Chatterjee,Consumer,Central,Beauty,Hair Dryer,5,0.1,11277.0,2029.86,Express,1,2025-01,0.18
ORD-13989,2025-07-06,2025-07-07,Om Mehta,Corporate,West,Electronics,Tablet,3,0.15,30462.3,1827.74,Standard,1,2025-07,0.06
ORD-13990,2024-06-03,2024-06-04,Arjun Sharma,Corporate,Central,Groceries,Snacks Combo,1,0.15,198.05,3.96,Express,1,2024-06,0.02
ORD-13991,2024-03-27,2024-03-30,Vihaan Iyer,Corporate,North,Clothing,Jeans,4,0.0,10476.0,2619.0,Express,3,2024-03,0.25
ORD-13992,2025-12-10,2025-12-13,Sneha Verma,Small Business,North,Furniture,Office Chair,4,0.0,65852.0,11853.36,Standard,3,2025-12,0.18
ORD-13993,2024-09-05,2024-09-11,Kavya Sharma,Consumer,East,Electronics,Tablet,4,0.15,86523.2,5191.39,Standard,6,2024-09,0.06
ORD-13994,2024-11-03,2024-11-06,Meera Gupta,Small Business,West,Furniture,Bookshelf,4,0.0,53828.0,9689.04,Standard,3,2024-11,0.18
ORD-13995,2024-07-14,2024-07-16,Zara Nair,Consumer,East,Clothing,Jeans,1,0.0,3598.0,899.5,Express,2,2024-07,0.25
ORD-13996,2025-11-26,2025-12-01,Ishaan Singh,Consumer,North,Furniture,Office Chair,4,0.0,62980.0,11336.4,Standard,5,2025-11,0.18
ORD-13997,2024-04-09,2024-04-13,Ishaan Khan,Consumer,South,Clothing,T-Shirt,5,0.1,11583.0,2432.43,Standard,4,2024-04,0.21
ORD-13998,2025-10-28,2025-10-29,Saanvi Khan,Consumer,South,Furniture,Sofa,5,0.0,55050.0,9909.0,Express,1,2025-10,0.18
ORD-13999,2024-10-16,2024-10-23,Ananya Gupta,Consumer,East,Groceries,Dairy Pack,3,0.05,2402.55,144.15,Standard,7,2024-10,0.06
ORD-14000,2025-02-21,2025-02-23,Tanvi Chatterjee,Small Business,North,Beauty,Makeup Kit,4,0.15,8292.6,1326.82,Standard,2,2025-02,0.16
ORD-14001,2025-02-26,2025-02-27,Tanvi Iyer,Consumer,North,Electronics,Smartphone,5,0.0,185815.0,22297.8,Standard,1,2025-02,0.12
ORD-14002,2024-09-19,2024-09-23,Tanvi Mehta,Small Business,Central,Groceries,Cooking Oil,4,0.05,2644.8,158.69,Express,4,2024-09,0.06
ORD-14003,2024-06-18,2024-06-19,Arjun Gupta,Small Business,South,Beauty,Hair Dryer,3,0.0,6186.0,1360.92,Standard,1,2024-06,0.22
ORD-14004,2024-02-06,2024-02-08,Sneha Reddy,Consumer,North,Furniture,Sofa,2,0.0,25460.0,4582.8,Standard,2,2024-02,0.18
ORD-14005,2025-03-12,2025-03-18,Rahul Reddy,Consumer,South,Groceries,Dairy Pack,5,0.1,1143.0,45.72,Express,6,2025-03,0.04
ORD-14006,2024-05-22,2024-05-29,Kavya Gupta,Small Business,Central,Clothing,Jeans,1,0.15,1501.95,285.37,Express,7,2024-05,0.19
ORD-14007,2025-06-06,2025-06-10,Rohan Chatterjee,Consumer,South,Furniture,Study Table,3,0.05,57883.5,9261.36,Standard,4,2025-06,0.16
ORD-14008,2024-03-07,2024-03-14,Diya Chatterjee,Consumer,West,Groceries,Cooking Oil,3,0.1,3126.6,125.06,Standard,7,2024-03,0.04
ORD-14009,2024-02-02,2024-02-06,Ishaan Verma,Consumer,South,Beauty,Hair Dryer,2,0.1,5088.6,915.95,Standard,4,2024-02,0.18
ORD-14010,2024-09-28,2024-10-02,Tanvi Das,Consumer,North,Clothing,T-Shirt,3,0.0,5232.0,1308.0,Standard,4,2024-09,0.25
ORD-14011,2024-04-30,2024-05-01,Neha Das,Consumer,Central,Electronics,Laptop,1,0.05,23662.6,2366.26,Express,1,2024-04,0.1
ORD-14012,2024-08-06,2024-08-07,Om Das,Corporate,North,Clothing,T-Shirt,4,0.0,6012.0,1503.0,Express,1,2024-08,0.25
ORD-14013,2025-10-26,2025-10-31,Rohan Mehta,Consumer,West,Groceries,Cooking Oil,5,0.0,3465.0,277.2,Standard,5,2025-10,0.08
ORD-14014,2025-01-24,2025-01-31,Kabir Mehta,Consumer,West,Clothing,T-Shirt,4,0.0,2576.0,644.0,Express,7,2025-01,0.25
ORD-14015,2024-11-12,2024-11-13,Kavya Mehta,Corporate,East,Beauty,Trimmer,4,0.15,3236.8,517.89,Standard,1,2024-11,0.16
ORD-14016,2024-11-10,2024-11-11,Saanvi Patel,Small Business,South,Electronics,Headphones,5,0.15,71468.0,4288.08,Express,1,2024-11,0.06
ORD-14017,2025-12-14,2025-12-19,Arjun Nair,Corporate,South,Clothing,T-Shirt,4,0.0,9928.0,2482.0,Same Day,5,2025-12,0.25
ORD-14018,2024-06-15,2024-06-18,Rahul Sharma,Small Business,North,Furniture,Office Chair,1,0.05,11854.1,1896.66,Express,3,2024-06,0.16
ORD-14019,2024-10-09,2024-10-15,Sneha Nair,Consumer,North,Groceries,Beverages,4,0.05,3173.0,190.38,Express,6,2024-10,0.06
ORD-14020,2025-09-07,2025-09-08,Aarav Sharma,Consumer,Central,Clothing,Sneakers,3,0.1,10122.3,2125.68,Standard,1,2025-09,0.21
ORD-14021,2025-10-07,2025-10-09,Diya Khan,Corporate,North,Beauty,Trimmer,2,0.1,3306.6,595.19,Standard,2,2025-10,0.18
ORD-14022,2024-12-14,2024-12-21,Ananya Khan,Consumer,Central,Groceries,Snacks Combo,5,0.1,3667.5,146.7,Express,7,2024-12,0.04
ORD-14023,2025-12-10,2025-12-11,Zara Das,Consumer,South,Furniture,Study Table,3,0.1,45346.5,6348.51,Standard,1,2025-12,0.14
ORD-14024,2025-12-11,2025-12-15,Kabir Khan,Small Business,Central,Groceries,Dairy Pack,2,0.2,1691.2,-0.0,Standard,4,2025-12,-0.0
ORD-14025,2025-11-14,2025-11-15,Diya Reddy,Consumer,South,Electronics,Tablet,5,0.15,112161.75,6729.7,Express,1,2025-11,0.06
ORD-14026,2025-11-13,2025-11-17,Rahul Chatterjee,Consumer,South,Groceries,Beverages,2,0.15,1167.9,23.36,Standard,4,2025-11,0.02
ORD-14027,2025-06-05,2025-06-07,Priya Verma,Corporate,South,Electronics,Laptop,3,0.0,37263.0,4471.56,Standard,2,2025-06,0.12
ORD-14028,2024-02-23,2024-02-29,Sneha Patel,Consumer,Central,Furniture,Office Chair,3,0.0,25815.0,4646.7,Standard,6,2024-02,0.18
ORD-14029,2024-03-09,2024-03-15,Kavya Malhotra,Consumer,South,Groceries,Beverages,1,0.05,1200.8,72.05,Same Day,6,2024-03,0.06
ORD-14030,2025-10-11,2025-10-15,Vivaan Gupta,Small Business,East,Beauty,Makeup Kit,5,0.05,11998.5,2399.7,Standard,4,2025-10,0.2
ORD-14031,2025-01-31,2025-02-05,Rohan Chatterjee,Corporate,West,Furniture,Sofa,3,0.1,59926.5,8389.71,Standard,5,2025-01,0.14
ORD-14032,2024-10-02,2024-10-07,Sneha Gupta,Small Business,South,Groceries,Snacks Combo,3,0.0,1968.0,157.44,Standard,5,2024-10,0.08
ORD-14033,2025-09-20,2025-09-26,Aarav Mehta,Corporate,North,Electronics,Tablet,3,0.1,122571.9,9805.75,Standard,6,2025-09,0.08
ORD-14034,2024-07-28,2024-08-01,Zara Singh,Consumer,Central,Beauty,Hair Dryer,3,0.15,4179.45,668.71,Standard,4,2024-07,0.16
ORD-14035,2024-01-02,2024-01-08,Neha Malhotra,Corporate,North,Clothing,Sneakers,2,0.1,5846.4,1227.74,Express,6,2024-01,0.21
ORD-14036,2024-10-08,2024-10-15,Priya Reddy,Consumer,North,Electronics,Smartwatch,2,0.0,22976.0,2757.12,Standard,7,2024-10,0.12
ORD-14037,2024-06-13,2024-06-17,Diya Khan,Consumer,East,Beauty,Skincare Kit,1,0.0,736.0,161.92,Standard,4,2024-06,0.22
ORD-14038,2024-10-22,2024-10-24,Aditya Singh,Consumer,South,Groceries,Snacks Combo,3,0.0,3015.0,241.2,Standard,2,2024-10,0.08
ORD-14039,2025-10-22,2025-10-27,Priya Verma,Consumer,West,Furniture,Office Chair,2,0.0,38006.0,6841.08,Express,5,2025-10,0.18
ORD-14040,2025-07-10,2025-07-17,Ananya Khan,Consumer,West,Electronics,Tablet,4,0.1,212630.4,17010.43,Standard,7,2025-07,0.08
ORD-14041,2024-02-26,2024-02-28,Tanvi Mehta,Consumer,East,Groceries,Rice Pack,2,0.0,2128.0,170.24,Same Day,2,2024-02,0.08
ORD-14042,2024-12-07,2024-12-11,Vivaan Khan,Consumer,Central,Furniture,Sofa,3,0.25,20011.5,1600.92,Express,4,2024-12,0.08
ORD-14043,2024-11-26,2024-12-01,Priya Chatterjee,Consumer,East,Groceries,Cooking Oil,5,0.15,2239.75,44.8,Same Day,5,2024-11,0.02
ORD-14044,2024-10-17,2024-10-23,Kabir Chatterjee,Consumer,Central,Clothing,Jacket,4,0.15,6970.0,1324.3,Express,6,2024-10,0.19
ORD-14045,2025-12-16,2025-12-17,Arjun Iyer,Small Business,North,Clothing,Jeans,2,0.15,4069.8,773.26,Express,1,2025-12,0.19
ORD-14046,2025-06-27,2025-06-30,Vihaan Singh,Consumer,South,Beauty,Skincare Kit,5,0.1,2749.5,494.91,Standard,3,2025-06,0.18
ORD-14047,2024-10-04,2024-10-10,Aditya Rao,Consumer,West,Groceries,Snacks Combo,5,0.0,2035.0,162.8,Standard,6,2024-10,0.08
ORD-14048,2024-11-02,2024-11-07,Neha Mehta,Consumer,Central,Clothing,T-Shirt,4,0.1,1800.0,378.0,Same Day,5,2024-11,0.21
ORD-14049,2025-10-03,2025-10-09,Meera Singh,Corporate,West,Beauty,Perfume,1,0.05,196.65,39.33,Standard,6,2025-10,0.2
ORD-14050,2024-12-03,2024-12-08,Vivaan Rao,Consumer,East,Clothing,Jeans,3,0.05,1425.0,327.75,Express,5,2024-12,0.23
ORD-14051,2024-02-18,2024-02-20,Diya Patel,Corporate,Central,Furniture,Bookshelf,1,0.05,4598.95,735.83,Same Day,2,2024-02,0.16
ORD-14052,2025-04-12,2025-04-15,Zara Joshi,Consumer,West,Beauty,Hair Dryer,4,0.25,1233.0,147.96,Standard,3,2025-04,0.12
ORD-14053,2024-12-15,2024-12-18,Tanvi Patel,Small Business,South,Beauty,Hair Dryer,3,0.1,5235.3,942.35,Standard,3,2024-12,0.18
ORD-14054,2025-12-28,2025-12-30,Kabir Patel,Consumer,North,Groceries,Dairy Pack,2,0.05,1373.7,82.42,Express,2,2025-12,0.06
ORD-14055,2024-06-06,2024-06-08,Aarav Khan,Corporate,North,Clothing,T-Shirt,3,0.0,8733.0,2183.25,Standard,2,2024-06,0.25
ORD-14056,2024-06-13,2024-06-18,Tanvi Verma,Small Business,Central,Furniture,Sofa,4,0.0,79372.0,14286.96,Same Day,5,2024-06,0.18
ORD-14057,2025-04-04,2025-04-10,Priya Reddy,Corporate,Central,Clothing,Jeans,1,0.0,1219.0,304.75,Standard,6,2025-04,0.25
ORD-14058,2025-05-24,2025-05-31,Kabir Mehta,Consumer,East,Furniture,Bookshelf,4,0.15,74596.0,8951.52,Standard,7,2025-05,0.12
ORD-14059,2025-08-28,2025-08-31,Kavya Joshi,Corporate,South,Groceries,Cooking Oil,3,0.0,2763.0,221.04,Standard,3,2025-08,0.08
ORD-14060,2025-12-13,2025-12-15,Rohan Mehta,Consumer,South,Furniture,Study Table,4,0.05,40394.0,6463.04,Standard,2,2025-12,0.16
ORD-14061,2025-01-07,2025-01-11,Rahul Rao,Consumer,West,Furniture,Office Chair,5,0.0,83270.0,14988.6,Express,4,2025-01,0.18
ORD-14062,2024-02-24,2024-02-29,Rohan Reddy,Corporate,East,Clothing,Formal Shirt,2,0.0,4202.0,1050.5,Standard,5,2024-02,0.25
ORD-14063,2024-09-12,2024-09-14,Aditya Reddy,Consumer,South,Electronics,Tablet,3,0.05,54871.05,5487.1,Express,2,2024-09,0.1
ORD-14064,2025-05-27,2025-06-03,Aarav Sharma,Small Business,East,Electronics,Headphones,1,0.05,38278.35,3827.84,Express,7,2025-05,0.1
ORD-14065,2025-09-28,2025-09-30,Ananya Sharma,Small Business,North,Furniture,Sofa,1,0.1,12732.3,1782.52,Same Day,2,2025-09,0.14
ORD-14066,2025-02-28,2025-03-02,Ishaan Joshi,Small Business,West,Electronics,Headphones,5,0.0,122180.0,14661.6,Express,2,2025-02,0.12
ORD-14067,2024-01-17,2024-01-20,Zara Joshi,Consumer,Central,Groceries,Beverages,3,0.05,1145.7,68.74,Express,3,2024-01,0.06
ORD-14068,2024-07-26,2024-07-29,Aarav Rao,Consumer,West,Furniture,Bed Frame,3,0.15,16615.8,1993.9,Express,3,2024-07,0.12
ORD-14069,2025-11-23,2025-11-27,Rahul Khan,Small Business,South,Clothing,T-Shirt,4,0.0,12676.0,3169.0,Standard,4,2025-11,0.25
ORD-14070,2025-03-17,2025-03-19,Sneha Patel,Consumer,West,Electronics,Headphones,4,0.0,129984.0,15598.08,Express,2,2025-03,0.12
ORD-14071,2025-12-27,2025-12-28,Aditya Nair,Consumer,North,Clothing,Jacket,5,0.2,7312.0,1243.04,Standard,1,2025-12,0.17
ORD-14072,2024-07-22,2024-07-26,Priya Gupta,Consumer,West,Furniture,Bookshelf,4,0.0,45648.0,8216.64,Standard,4,2024-07,0.18
ORD-14073,2024-02-05,2024-02-11,Rahul Singh,Consumer,North,Beauty,Trimmer,4,0.15,8476.2,1356.19,Express,6,2024-02,0.16
ORD-14074,2024-04-24,2024-04-26,Priya Singh,Small Business,West,Groceries,Cooking Oil,2,0.05,931.0,55.86,Express,2,2024-04,0.06
ORD-14075,2025-05-19,2025-05-22,Vivaan Chatterjee,Corporate,South,Electronics,Smartwatch,2,0.2,6416.0,256.64,Standard,3,2025-05,0.04
ORD-14076,2024-11-10,2024-11-13,Aarav Malhotra,Consumer,North,Clothing,Jacket,3,0.1,8915.4,1872.23,Express,3,2024-11,0.21
ORD-14077,2024-03-01,2024-03-08,Sneha Nair,Corporate,North,Groceries,Dairy Pack,5,0.0,6080.0,486.4,Standard,7,2024-03,0.08
ORD-14078,2024-06-03,2024-06-06,Kavya Chatterjee,Corporate,Central,Electronics,Laptop,2,0.15,76093.7,4565.62,Express,3,2024-06,0.06
ORD-14079,2025-08-16,2025-08-22,Vihaan Mehta,Consumer,South,Electronics,Smartphone,3,0.1,148186.8,11854.94,Express,6,2025-08,0.08
ORD-14080,2024-07-03,2024-07-06,Vihaan Gupta,Small Business,South,Groceries,Rice Pack,4,0.05,5688.6,341.32,Standard,3,2024-07,0.06
ORD-14081,2025-02-23,2025-03-01,Rahul Nair,Small Business,East,Groceries,Dairy Pack,5,0.0,2755.0,220.4,Standard,6,2025-02,0.08
ORD-14082,2025-10-21,2025-10-25,Arjun Das,Small Business,South,Clothing,Sneakers,2,0.0,7138.0,1784.5,Standard,4,2025-10,0.25
ORD-14083,2024-12-04,2024-12-06,Sneha Singh,Small Business,North,Furniture,Sofa,2,0.15,41099.2,4931.9,Standard,2,2024-12,0.12
ORD-14084,2025-04-29,2025-05-06,Diya Gupta,Consumer,West,Furniture,Study Table,4,0.1,67528.8,9454.03,Express,7,2025-04,0.14
ORD-14085,2025-10-30,2025-11-04,Kabir Verma,Consumer,North,Beauty,Trimmer,5,0.05,4560.0,912.0,Standard,5,2025-10,0.2
ORD-14086,2024-01-07,2024-01-08,Saanvi Verma,Consumer,West,Groceries,Snacks Combo,4,0.0,2360.0,188.8,Standard,1,2024-01,0.08
ORD-14087,2024-04-08,2024-04-12,Arjun Iyer,Consumer,Central,Furniture,Sofa,1,0.05,9694.75,1551.16,Standard,4,2024-04,0.16
ORD-14088,2024-11-30,2024-12-07,Aarav Nair,Corporate,West,Clothing,T-Shirt,4,0.0,6448.0,1612.0,Standard,7,2024-11,0.25
ORD-14089,2025-09-09,2025-09-12,Saanvi Verma,Consumer,East,Groceries,Cooking Oil,1,0.05,1074.45,64.47,Standard,3,2025-09,0.06
ORD-14090,2025-04-23,2025-04-28,Vihaan Verma,Consumer,East,Electronics,Tablet,5,0.1,205933.5,16474.68,Express,5,2025-04,0.08
ORD-14091,2025-11-11,2025-11-12,Tanvi Malhotra,Consumer,West,Beauty,Hair Dryer,1,0.05,2557.4,511.48,Standard,1,2025-11,0.2
ORD-14092,2024-02-01,2024-02-03,Neha Khan,Consumer,East,Electronics,Smartphone,3,0.15,100151.25,6009.07,Express,2,2024-02,0.06
ORD-14093,2025-02-04,2025-02-08,Sneha Mehta,Corporate,East,Beauty,Perfume,2,0.0,1028.0,226.16,Express,4,2025-02,0.22
ORD-14094,2025-04-05,2025-04-11,Ananya Reddy,Consumer,West,Groceries,Dairy Pack,4,0.1,795.6,31.82,Express,6,2025-04,0.04
ORD-14095,2025-08-23,2025-08-27,Saanvi Kapoor,Corporate,West,Electronics,Laptop,3,0.25,101346.75,2026.93,Express,4,2025-08,0.02
ORD-14096,2025-07-21,2025-07-25,Ananya Reddy,Corporate,East,Clothing,Jeans,1,0.05,2675.2,615.3,Standard,4,2025-07,0.23
ORD-14097,2025-04-27,2025-05-01,Kabir Sharma,Consumer,South,Furniture,Office Chair,4,0.0,96420.0,17355.6,Express,4,2025-04,0.18
ORD-14098,2024-04-17,2024-04-24,Kabir Singh,Consumer,Central,Furniture,Office Chair,5,0.15,73814.0,8857.68,Standard,7,2024-04,0.12
ORD-14099,2025-02-21,2025-02-22,Meera Kapoor,Consumer,West,Furniture,Bookshelf,5,0.05,18947.75,3031.64,Standard,1,2025-02,0.16
ORD-14100,2024-11-03,2024-11-04,Rohan Mehta,Small Business,North,Beauty,Hair Dryer,5,0.0,12345.0,2715.9,Standard,1,2024-11,0.22
ORD-14101,2025-03-27,2025-03-30,Neha Kapoor,Corporate,East,Electronics,Tablet,5,0.15,25053.75,1503.22,Same Day,3,2025-03,0.06
ORD-14102,2024-04-04,2024-04-08,Rahul Iyer,Consumer,West,Beauty,Perfume,5,0.15,10841.75,1734.68,Express,4,2024-04,0.16
ORD-14103,2025-12-23,2025-12-29,Neha Das,Corporate,West,Groceries,Dairy Pack,5,0.0,4980.0,398.4,Standard,6,2025-12,0.08
ORD-14104,2025-08-10,2025-08-15,Arjun Chatterjee,Consumer,West,Electronics,Laptop,1,0.05,15497.35,1549.74,Standard,5,2025-08,0.1
ORD-14105,2024-02-06,2024-02-09,Ananya Das,Small Business,Central,Beauty,Skincare Kit,2,0.05,4911.5,982.3,Express,3,2024-02,0.2
ORD-14106,2025-08-21,2025-08-24,Rahul Reddy,Small Business,Central,Clothing,Sneakers,1,0.0,2034.0,508.5,Standard,3,2025-08,0.25
ORD-14107,2025-01-12,2025-01-14,Diya Reddy,Consumer,South,Electronics,Smartwatch,4,0.15,100133.4,6008.0,Express,2,2025-01,0.06
ORD-14108,2024-09-09,2024-09-10,Priya Khan,Small Business,East,Clothing,Formal Shirt,2,0.0,2836.0,709.0,Standard,1,2024-09,0.25
ORD-14109,2025-08-10,2025-08-12,Rahul Das,Consumer,Central,Groceries,Snacks Combo,2,0.1,682.2,27.29,Standard,2,2025-08,0.04
ORD-14110,2025-01-05,2025-01-09,Zara Rao,Consumer,South,Electronics,Headphones,3,0.0,169164.0,20299.68,Standard,4,2025-01,0.12
ORD-14111,2025-06-14,2025-06-21,Aditya Rao,Small Business,South,Beauty,Hair Dryer,1,0.05,1210.3,242.06,Standard,7,2025-06,0.2
ORD-14112,2025-12-05,2025-12-06,Aditya Chatterjee,Corporate,West,Clothing,Sneakers,1,0.1,3145.5,660.56,Express,1,2025-12,0.21
ORD-14113,2024-09-12,2024-09-14,Diya Mehta,Consumer,North,Electronics,Smartphone,5,0.05,267933.25,26793.32,Standard,2,2024-09,0.1
ORD-14114,2024-02-11,2024-02-16,Arjun Khan,Small Business,North,Beauty,Hair Dryer,2,0.15,3920.2,627.23,Standard,5,2024-02,0.16
ORD-14115,2024-10-18,2024-10-19,Ananya Das,Consumer,East,Furniture,Bed Frame,3,0.1,16718.4,2340.58,Standard,1,2024-10,0.14
ORD-14116,2024-02-28,2024-02-29,Zara Rao,Consumer,Central,Beauty,Perfume,1,0.2,1781.6,249.42,Standard,1,2024-02,0.14
ORD-14117,2024-07-23,2024-07-26,Ananya Mehta,Small Business,South,Furniture,Bookshelf,3,0.1,22320.9,3124.93,Standard,3,2024-07,0.14
ORD-14118,2024-02-24,2024-02-28,Saanvi Nair,Corporate,East,Clothing,T-Shirt,2,0.0,1600.0,400.0,Standard,4,2024-02,0.25
ORD-14119,2024-08-02,2024-08-04,Meera Khan,Consumer,East,Groceries,Cooking Oil,2,0.15,782.0,15.64,Standard,2,2024-08,0.02
ORD-14120,2024-09-28,2024-10-05,Rahul Singh,Consumer,North,Electronics,Tablet,5,0.15,173659.25,10419.56,Standard,7,2024-09,0.06
ORD-14121,2024-02-05,2024-02-09,Kavya Mehta,Consumer,South,Electronics,Smartwatch,3,0.05,49846.5,4984.65,Standard,4,2024-02,0.1
ORD-14122,2024-12-27,2024-12-31,Vivaan Malhotra,Corporate,South,Clothing,T-Shirt,2,0.2,5088.0,864.96,Standard,4,2024-12,0.17
ORD-14123,2025-04-16,2025-04-20,Sneha Singh,Consumer,Central,Electronics,Smartphone,2,0.0,26856.0,3222.72,Standard,4,2025-04,0.12
ORD-14124,2024-07-23,2024-07-29,Ananya Das,Consumer,East,Groceries,Cooking Oil,2,0.15,911.2,18.22,Express,6,2024-07,0.02
ORD-14125,2024-07-16,2024-07-21,Aditya Singh,Consumer,West,Electronics,Smartphone,5,0.1,24862.5,1989.0,Standard,5,2024-07,0.08
ORD-14126,2024-01-14,2024-01-20,Neha Malhotra,Consumer,West,Electronics,Smartphone,5,0.05,148247.5,14824.75,Standard,6,2024-01,0.1
ORD-14127,2025-05-14,2025-05-19,Saanvi Verma,Small Business,South,Furniture,Office Chair,4,0.0,17896.0,3221.28,Standard,5,2025-05,0.18
ORD-14128,2025-03-14,2025-03-16,Diya Sharma,Corporate,North,Clothing,T-Shirt,1,0.0,3027.0,756.75,Same Day,2,2025-03,0.25
ORD-14129,2025-05-30,2025-06-01,Meera Patel,Small Business,East,Clothing,Jeans,1,0.0,1652.0,413.0,Express,2,2025-05,0.25
ORD-14130,2025-08-25,2025-09-01,Kabir Das,Consumer,East,Electronics,Tablet,3,0.05,108852.9,10885.29,Express,7,2025-08,0.1
ORD-14131,2024-05-25,2024-05-31,Kabir Iyer,Consumer,West,Beauty,Hair Dryer,4,0.25,4014.0,481.68,Standard,6,2024-05,0.12
ORD-14132,2025-09-07,2025-09-08,Neha Joshi,Consumer,East,Furniture,Study Table,1,0.1,22424.4,3139.42,Standard,1,2025-09,0.14
ORD-14133,2024-02-08,2024-02-13,Vihaan Joshi,Consumer,South,Furniture,Bookshelf,2,0.0,21740.0,3913.2,Standard,5,2024-02,0.18
ORD-14134,2024-04-09,2024-04-10,Sneha Verma,Consumer,West,Furniture,Bookshelf,3,0.15,10643.7,1277.24,Express,1,2024-04,0.12
ORD-14135,2024-11-21,2024-11-27,Meera Iyer,Consumer,North,Beauty,Skincare Kit,3,0.0,8283.0,1822.26,Standard,6,2024-11,0.22
ORD-14136,2025-09-09,2025-09-16,Sneha Sharma,Corporate,North,Electronics,Laptop,4,0.0,200352.0,24042.24,Express,7,2025-09,0.12
ORD-14137,2025-01-04,2025-01-11,Priya Chatterjee,Consumer,South,Clothing,T-Shirt,4,0.2,2595.2,441.18,Standard,7,2025-01,0.17
ORD-14138,2024-09-14,2024-09-19,Priya Chatterjee,Consumer,North,Groceries,Rice Pack,1,0.05,1343.3,80.6,Standard,5,2024-09,0.06
ORD-14139,2024-07-23,2024-07-24,Tanvi Mehta,Consumer,Central,Clothing,Sneakers,2,0.05,3292.7,757.32,Express,1,2024-07,0.23
ORD-14140,2025-06-21,2025-06-24,Meera Mehta,Consumer,South,Beauty,Makeup Kit,1,0.1,1702.8,306.5,Standard,3,2025-06,0.18
ORD-14141,2024-11-06,2024-11-07,Aditya Kapoor,Small Business,South,Furniture,Bed Frame,3,0.15,56607.45,6792.89,Standard,1,2024-11,0.12
ORD-14142,2024-05-23,2024-05-26,Arjun Kapoor,Consumer,South,Clothing,Sneakers,3,0.05,5634.45,1295.92,Standard,3,2024-05,0.23
ORD-14143,2024-02-19,2024-02-23,Rohan Sharma,Small Business,North,Groceries,Snacks Combo,3,0.0,1980.0,158.4,Same Day,4,2024-02,0.08
ORD-14144,2025-03-21,2025-03-24,Aarav Nair,Consumer,South,Furniture,Bed Frame,5,0.05,48331.25,7733.0,Same Day,3,2025-03,0.16
ORD-14145,2025-05-16,2025-05-21,Meera Reddy,Consumer,East,Furniture,Bed Frame,2,0.15,26727.4,3207.29,Standard,5,2025-05,0.12
ORD-14146,2025-04-29,2025-05-05,Tanvi Iyer,Corporate,West,Groceries,Beverages,5,0.1,3262.5,130.5,Standard,6,2025-04,0.04
ORD-14147,2025-09-01,2025-09-04,Kavya Mehta,Small Business,Central,Electronics,Tablet,3,0.1,61838.1,4947.05,Standard,3,2025-09,0.08
ORD-14148,2024-08-12,2024-08-15,Vivaan Verma,Corporate,West,Furniture,Office Chair,1,0.1,9725.4,1361.56,Express,3,2024-08,0.14
ORD-14149,2025-08-23,2025-08-26,Meera Joshi,Consumer,North,Groceries,Snacks Combo,2,0.15,411.4,8.23,Standard,3,2025-08,0.02
ORD-14150,2024-10-27,2024-10-31,Meera Singh,Consumer,North,Groceries,Cooking Oil,2,0.05,817.0,49.02,Standard,4,2024-10,0.06
ORD-14151,2024-12-04,2024-12-08,Zara Gupta,Consumer,South,Beauty,Makeup Kit,1,0.25,903.75,108.45,Standard,4,2024-12,0.12
ORD-14152,2025-03-09,2025-03-11,Rohan Rao,Consumer,Central,Furniture,Sofa,2,0.25,15235.5,1218.84,Same Day,2,2025-03,0.08
ORD-14153,2025-03-12,2025-03-18,Rahul Joshi,Small Business,North,Furniture,Sofa,1,0.15,14810.4,1777.25,Same Day,6,2025-03,0.12
ORD-14154,2025-11-21,2025-11-24,Rahul Chatterjee,Corporate,West,Beauty,Makeup Kit,1,0.0,2955.0,650.1,Standard,3,2025-11,0.22
ORD-14155,2024-06-06,2024-06-10,Rohan Verma,Consumer,South,Furniture,Bed Frame,3,0.05,41849.4,6695.9,Standard,4,2024-06,0.16
ORD-14156,2025-12-02,2025-12-04,Ishaan Reddy,Small Business,North,Beauty,Makeup Kit,5,0.0,9070.0,1995.4,Standard,2,2025-12,0.22
ORD-14157,2024-07-02,2024-07-08,Aarav Sharma,Consumer,Central,Beauty,Makeup Kit,4,0.0,9968.0,2192.96,Same Day,6,2024-07,0.22
ORD-14158,2024-04-02,2024-04-04,Diya Nair,Small Business,East,Groceries,Cooking Oil,2,0.0,2244.0,179.52,Express,2,2024-04,0.08
ORD-14159,2025-12-25,2025-12-30,Vihaan Mehta,Small Business,East,Beauty,Skincare Kit,3,0.25,2403.0,288.36,Standard,5,2025-12,0.12
ORD-14160,2024-05-03,2024-05-08,Arjun Joshi,Corporate,West,Clothing,Sneakers,5,0.05,9528.5,2191.55,Same Day,5,2024-05,0.23
ORD-14161,2024-10-08,2024-10-14,Sneha Khan,Corporate,North,Clothing,Jacket,3,0.2,9571.2,1627.1,Express,6,2024-10,0.17
ORD-14162,2024-06-28,2024-06-29,Diya Iyer,Consumer,North,Beauty,Skincare Kit,3,0.1,5961.6,1073.09,Standard,1,2024-06,0.18
ORD-14163,2025-03-01,2025-03-02,Zara Nair,Corporate,East,Electronics,Smartwatch,1,0.0,3007.0,360.84,Standard,1,2025-03,0.12
ORD-14164,2025-10-01,2025-10-08,Ananya Patel,Corporate,Central,Beauty,Trimmer,1,0.1,1474.2,265.36,Same Day,7,2025-10,0.18
ORD-14165,2025-07-26,2025-07-30,Ananya Verma,Consumer,East,Clothing,Sneakers,4,0.0,2832.0,708.0,Standard,4,2025-07,0.25
ORD-14166,2025-06-22,2025-06-29,Rahul Nair,Small Business,South,Electronics,Headphones,1,0.1,21400.2,1712.02,Standard,7,2025-06,0.08
ORD-14167,2025-01-05,2025-01-11,Arjun Rao,Corporate,South,Electronics,Tablet,4,0.1,146808.0,11744.64,Same Day,6,2025-01,0.08
ORD-14168,2024-04-02,2024-04-03,Sneha Sharma,Consumer,South,Furniture,Study Table,5,0.15,49691.0,5962.92,Standard,1,2024-04,0.12
ORD-14169,2025-08-18,2025-08-24,Rahul Singh,Corporate,South,Clothing,Jacket,4,0.05,6000.2,1380.05,Same Day,6,2025-08,0.23
ORD-14170,2025-09-01,2025-09-06,Priya Rao,Corporate,North,Beauty,Skincare Kit,3,0.25,5177.25,621.27,Express,5,2025-09,0.12
ORD-14171,2025-08-03,2025-08-10,Rahul Iyer,Corporate,South,Groceries,Cooking Oil,4,0.0,1784.0,142.72,Express,7,2025-08,0.08
ORD-14172,2024-06-05,2024-06-07,Arjun Malhotra,Consumer,West,Groceries,Rice Pack,3,0.15,627.3,12.55,Standard,2,2024-06,0.02
ORD-14173,2025-06-02,2025-06-09,Ishaan Malhotra,Small Business,North,Beauty,Makeup Kit,1,0.05,1558.95,311.79,Express,7,2025-06,0.2
ORD-14174,2024-04-10,2024-04-15,Rahul Joshi,Small Business,East,Clothing,T-Shirt,2,0.05,1003.2,230.74,Express,5,2024-04,0.23
ORD-14175,2025-03-05,2025-03-08,Meera Mehta,Corporate,Central,Beauty,Skincare Kit,3,0.05,2676.15,535.23,Same Day,3,2025-03,0.2
ORD-14176,2024-09-15,2024-09-20,Rahul Rao,Corporate,North,Groceries,Snacks Combo,5,0.2,1392.0,-0.0,Standard,5,2024-09,-0.0
ORD-14177,2024-06-04,2024-06-09,Vivaan Singh,Small Business,South,Clothing,Sneakers,1,0.15,3370.25,640.35,Express,5,2024-06,0.19
ORD-14178,2024-02-21,2024-02-25,Kavya Sharma,Consumer,Central,Furniture,Sofa,4,0.0,81800.0,14724.0,Standard,4,2024-02,0.18
ORD-14179,2024-02-14,2024-02-20,Rahul Malhotra,Small Business,East,Furniture,Office Chair,5,0.2,64516.0,6451.6,Express,6,2024-02,0.1
ORD-14180,2024-08-14,2024-08-18,Vivaan Mehta,Consumer,North,Groceries,Rice Pack,5,0.2,5608.0,-0.0,Express,4,2024-08,-0.0
ORD-14181,2025-03-12,2025-03-15,Rahul Joshi,Consumer,South,Groceries,Dairy Pack,5,0.2,4992.0,-0.0,Standard,3,2025-03,-0.0
ORD-14182,2024-12-13,2024-12-17,Aarav Chatterjee,Consumer,Central,Beauty,Makeup Kit,1,0.05,1508.6,301.72,Standard,4,2024-12,0.2
ORD-14183,2024-05-24,2024-05-26,Aarav Mehta,Consumer,East,Clothing,T-Shirt,1,0.2,2522.4,428.81,Standard,2,2024-05,0.17
ORD-14184,2024-08-24,2024-08-31,Saanvi Iyer,Small Business,South,Electronics,Headphones,4,0.05,105826.2,10582.62,Standard,7,2024-08,0.1
ORD-14185,2024-09-09,2024-09-13,Tanvi Malhotra,Small Business,West,Electronics,Smartwatch,3,0.2,53656.8,2146.27,Same Day,4,2024-09,0.04
ORD-14186,2024-03-29,2024-04-01,Om Chatterjee,Small Business,Central,Clothing,Jeans,3,0.05,4525.8,1040.93,Standard,3,2024-03,0.23
ORD-14187,2024-07-06,2024-07-08,Kabir Nair,Consumer,North,Clothing,Jeans,1,0.2,2903.2,493.54,Standard,2,2024-07,0.17
ORD-14188,2025-04-04,2025-04-08,Saanvi Iyer,Consumer,East,Groceries,Beverages,2,0.05,746.7,44.8,Standard,4,2025-04,0.06
ORD-14189,2025-07-12,2025-07-14,Ananya Rao,Consumer,West,Beauty,Makeup Kit,5,0.05,3842.75,768.55,Standard,2,2025-07,0.2
ORD-14190,2024-05-09,2024-05-13,Kavya Mehta,Consumer,North,Groceries,Beverages,2,0.05,1964.6,117.88,Express,4,2024-05,0.06
ORD-14191,2024-05-13,2024-05-17,Ananya Patel,Corporate,South,Furniture,Bookshelf,1,0.05,18468.95,2955.03,Standard,4,2024-05,0.16
ORD-14192,2024-10-17,2024-10-20,Priya Singh,Corporate,South,Electronics,Tablet,1,0.1,35457.3,2836.58,Standard,3,2024-10,0.08
ORD-14193,2024-08-22,2024-08-24,Tanvi Malhotra,Consumer,West,Beauty,Trimmer,4,0.0,3428.0,754.16,Express,2,2024-08,0.22
ORD-14194,2025-06-02,2025-06-04,Rahul Sharma,Small Business,East,Beauty,Skincare Kit,3,0.05,1111.5,222.3,Standard,2,2025-06,0.2
ORD-14195,2025-05-25,2025-05-27,Vivaan Sharma,Corporate,South,Furniture,Office Chair,5,0.05,85305.25,13648.84,Standard,2,2025-05,0.16
ORD-14196,2024-07-17,2024-07-21,Diya Chatterjee,Consumer,South,Furniture,Bed Frame,3,0.05,28465.8,4554.53,Express,4,2024-07,0.16
ORD-14197,2024-12-06,2024-12-10,Saanvi Verma,Corporate,East,Beauty,Perfume,2,0.15,829.6,132.74,Standard,4,2024-12,0.16
ORD-14198,2024-08-11,2024-08-14,Zara Iyer,Corporate,East,Clothing,Jeans,3,0.0,4344.0,1086.0,Standard,3,2024-08,0.25
ORD-14199,2025-02-09,2025-02-13,Vivaan Sharma,Corporate,West,Furniture,Bed Frame,4,0.0,59380.0,10688.4,Same Day,4,2025-02,0.18
ORD-14200,2025-10-26,2025-10-30,Kavya Patel,Corporate,West,Electronics,Smartphone,4,0.15,139420.4,8365.22,Express,4,2025-10,0.06
ORD-14201,2024-01-17,2024-01-23,Arjun Joshi,Consumer,Central,Clothing,Jeans,1,0.0,3296.0,824.0,Express,6,2024-01,0.25
ORD-14202,2025-03-21,2025-03-24,Arjun Iyer,Consumer,South,Furniture,Office Chair,1,0.0,18310.0,3295.8,Express,3,2025-03,0.18
ORD-14203,2025-01-27,2025-02-01,Neha Reddy,Consumer,Central,Beauty,Perfume,2,0.1,2959.2,532.66,Standard,5,2025-01,0.18
ORD-14204,2024-07-17,2024-07-20,Aditya Joshi,Corporate,West,Clothing,Sneakers,5,0.0,12680.0,3170.0,Standard,3,2024-07,0.25
ORD-14205,2024-01-23,2024-01-25,Kavya Mehta,Corporate,East,Furniture,Study Table,1,0.15,8378.45,1005.41,Standard,2,2024-01,0.12
ORD-14206,2024-09-12,2024-09-17,Aditya Singh,Consumer,West,Furniture,Study Table,4,0.05,17924.6,2867.94,Standard,5,2024-09,0.16
ORD-14207,2024-02-04,2024-02-08,Vihaan Mehta,Consumer,West,Electronics,Smartphone,1,0.1,21883.5,1750.68,Express,4,2024-02,0.08
ORD-14208,2025-03-10,2025-03-12,Vihaan Chatterjee,Consumer,North,Groceries,Dairy Pack,5,0.1,3501.0,140.04,Standard,2,2025-03,0.04
ORD-14209,2025-07-18,2025-07-20,Aarav Singh,Consumer,East,Furniture,Bed Frame,5,0.0,33740.0,6073.2,Express,2,2025-07,0.18
ORD-14210,2024-09-30,2024-10-01,Ishaan Sharma,Small Business,South,Groceries,Beverages,5,0.0,6435.0,514.8,Same Day,1,2024-09,0.08
ORD-14211,2024-06-02,2024-06-09,Neha Mehta,Consumer,Central,Groceries,Beverages,4,0.1,3243.6,129.74,Standard,7,2024-06,0.04
ORD-14212,2024-12-31,2025-01-05,Ananya Mehta,Corporate,East,Beauty,Perfume,5,0.1,13086.0,2355.48,Express,5,2024-12,0.18
ORD-14213,2024-11-10,2024-11-13,Tanvi Sharma,Consumer,South,Beauty,Hair Dryer,4,0.0,10884.0,2394.48,Standard,3,2024-11,0.22
ORD-14214,2025-04-06,2025-04-10,Saanvi Malhotra,Consumer,North,Groceries,Beverages,5,0.05,6583.5,395.01,Standard,4,2025-04,0.06
ORD-14215,2024-05-20,2024-05-24,Aditya Singh,Corporate,Central,Electronics,Smartwatch,5,0.1,207621.0,16609.68,Standard,4,2024-05,0.08
ORD-14216,2025-10-25,2025-10-26,Om Sharma,Corporate,West,Beauty,Perfume,3,0.1,5975.1,1075.52,Same Day,1,2025-10,0.18
ORD-14217,2025-03-12,2025-03-19,Rohan Singh,Consumer,South,Groceries,Beverages,5,0.2,5352.0,-0.0,Standard,7,2025-03,-0.0
ORD-14218,2024-08-26,2024-09-02,Vivaan Singh,Corporate,North,Furniture,Sofa,1,0.0,6506.0,1171.08,Standard,7,2024-08,0.18
ORD-14219,2025-03-20,2025-03-23,Rahul Joshi,Consumer,North,Beauty,Hair Dryer,3,0.05,6925.5,1385.1,Standard,3,2025-03,0.2
ORD-14220,2025-05-01,2025-05-04,Sneha Patel,Consumer,Central,Electronics,Smartphone,3,0.1,75176.1,6014.09,Standard,3,2025-05,0.08
ORD-14221,2024-10-18,2024-10-21,Kavya Das,Consumer,South,Groceries,Dairy Pack,2,0.05,1647.3,98.84,Same Day,3,2024-10,0.06
ORD-14222,2025-05-07,2025-05-13,Zara Kapoor,Consumer,North,Beauty,Trimmer,2,0.05,4459.3,891.86,Standard,6,2025-05,0.2
ORD-14223,2025-03-08,2025-03-15,Diya Verma,Small Business,North,Beauty,Skincare Kit,1,0.0,1891.0,416.02,Same Day,7,2025-03,0.22
ORD-14224,2025-12-17,2025-12-21,Priya Iyer,Small Business,North,Electronics,Smartwatch,4,0.25,32487.0,649.74,Express,4,2025-12,0.02
ORD-14225,2024-10-23,2024-10-26,Rahul Nair,Small Business,North,Beauty,Trimmer,5,0.2,6284.0,879.76,Express,3,2024-10,0.14
ORD-14226,2025-05-22,2025-05-24,Vivaan Das,Consumer,North,Electronics,Laptop,1,0.0,21791.0,2614.92,Standard,2,2025-05,0.12
ORD-14227,2024-03-22,2024-03-26,Diya Joshi,Consumer,West,Clothing,T-Shirt,2,0.1,5965.2,1252.69,Standard,4,2024-03,0.21
ORD-14228,2025-08-17,2025-08-21,Vivaan Malhotra,Consumer,West,Beauty,Hair Dryer,2,0.1,4422.6,796.07,Express,4,2025-08,0.18
ORD-14229,2025-09-21,2025-09-22,Kavya Sharma,Small Business,West,Clothing,Jacket,2,0.15,1037.0,197.03,Standard,1,2025-09,0.19
ORD-14230,2025-03-16,2025-03-18,Tanvi Verma,Consumer,North,Electronics,Tablet,5,0.05,39805.0,3980.5,Standard,2,2025-03,0.1
ORD-14231,2025-02-16,2025-02-21,Sneha Das,Consumer,North,Electronics,Tablet,3,0.25,125815.5,2516.31,Standard,5,2025-02,0.02
ORD-14232,2025-04-09,2025-04-10,Rahul Singh,Consumer,North,Furniture,Bookshelf,3,0.0,26952.0,4851.36,Standard,1,2025-04,0.18
ORD-14233,2025-11-24,2025-11-28,Aditya Chatterjee,Consumer,West,Beauty,Makeup Kit,2,0.05,2323.7,464.74,Standard,4,2025-11,0.2
ORD-14234,2025-02-22,2025-02-25,Aarav Singh,Corporate,East,Groceries,Dairy Pack,5,0.2,2240.0,0.0,Express,3,2025-02,0.0
ORD-14235,2025-07-06,2025-07-08,Zara Verma,Consumer,West,Electronics,Smartphone,1,0.0,30992.0,3719.04,Express,2,2025-07,0.12
ORD-14236,2024-09-02,2024-09-08,Aditya Sharma,Consumer,Central,Groceries,Dairy Pack,5,0.0,2240.0,179.2,Express,6,2024-09,0.08
ORD-14237,2025-07-06,2025-07-11,Aarav Joshi,Consumer,South,Furniture,Bed Frame,4,0.05,18107.0,2897.12,Standard,5,2025-07,0.16
ORD-14238,2024-09-01,2024-09-04,Aarav Kapoor,Small Business,West,Furniture,Office Chair,1,0.0,16273.0,2929.14,Standard,3,2024-09,0.18
ORD-14239,2025-02-04,2025-02-10,Rahul Sharma,Consumer,South,Clothing,T-Shirt,3,0.15,3289.5,625.0,Standard,6,2025-02,0.19
ORD-14240,2025-11-03,2025-11-06,Vivaan Das,Corporate,Central,Clothing,T-Shirt,4,0.25,6297.0,944.55,Standard,3,2025-11,0.15
ORD-14241,2024-02-20,2024-02-25,Vihaan Rao,Consumer,West,Clothing,Jacket,2,0.05,1626.4,374.07,Standard,5,2024-02,0.23
ORD-14242,2024-12-30,2025-01-06,Priya Patel,Consumer,South,Electronics,Smartphone,2,0.0,82156.0,9858.72,Express,7,2024-12,0.12
ORD-14243,2024-08-02,2024-08-06,Kavya Sharma,Consumer,South,Furniture,Office Chair,2,0.0,9898.0,1781.64,Standard,4,2024-08,0.18
ORD-14244,2024-06-27,2024-07-01,Rohan Joshi,Corporate,West,Beauty,Hair Dryer,5,0.05,2365.5,473.1,Standard,4,2024-06,0.2
ORD-14245,2025-01-04,2025-01-08,Vihaan Kapoor,Small Business,East,Electronics,Smartwatch,1,0.1,19671.3,1573.7,Same Day,4,2025-01,0.08
ORD-14246,2025-05-10,2025-05-13,Meera Chatterjee,Consumer,East,Clothing,Jeans,1,0.1,520.2,109.24,Standard,3,2025-05,0.21
ORD-14247,2024-09-16,2024-09-17,Arjun Rao,Consumer,East,Clothing,Sneakers,1,0.0,448.0,112.0,Express,1,2024-09,0.25
ORD-14248,2024-10-07,2024-10-14,Rahul Chatterjee,Small Business,South,Electronics,Smartwatch,4,0.05,137411.8,13741.18,Standard,7,2024-10,0.1
ORD-14249,2025-07-02,2025-07-07,Vihaan Chatterjee,Corporate,Central,Electronics,Tablet,4,0.2,125056.0,5002.24,Express,5,2025-07,0.04
ORD-14250,2024-11-05,2024-11-09,Saanvi Patel,Corporate,South,Beauty,Makeup Kit,1,0.05,1819.25,363.85,Express,4,2024-11,0.2
ORD-14251,2024-10-28,2024-11-02,Kavya Reddy,Consumer,South,Electronics,Laptop,5,0.25,61211.25,1224.22,Express,5,2024-10,0.02
ORD-14252,2024-07-24,2024-07-28,Vihaan Singh,Consumer,East,Furniture,Sofa,2,0.0,21882.0,3938.76,Standard,4,2024-07,0.18
ORD-14253,2025-06-22,2025-06-28,Kabir Khan,Consumer,South,Clothing,Jacket,5,0.1,15813.0,3320.73,Standard,6,2025-06,0.21
ORD-14254,2024-02-14,2024-02-19,Arjun Singh,Consumer,Central,Clothing,Jacket,1,0.2,2259.2,384.06,Standard,5,2024-02,0.17
ORD-14255,2025-10-12,2025-10-17,Ananya Kapoor,Consumer,North,Furniture,Office Chair,3,0.0,69180.0,12452.4,Standard,5,2025-10,0.18
ORD-14256,2025-04-26,2025-05-01,Kavya Chatterjee,Corporate,Central,Groceries,Beverages,5,0.05,6331.75,379.9,Standard,5,2025-04,0.06
ORD-14257,2024-02-20,2024-02-25,Vihaan Verma,Small Business,West,Beauty,Trimmer,3,0.0,8136.0,1789.92,Standard,5,2024-02,0.22
ORD-14258,2025-06-26,2025-07-03,Vihaan Verma,Consumer,East,Clothing,Jacket,5,0.0,7970.0,1992.5,Express,7,2025-06,0.25
ORD-14259,2024-09-11,2024-09-15,Sneha Kapoor,Corporate,East,Clothing,Jacket,3,0.05,7569.6,1741.01,Standard,4,2024-09,0.23
ORD-14260,2024-12-01,2024-12-02,Diya Iyer,Corporate,Central,Groceries,Snacks Combo,1,0.25,1092.75,-21.86,Standard,1,2024-12,-0.02
ORD-14261,2024-04-11,2024-04-16,Neha Nair,Consumer,West,Groceries,Beverages,3,0.1,2675.7,107.03,Standard,5,2024-04,0.04
ORD-14262,2024-11-02,2024-11-04,Vihaan Sharma,Consumer,East,Furniture,Bookshelf,5,0.15,40081.75,4809.81,Express,2,2024-11,0.12
ORD-14263,2025-09-04,2025-09-08,Aarav Mehta,Corporate,North,Electronics,Tablet,2,0.15,50716.1,3042.97,Standard,4,2025-09,0.06
ORD-14264,2025-07-16,2025-07-19,Ananya Iyer,Consumer,Central,Electronics,Smartphone,1,0.15,18559.75,1113.58,Express,3,2025-07,0.06
ORD-14265,2025-09-14,2025-09-20,Ananya Joshi,Consumer,North,Electronics,Smartwatch,5,0.1,220932.0,17674.56,Standard,6,2025-09,0.08
ORD-14266,2024-12-04,2024-12-07,Aditya Joshi,Small Business,South,Clothing,Formal Shirt,4,0.15,4906.2,932.18,Standard,3,2024-12,0.19
ORD-14267,2025-11-01,2025-11-05,Aarav Patel,Small Business,South,Beauty,Skincare Kit,4,0.1,1803.6,324.65,Standard,4,2025-11,0.18
ORD-14268,2024-01-09,2024-01-11,Arjun Das,Consumer,South,Groceries,Snacks Combo,2,0.15,2429.3,48.59,Standard,2,2024-01,0.02
ORD-14269,2025-05-01,2025-05-04,Aarav Joshi,Consumer,North,Electronics,Smartphone,5,0.1,162423.0,12993.84,Express,3,2025-05,0.08
ORD-14270,2025-12-03,2025-12-07,Ananya Chatterjee,Corporate,West,Groceries,Snacks Combo,5,0.15,3077.0,61.54,Standard,4,2025-12,0.02
ORD-14271,2025-12-07,2025-12-11,Aarav Gupta,Corporate,Central,Beauty,Trimmer,1,0.2,404.0,56.56,Express,4,2025-12,0.14
ORD-14272,2025-07-30,2025-08-06,Ishaan Malhotra,Corporate,North,Clothing,Jeans,1,0.2,2182.4,371.01,Standard,7,2025-07,0.17
ORD-14273,2024-08-02,2024-08-06,Ananya Kapoor,Corporate,South,Furniture,Bookshelf,4,0.05,47161.8,7545.89,Express,4,2024-08,0.16
ORD-14274,2025-05-21,2025-05-25,Sneha Malhotra,Consumer,Central,Furniture,Office Chair,3,0.0,60477.0,10885.86,Standard,4,2025-05,0.18
ORD-14275,2024-02-13,2024-02-16,Neha Sharma,Corporate,North,Furniture,Study Table,5,0.2,24056.0,2405.6,Standard,3,2024-02,0.1
ORD-14276,2025-12-07,2025-12-08,Zara Kapoor,Corporate,West,Groceries,Rice Pack,4,0.05,684.0,41.04,Express,1,2025-12,0.06
ORD-14277,2024-08-11,2024-08-14,Zara Nair,Consumer,East,Groceries,Beverages,4,0.0,2268.0,181.44,Express,3,2024-08,0.08
ORD-14278,2025-11-18,2025-11-24,Kavya Kapoor,Consumer,West,Clothing,Jacket,2,0.25,2775.0,416.25,Standard,6,2025-11,0.15
ORD-14279,2025-09-14,2025-09-20,Neha Sharma,Consumer,Central,Beauty,Trimmer,3,0.2,7065.6,989.18,Express,6,2025-09,0.14
ORD-14280,2024-09-25,2024-10-02,Aarav Das,Consumer,Central,Groceries,Dairy Pack,2,0.0,2232.0,178.56,Standard,7,2024-09,0.08
ORD-14281,2025-08-14,2025-08-17,Om Singh,Consumer,North,Groceries,Cooking Oil,4,0.0,5964.0,477.12,Express,3,2025-08,0.08
ORD-14282,2025-06-27,2025-07-01,Sneha Sharma,Corporate,Central,Groceries,Dairy Pack,4,0.0,1616.0,129.28,Standard,4,2025-06,0.08
ORD-14283,2025-10-27,2025-11-02,Om Chatterjee,Corporate,North,Furniture,Sofa,2,0.05,29501.3,4720.21,Standard,6,2025-10,0.16
ORD-14284,2024-08-14,2024-08-15,Meera Reddy,Corporate,East,Groceries,Beverages,1,0.2,360.0,0.0,Express,1,2024-08,0.0
ORD-14285,2024-07-18,2024-07-23,Rahul Sharma,Corporate,Central,Electronics,Laptop,1,0.25,16794.75,335.89,Standard,5,2024-07,0.02
ORD-14286,2025-07-31,2025-08-04,Priya Singh,Consumer,East,Clothing,Jeans,2,0.05,5880.5,1352.52,Standard,4,2025-07,0.23
ORD-14287,2025-07-21,2025-07-22,Sneha Nair,Consumer,West,Groceries,Snacks Combo,4,0.2,3856.0,0.0,Standard,1,2025-07,0.0
ORD-14288,2025-06-23,2025-06-28,Neha Singh,Corporate,North,Electronics,Smartphone,5,0.1,264303.0,21144.24,Standard,5,2025-06,0.08
ORD-14289,2024-04-25,2024-04-27,Ananya Iyer,Small Business,West,Beauty,Perfume,2,0.05,4997.0,999.4,Standard,2,2024-04,0.2
ORD-14290,2025-06-10,2025-06-17,Kavya Iyer,Small Business,East,Beauty,Perfume,4,0.15,3689.0,590.24,Express,7,2025-06,0.16
ORD-14291,2025-03-19,2025-03-26,Aarav Patel,Consumer,South,Clothing,Jacket,1,0.0,1939.0,484.75,Standard,7,2025-03,0.25
ORD-14292,2025-07-21,2025-07-22,Vivaan Khan,Consumer,Central,Electronics,Laptop,2,0.0,105400.0,12648.0,Standard,1,2025-07,0.12
ORD-14293,2025-11-03,2025-11-07,Rahul Mehta,Consumer,North,Groceries,Rice Pack,2,0.0,1088.0,87.04,Standard,4,2025-11,0.08
ORD-14294,2025-04-30,2025-05-07,Meera Sharma,Consumer,North,Furniture,Study Table,1,0.15,15378.2,1845.38,Standard,7,2025-04,0.12
ORD-14295,2025-05-16,2025-05-20,Rahul Mehta,Small Business,East,Furniture,Office Chair,1,0.05,18043.35,2886.94,Standard,4,2025-05,0.16
ORD-14296,2024-03-30,2024-04-01,Aditya Iyer,Consumer,South,Groceries,Snacks Combo,5,0.0,4395.0,351.6,Express,2,2024-03,0.08
ORD-14297,2024-02-15,2024-02-20,Neha Joshi,Consumer,South,Groceries,Beverages,4,0.1,986.4,39.46,Express,5,2024-02,0.04
ORD-14298,2024-12-22,2024-12-25,Saanvi Das,Corporate,East,Electronics,Smartphone,5,0.05,222604.0,22260.4,Standard,3,2024-12,0.1
ORD-14299,2024-11-20,2024-11-22,Vihaan Verma,Consumer,West,Clothing,Jacket,2,0.25,2529.0,379.35,Standard,2,2024-11,0.15
ORD-14300,2024-06-20,2024-06-22,Vihaan Sharma,Consumer,West,Furniture,Study Table,5,0.1,109354.5,15309.63,Standard,2,2024-06,0.14
ORD-14301,2025-04-08,2025-04-11,Sneha Khan,Consumer,South,Beauty,Makeup Kit,1,0.05,813.2,162.64,Standard,3,2025-04,0.2
ORD-14302,2024-08-03,2024-08-07,Saanvi Reddy,Small Business,North,Groceries,Cooking Oil,4,0.25,3996.0,-79.92,Standard,4,2024-08,-0.02
ORD-14303,2024-09-28,2024-10-01,Aarav Patel,Consumer,North,Electronics,Laptop,2,0.0,11388.0,1366.56,Express,3,2024-09,0.12
ORD-14304,2025-11-16,2025-11-21,Om Das,Consumer,North,Beauty,Makeup Kit,3,0.05,4272.15,854.43,Same Day,5,2025-11,0.2
ORD-14305,2025-10-23,2025-10-30,Kavya Singh,Consumer,South,Electronics,Smartwatch,1,0.1,25328.7,2026.3,Standard,7,2025-10,0.08
ORD-14306,2025-10-05,2025-10-11,Kabir Khan,Corporate,South,Groceries,Dairy Pack,2,0.05,285.0,17.1,Standard,6,2025-10,0.06
ORD-14307,2025-11-08,2025-11-12,Aarav Patel,Consumer,South,Beauty,Perfume,5,0.0,6210.0,1366.2,Standard,4,2025-11,0.22
ORD-14308,2024-07-08,2024-07-13,Tanvi Nair,Consumer,South,Clothing,Jeans,2,0.15,860.2,163.44,Express,5,2024-07,0.19
ORD-14309,2025-08-24,2025-08-30,Tanvi Rao,Consumer,South,Furniture,Bookshelf,5,0.0,65140.0,11725.2,Express,6,2025-08,0.18
ORD-14310,2025-10-22,2025-10-29,Arjun Das,Consumer,South,Electronics,Tablet,1,0.1,49873.5,3989.88,Standard,7,2025-10,0.08
ORD-14311,2024-11-10,2024-11-12,Vihaan Patel,Consumer,South,Groceries,Rice Pack,4,0.0,4112.0,328.96,Express,2,2024-11,0.08
ORD-14312,2025-08-29,2025-08-30,Aarav Singh,Consumer,Central,Furniture,Bookshelf,1,0.0,19712.0,3548.16,Standard,1,2025-08,0.18
ORD-14313,2024-11-25,2024-12-02,Ishaan Singh,Corporate,South,Clothing,Jeans,4,0.15,12739.8,2420.56,Same Day,7,2024-11,0.19
ORD-14314,2025-04-25,2025-05-01,Rahul Iyer,Consumer,West,Electronics,Laptop,3,0.05,100186.05,10018.6,Express,6,2025-04,0.1
ORD-14315,2025-06-24,2025-07-01,Kabir Mehta,Small Business,East,Electronics,Smartphone,3,0.0,98028.0,11763.36,Standard,7,2025-06,0.12
ORD-14316,2024-06-20,2024-06-26,Neha Singh,Consumer,East,Furniture,Study Table,4,0.0,57880.0,10418.4,Standard,6,2024-06,0.18
ORD-14317,2024-11-20,2024-11-27,Neha Singh,Corporate,Central,Electronics,Smartphone,4,0.2,12214.4,488.58,Standard,7,2024-11,0.04
ORD-14318,2025-04-30,2025-05-05,Om Reddy,Consumer,South,Groceries,Snacks Combo,3,0.0,3780.0,302.4,Standard,5,2025-04,0.08
ORD-14319,2024-06-10,2024-06-13,Aarav Verma,Consumer,South,Groceries,Snacks Combo,3,0.05,758.1,45.49,Same Day,3,2024-06,0.06
ORD-14320,2025-10-09,2025-10-11,Zara Mehta,Consumer,West,Electronics,Smartwatch,3,0.1,153214.2,12257.14,Standard,2,2025-10,0.08
ORD-14321,2024-10-08,2024-10-11,Kavya Verma,Corporate,North,Clothing,Formal Shirt,3,0.15,4128.45,784.41,Same Day,3,2024-10,0.19
ORD-14322,2025-05-17,2025-05-18,Ishaan Patel,Small Business,North,Clothing,T-Shirt,2,0.05,1033.6,237.73,Standard,1,2025-05,0.23
ORD-14323,2025-09-11,2025-09-13,Priya Kapoor,Consumer,West,Clothing,Sneakers,1,0.15,1309.85,248.87,Express,2,2025-09,0.19
ORD-14324,2024-06-12,2024-06-17,Aditya Verma,Consumer,North,Furniture,Study Table,4,0.0,45448.0,8180.64,Express,5,2024-06,0.18
ORD-14325,2024-04-09,2024-04-10,Vihaan Reddy,Consumer,West,Furniture,Sofa,1,0.0,24893.0,4480.74,Standard,1,2024-04,0.18
ORD-14326,2024-05-31,2024-06-02,Kavya Chatterjee,Corporate,East,Groceries,Cooking Oil,5,0.0,2400.0,192.0,Express,2,2024-05,0.08
ORD-14327,2025-06-28,2025-06-29,Rohan Das,Consumer,East,Groceries,Snacks Combo,2,0.05,2112.8,126.77,Same Day,1,2025-06,0.06
ORD-14328,2024-07-22,2024-07-23,Aditya Singh,Consumer,East,Furniture,Study Table,5,0.0,105020.0,18903.6,Express,1,2024-07,0.18
ORD-14329,2024-04-08,2024-04-11,Meera Mehta,Corporate,North,Clothing,Jeans,4,0.25,1251.0,187.65,Express,3,2024-04,0.15
ORD-14330,2025-02-10,2025-02-12,Neha Nair,Consumer,North,Clothing,T-Shirt,2,0.05,3908.3,898.91,Standard,2,2025-02,0.23
ORD-14331,2025-05-09,2025-05-10,Zara Kapoor,Corporate,East,Clothing,Jeans,1,0.05,3570.1,821.12,Standard,1,2025-05,0.23
ORD-14332,2024-01-09,2024-01-11,Rahul Malhotra,Consumer,West,Beauty,Perfume,5,0.2,1900.0,266.0,Standard,2,2024-01,0.14
ORD-14333,2025-08-24,2025-08-28,Om Rao,Corporate,West,Beauty,Perfume,1,0.0,619.0,136.18,Express,4,2025-08,0.22
ORD-14334,2024-03-17,2024-03-23,Aditya Khan,Consumer,South,Clothing,Sneakers,1,0.0,1557.0,389.25,Standard,6,2024-03,0.25
ORD-14335,2024-05-26,2024-06-02,Kabir Khan,Corporate,North,Clothing,Jacket,4,0.15,6256.0,1188.64,Standard,7,2024-05,0.19
ORD-14336,2025-03-02,2025-03-05,Rahul Verma,Small Business,South,Electronics,Laptop,2,0.1,35677.8,2854.22,Express,3,2025-03,0.08
ORD-14337,2025-07-06,2025-07-09,Arjun Nair,Corporate,Central,Groceries,Dairy Pack,5,0.0,1910.0,152.8,Express,3,2025-07,0.08
ORD-14338,2025-06-16,2025-06-23,Om Sharma,Corporate,South,Groceries,Rice Pack,2,0.05,1539.0,92.34,Standard,7,2025-06,0.06
ORD-14339,2024-02-17,2024-02-24,Neha Reddy,Consumer,West,Clothing,Formal Shirt,1,0.1,2270.7,476.85,Same Day,7,2024-02,0.21
ORD-14340,2024-11-15,2024-11-18,Om Nair,Consumer,West,Electronics,Tablet,5,0.05,19437.0,1943.7,Same Day,3,2024-11,0.1
ORD-14341,2024-04-27,2024-05-03,Vivaan Kapoor,Small Business,North,Electronics,Tablet,5,0.15,70554.25,4233.26,Express,6,2024-04,0.06
ORD-14342,2025-07-01,2025-07-07,Kavya Das,Consumer,West,Clothing,Formal Shirt,1,0.0,2110.0,527.5,Express,6,2025-07,0.25
ORD-14343,2025-04-06,2025-04-08,Sneha Das,Corporate,North,Clothing,Jeans,2,0.05,4221.8,971.01,Standard,2,2025-04,0.23
ORD-14344,2024-07-13,2024-07-16,Ishaan Kapoor,Consumer,South,Electronics,Headphones,4,0.05,82376.4,8237.64,Same Day,3,2024-07,0.1
ORD-14345,2024-02-15,2024-02-19,Kabir Gupta,Consumer,West,Furniture,Office Chair,1,0.15,8473.65,1016.84,Standard,4,2024-02,0.12
ORD-14346,2024-02-19,2024-02-26,Tanvi Kapoor,Consumer,South,Groceries,Cooking Oil,3,0.2,2388.0,-0.0,Express,7,2024-02,-0.0
ORD-14347,2025-01-17,2025-01-22,Vivaan Kapoor,Consumer,North,Electronics,Laptop,3,0.0,112143.0,13457.16,Standard,5,2025-01,0.12
ORD-14348,2025-04-15,2025-04-19,Om Mehta,Consumer,South,Groceries,Snacks Combo,5,0.05,3743.0,224.58,Standard,4,2025-04,0.06
ORD-14349,2025-08-14,2025-08-15,Ananya Khan,Consumer,North,Beauty,Skincare Kit,3,0.05,3838.95,767.79,Standard,1,2025-08,0.2
ORD-14350,2025-04-25,2025-04-26,Vihaan Khan,Consumer,West,Beauty,Trimmer,2,0.2,2006.4,280.9,Express,1,2025-04,0.14
ORD-14351,2024-07-14,2024-07-15,Diya Verma,Corporate,North,Furniture,Bed Frame,1,0.05,19898.7,3183.79,Standard,1,2024-07,0.16
ORD-14352,2024-09-12,2024-09-17,Zara Khan,Consumer,East,Electronics,Tablet,2,0.0,10758.0,1290.96,Standard,5,2024-09,0.12
ORD-14353,2025-05-18,2025-05-23,Aarav Mehta,Small Business,South,Clothing,T-Shirt,3,0.0,2466.0,616.5,Express,5,2025-05,0.25
ORD-14354,2024-07-08,2024-07-15,Rohan Nair,Consumer,North,Electronics,Laptop,5,0.0,243315.0,29197.8,Standard,7,2024-07,0.12
ORD-14355,2024-04-08,2024-04-15,Aarav Kapoor,Consumer,Central,Electronics,Smartwatch,1,0.1,29258.1,2340.65,Standard,7,2024-04,0.08
ORD-14356,2024-11-22,2024-11-23,Diya Rao,Consumer,South,Furniture,Study Table,1,0.05,7280.8,1164.93,Standard,1,2024-11,0.16
ORD-14357,2024-02-15,2024-02-21,Rohan Reddy,Corporate,East,Groceries,Dairy Pack,4,0.05,3982.4,238.94,Standard,6,2024-02,0.06
ORD-14358,2024-10-15,2024-10-18,Priya Mehta,Corporate,North,Beauty,Trimmer,3,0.05,2208.75,441.75,Express,3,2024-10,0.2
ORD-14359,2025-05-18,2025-05-21,Kavya Das,Corporate,South,Clothing,Jacket,2,0.1,4134.6,868.27,Standard,3,2025-05,0.21
ORD-14360,2025-03-14,2025-03-21,Saanvi Reddy,Consumer,North,Groceries,Snacks Combo,1,0.1,733.5,29.34,Express,7,2025-03,0.04
ORD-14361,2025-08-02,2025-08-05,Rahul Chatterjee,Consumer,North,Furniture,Office Chair,4,0.25,23088.0,1847.04,Standard,3,2025-08,0.08
ORD-14362,2024-06-27,2024-07-03,Tanvi Chatterjee,Small Business,Central,Clothing,Jacket,1,0.05,2356.95,518.1618239239527,Standard,6,2024-06,0.22
ORD-14363,2024-10-17,2024-10-19,Diya Rao,Consumer,North,Electronics,Tablet,1,0.05,32889.0,3288.9,Standard,2,2024-10,0.1
ORD-14364,2024-11-10,2024-11-12,Sneha Malhotra,Consumer,East,Furniture,Sofa,5,0.0,68660.0,12358.8,Standard,2,2024-11,0.18
ORD-14365,2025-01-10,2025-01-14,Kavya Das,Consumer,West,Beauty,Skincare Kit,3,0.0,8019.0,1764.18,Standard,4,2025-01,0.22
ORD-14366,2025-02-20,2025-02-24,Om Rao,Consumer,West,Groceries,Rice Pack,1,0.0,1183.0,94.64,Same Day,4,2025-02,0.08
ORD-14367,2024-04-10,2024-04-14,Rahul Joshi,Consumer,South,Electronics,Headphones,3,0.1,67686.3,5414.9,Express,4,2024-04,0.08
ORD-14368,2024-10-13,2024-10-17,Ananya Sharma,Consumer,West,Electronics,Headphones,3,0.0,157782.0,18933.84,Express,4,2024-10,0.12
ORD-14369,2024-03-24,2024-03-26,Meera Singh,Small Business,West,Clothing,Jacket,3,0.0,1752.0,438.0,Standard,2,2024-03,0.25
ORD-14370,2025-05-16,2025-05-23,Ananya Verma,Consumer,South,Beauty,Makeup Kit,1,0.2,2082.4,291.54,Express,7,2025-05,0.14
ORD-14371,2024-09-03,2024-09-05,Neha Das,Consumer,North,Furniture,Bed Frame,2,0.05,41993.8,6719.01,Same Day,2,2024-09,0.16
ORD-14372,2024-03-01,2024-03-03,Meera Chatterjee,Consumer,North,Beauty,Perfume,4,0.1,3391.2,610.42,Standard,2,2024-03,0.18
ORD-14373,2024-12-13,2024-12-16,Ananya Gupta,Consumer,North,Furniture,Bookshelf,3,0.1,23036.4,3225.1,Standard,3,2024-12,0.14
ORD-14374,2025-06-22,2025-06-26,Kavya Khan,Corporate,East,Furniture,Bookshelf,1,0.0,10229.0,1841.22,Standard,4,2025-06,0.18
ORD-14375,2024-06-09,2024-06-11,Arjun Kapoor,Consumer,North,Groceries,Snacks Combo,4,0.1,2404.8,96.19,Express,2,2024-06,0.04
ORD-14376,2024-01-27,2024-01-28,Arjun Kapoor,Corporate,West,Clothing,Jeans,1,0.2,1980.8,336.74,Standard,1,2024-01,0.17
ORD-14377,2025-12-25,2026-01-01,Vivaan Joshi,Consumer,West,Groceries,Beverages,2,0.15,1572.5,31.45,Express,7,2025-12,0.02
ORD-14378,2025-11-27,2025-12-03,Ishaan Chatterjee,Consumer,North,Electronics,Tablet,5,0.05,238207.75,23820.78,Express,6,2025-11,0.1
ORD-14379,2024-01-08,2024-01-10,Kabir Joshi,Small Business,West,Furniture,Bookshelf,3,0.0,64887.0,11679.66,Standard,2,2024-01,0.18
ORD-14380,2025-03-29,2025-03-30,Vihaan Singh,Small Business,Central,Electronics,Tablet,3,0.1,39244.5,3139.56,Standard,1,2025-03,0.08
ORD-14381,2025-02-03,2025-02-07,Kabir Kapoor,Small Business,North,Groceries,Beverages,2,0.05,980.4,58.82,Standard,4,2025-02,0.06
ORD-14382,2024-06-18,2024-06-22,Sneha Verma,Small Business,North,Groceries,Cooking Oil,5,0.05,5719.0,343.14,Express,4,2024-06,0.06
ORD-14383,2024-01-25,2024-01-26,Ishaan Sharma,Small Business,South,Electronics,Headphones,1,0.15,20769.75,1246.18,Standard,1,2024-01,0.06
ORD-14384,2025-09-08,2025-09-09,Kavya Sharma,Consumer,North,Electronics,Headphones,5,0.0,291635.0,34996.2,Standard,1,2025-09,0.12
ORD-14385,2024-08-13,2024-08-15,Ananya Nair,Corporate,East,Groceries,Dairy Pack,2,0.1,2505.6,100.22,Standard,2,2024-08,0.04
ORD-14386,2024-11-07,2024-11-13,Rohan Gupta,Corporate,Central,Beauty,Trimmer,3,0.05,5682.9,1136.58,Standard,6,2024-11,0.2
ORD-14387,2025-08-25,2025-08-30,Sneha Reddy,Corporate,North,Beauty,Hair Dryer,5,0.05,7661.75,1532.35,Same Day,5,2025-08,0.2
ORD-14388,2025-06-19,2025-06-22,Vihaan Malhotra,Corporate,South,Furniture,Office Chair,1,0.0,20114.0,3620.52,Express,3,2025-06,0.18
ORD-14389,2025-05-05,2025-05-06,Zara Reddy,Corporate,North,Beauty,Trimmer,3,0.1,842.4,151.63,Standard,1,2025-05,0.18
ORD-14390,2025-08-17,2025-08-23,Diya Chatterjee,Corporate,South,Groceries,Dairy Pack,5,0.1,2452.5,98.1,Express,6,2025-08,0.04
ORD-14391,2025-11-17,2025-11-22,Aditya Chatterjee,Small Business,East,Electronics,Laptop,3,0.0,83871.0,10064.52,Express,5,2025-11,0.12
ORD-14392,2024-07-26,2024-07-30,Rohan Mehta,Corporate,South,Beauty,Skincare Kit,5,0.05,6327.0,1265.4,Standard,4,2024-07,0.2
ORD-14393,2025-06-01,2025-06-08,Neha Verma,Consumer,East,Furniture,Bed Frame,5,0.05,35748.5,5719.76,Standard,7,2025-06,0.16
ORD-14394,2024-03-23,2024-03-26,Neha Reddy,Small Business,Central,Furniture,Bed Frame,4,0.0,96860.0,17434.8,Express,3,2024-03,0.18
ORD-14395,2025-01-13,2025-01-15,Priya Kapoor,Consumer,East,Clothing,Formal Shirt,5,0.1,12442.5,2612.93,Standard,2,2025-01,0.21
ORD-14396,2025-09-30,2025-10-01,Sneha Nair,Consumer,West,Electronics,Smartwatch,4,0.15,92313.4,5538.8,Express,1,2025-09,0.06
ORD-14397,2024-01-31,2024-02-07,Om Das,Consumer,East,Clothing,Jeans,2,0.0,2652.0,663.0,Express,7,2024-01,0.25
ORD-14398,2025-12-12,2025-12-13,Priya Joshi,Consumer,Central,Electronics,Tablet,2,0.0,47480.0,5697.6,Same Day,1,2025-12,0.12
ORD-14399,2025-10-30,2025-11-01,Sneha Singh,Consumer,North,Furniture,Bed Frame,2,0.1,11615.4,1626.16,Express,2,2025-10,0.14
ORD-14400,2025-07-02,2025-07-05,Saanvi Mehta,Small Business,North,Groceries,Rice Pack,4,0.15,1139.0,22.78,Standard,3,2025-07,0.02
ORD-14401,2024-09-01,2024-09-03,Vihaan Das,Consumer,South,Clothing,Jeans,1,0.0,3616.0,904.0,Express,2,2024-09,0.25
ORD-14402,2024-04-04,2024-04-09,Vihaan Rao,Small Business,South,Groceries,Snacks Combo,4,0.05,1406.0,84.36,Standard,5,2024-04,0.06
ORD-14403,2025-06-27,2025-06-28,Aarav Rao,Consumer,North,Clothing,T-Shirt,1,0.05,2596.35,597.16,Express,1,2025-06,0.23
ORD-14404,2024-04-02,2024-04-08,Aarav Chatterjee,Consumer,North,Furniture,Sofa,2,0.05,36903.7,5904.59,Standard,6,2024-04,0.16
ORD-14405,2025-08-03,2025-08-06,Diya Reddy,Corporate,North,Electronics,Laptop,4,0.05,135937.4,13593.74,Standard,3,2025-08,0.1
ORD-14406,2025-09-19,2025-09-23,Meera Malhotra,Corporate,East,Beauty,Perfume,3,0.1,2940.3,529.25,Express,4,2025-09,0.18
ORD-14407,2024-10-14,2024-10-20,Vihaan Kapoor,Small Business,West,Electronics,Laptop,5,0.1,109012.5,8721.0,Standard,6,2024-10,0.08
ORD-14408,2024-07-28,2024-08-01,Sneha Gupta,Consumer,West,Beauty,Perfume,4,0.05,7991.4,1598.28,Standard,4,2024-07,0.2
ORD-14409,2024-04-14,2024-04-18,Diya Joshi,Consumer,West,Beauty,Hair Dryer,2,0.05,4696.8,939.36,Same Day,4,2024-04,0.2
ORD-14410,2025-09-12,2025-09-15,Rohan Das,Consumer,Central,Electronics,Smartwatch,5,0.0,278520.0,33422.4,Express,3,2025-09,0.12
ORD-14411,2025-06-01,2025-06-04,Priya Khan,Consumer,East,Groceries,Beverages,3,0.05,3536.85,212.21,Same Day,3,2025-06,0.06
ORD-14412,2024-05-20,2024-05-26,Arjun Rao,Small Business,South,Groceries,Beverages,5,0.25,5272.5,-105.45,Standard,6,2024-05,-0.02
ORD-14413,2024-04-16,2024-04-18,Ishaan Khan,Consumer,East,Groceries,Dairy Pack,2,0.1,642.6,25.7,Standard,2,2024-04,0.04
ORD-14414,2024-07-27,2024-08-01,Zara Joshi,Consumer,North,Furniture,Office Chair,3,0.15,40532.25,4863.87,Standard,5,2024-07,0.12
ORD-14415,2025-02-04,2025-02-09,Kabir Verma,Small Business,North,Clothing,Jacket,3,0.15,3225.75,612.89,Standard,5,2025-02,0.19
ORD-14416,2025-06-10,2025-06-14,Diya Nair,Small Business,West,Beauty,Skincare Kit,4,0.0,3916.0,861.52,Express,4,2025-06,0.22
ORD-14417,2025-05-31,2025-06-02,Rahul Singh,Small Business,West,Clothing,T-Shirt,1,0.0,2254.0,563.5,Same Day,2,2025-05,0.25
ORD-14418,2024-11-25,2024-11-30,Vihaan Singh,Consumer,Central,Beauty,Perfume,3,0.1,2581.2,464.62,Standard,5,2024-11,0.18
ORD-14419,2025-08-03,2025-08-05,Arjun Joshi,Consumer,West,Beauty,Trimmer,5,0.2,11584.0,1621.76,Express,2,2025-08,0.14
ORD-14420,2024-06-17,2024-06-21,Rahul Kapoor,Small Business,South,Beauty,Makeup Kit,2,0.05,495.9,99.18,Express,4,2024-06,0.2
ORD-14421,2025-06-23,2025-06-26,Kabir Chatterjee,Consumer,North,Beauty,Perfume,1,0.05,1242.6,248.52,Standard,3,2025-06,0.2
ORD-14422,2025-10-19,2025-10-25,Aarav Patel,Consumer,Central,Groceries,Beverages,5,0.25,742.5,-14.85,Express,6,2025-10,-0.02
ORD-14423,2024-06-22,2024-06-24,Aditya Das,Consumer,East,Clothing,Formal Shirt,1,0.1,668.7,140.43,Standard,2,2024-06,0.21
ORD-14424,2024-08-05,2024-08-10,Zara Khan,Consumer,Central,Clothing,Formal Shirt,5,0.0,19275.0,4818.75,Express,5,2024-08,0.25
ORD-14425,2025-12-27,2026-01-01,Kavya Das,Consumer,South,Beauty,Hair Dryer,1,0.0,2939.0,646.58,Standard,5,2025-12,0.22
ORD-14426,2025-10-21,2025-10-26,Sneha Patel,Consumer,Central,Clothing,T-Shirt,2,0.25,4999.5,749.92,Standard,5,2025-10,0.15
ORD-14427,2024-04-22,2024-04-27,Saanvi Joshi,Consumer,West,Groceries,Beverages,4,0.0,4356.0,348.48,Express,5,2024-04,0.08
ORD-14428,2025-02-15,2025-02-20,Sneha Nair,Consumer,West,Electronics,Headphones,1,0.15,21908.75,1314.52,Standard,5,2025-02,0.06
ORD-14429,2025-01-19,2025-01-21,Arjun Patel,Consumer,West,Beauty,Skincare Kit,5,0.0,1095.0,240.9,Standard,2,2025-01,0.22
ORD-14430,2025-05-09,2025-05-10,Neha Rao,Consumer,West,Clothing,Jeans,3,0.0,2139.0,534.75,Same Day,1,2025-05,0.25
ORD-14431,2024-05-25,2024-05-29,Meera Nair,Consumer,South,Furniture,Study Table,5,0.1,88011.0,12321.54,Standard,4,2024-05,0.14
ORD-14432,2024-04-02,2024-04-05,Vivaan Chatterjee,Corporate,West,Electronics,Smartwatch,4,0.05,157510.0,15751.0,Standard,3,2024-04,0.1
ORD-14433,2024-04-11,2024-04-17,Vihaan Verma,Consumer,West,Clothing,T-Shirt,4,0.15,3410.2,647.94,Standard,6,2024-04,0.19
ORD-14434,2025-06-12,2025-06-14,Neha Malhotra,Consumer,North,Furniture,Office Chair,5,0.0,41370.0,7446.6,Standard,2,2025-06,0.18
ORD-14435,2024-04-03,2024-04-08,Neha Iyer,Consumer,West,Electronics,Smartwatch,4,0.05,168435.0,16843.5,Standard,5,2024-04,0.1
ORD-14436,2025-10-08,2025-10-14,Aditya Mehta,Consumer,West,Furniture,Bed Frame,5,0.05,49214.75,7874.36,Standard,6,2025-10,0.16
ORD-14437,2024-05-18,2024-05-25,Ananya Das,Small Business,North,Beauty,Perfume,2,0.1,3913.2,704.38,Standard,7,2024-05,0.18
ORD-14438,2025-09-26,2025-10-02,Ananya Mehta,Consumer,West,Groceries,Rice Pack,4,0.2,1606.4,-0.0,Standard,6,2025-09,-0.0
ORD-14439,2025-08-21,2025-08-24,Sneha Malhotra,Consumer,South,Furniture,Study Table,5,0.1,51331.5,7186.41,Express,3,2025-08,0.14
ORD-14440,2024-01-02,2024-01-04,Rahul Rao,Consumer,West,Furniture,Study Table,4,0.0,37008.0,6661.44,Standard,2,2024-01,0.18
ORD-14441,2025-10-23,2025-10-26,Rohan Malhotra,Consumer,Central,Beauty,Perfume,5,0.0,5120.0,1126.4,Standard,3,2025-10,0.22
ORD-14442,2024-03-17,2024-03-23,Ishaan Joshi,Consumer,South,Furniture,Bookshelf,2,0.2,13574.4,1357.44,Standard,6,2024-03,0.1
ORD-14443,2025-04-24,2025-04-28,Aditya Singh,Consumer,North,Beauty,Makeup Kit,5,0.0,12625.0,2777.5,Standard,4,2025-04,0.22
ORD-14444,2025-01-12,2025-01-19,Vivaan Verma,Consumer,Central,Electronics,Laptop,5,0.15,115213.25,6912.8,Standard,7,2025-01,0.06
ORD-14445,2025-07-21,2025-07-23,Aditya Gupta,Small Business,West,Furniture,Study Table,5,0.15,15219.25,1826.31,Standard,2,2025-07,0.12
ORD-14446,2024-09-22,2024-09-25,Arjun Iyer,Small Business,East,Furniture,Bookshelf,5,0.15,22444.25,2693.31,Standard,3,2024-09,0.12
ORD-14447,2024-02-08,2024-02-14,Aarav Chatterjee,Consumer,West,Beauty,Trimmer,2,0.0,3532.0,777.04,Express,6,2024-02,0.22
ORD-14448,2025-10-31,2025-11-06,Arjun Verma,Consumer,East,Beauty,Skincare Kit,4,0.15,8143.0,1302.88,Same Day,6,2025-10,0.16
ORD-14449,2024-11-16,2024-11-20,Arjun Malhotra,Consumer,South,Furniture,Office Chair,4,0.15,77785.2,9334.22,Same Day,4,2024-11,0.12
ORD-14450,2024-08-02,2024-08-04,Rahul Rao,Small Business,East,Electronics,Tablet,1,0.15,21538.15,1292.29,Standard,2,2024-08,0.06
ORD-14451,2024-06-15,2024-06-20,Kabir Nair,Corporate,North,Beauty,Trimmer,3,0.05,4454.55,890.91,Standard,5,2024-06,0.2
ORD-14452,2025-09-08,2025-09-14,Saanvi Patel,Consumer,South,Electronics,Headphones,5,0.2,234140.0,9365.6,Express,6,2025-09,0.04
ORD-14453,2024-04-08,2024-04-09,Arjun Verma,Consumer,East,Clothing,Jeans,1,0.1,1831.5,384.62,Express,1,2024-04,0.21
ORD-14454,2025-03-29,2025-03-30,Rohan Chatterjee,Small Business,Central,Beauty,Skincare Kit,5,0.15,2592.5,414.8,Standard,1,2025-03,0.16
ORD-14455,2025-05-01,2025-05-06,Aarav Chatterjee,Corporate,West,Groceries,Rice Pack,4,0.05,2781.6,166.9,Standard,5,2025-05,0.06
ORD-14456,2024-04-02,2024-04-07,Aarav Sharma,Corporate,Central,Electronics,Headphones,3,0.05,169401.15,16940.11,Express,5,2024-04,0.1
ORD-14457,2025-12-15,2025-12-22,Rohan Chatterjee,Corporate,North,Electronics,Smartwatch,1,0.05,38769.5,3876.95,Standard,7,2025-12,0.1
ORD-14458,2024-05-30,2024-06-02,Priya Sharma,Small Business,West,Furniture,Sofa,2,0.2,8369.6,836.96,Standard,3,2024-05,0.1
ORD-14459,2024-07-17,2024-07-21,Tanvi Nair,Corporate,South,Beauty,Makeup Kit,5,0.1,5193.0,934.74,Express,4,2024-07,0.18
ORD-14460,2025-05-02,2025-05-09,Ishaan Iyer,Small Business,South,Groceries,Rice Pack,5,0.0,3870.0,309.6,Standard,7,2025-05,0.08
ORD-14461,2024-07-26,2024-07-28,Ananya Khan,Consumer,West,Groceries,Beverages,3,0.0,2652.0,212.16,Express,2,2024-07,0.08
ORD-14462,2024-02-15,2024-02-16,Sneha Gupta,Small Business,North,Electronics,Laptop,2,0.1,91747.8,7339.82,Same Day,1,2024-02,0.08
ORD-14463,2025-01-09,2025-01-15,Neha Kapoor,Small Business,Central,Beauty,Hair Dryer,2,0.05,1647.3,329.46,Express,6,2025-01,0.2
ORD-14464,2025-03-21,2025-03-26,Om Kapoor,Small Business,East,Furniture,Sofa,1,0.0,13871.0,2496.78,Standard,5,2025-03,0.18
ORD-14465,2024-06-01,2024-06-02,Kabir Rao,Consumer,East,Furniture,Bed Frame,3,0.0,8136.0,1464.48,Same Day,1,2024-06,0.18
ORD-14466,2024-05-09,2024-05-13,Saanvi Gupta,Small Business,Central,Furniture,Study Table,4,0.05,92039.8,14726.37,Standard,4,2024-05,0.16
ORD-14467,2025-07-07,2025-07-14,Vihaan Nair,Small Business,East,Groceries,Rice Pack,3,0.0,3675.0,294.0,Standard,7,2025-07,0.08
ORD-14468,2024-02-08,2024-02-15,Priya Singh,Corporate,East,Furniture,Bookshelf,1,0.0,23986.0,4317.48,Express,7,2024-02,0.18
ORD-14469,2025-07-29,2025-08-05,Rohan Sharma,Small Business,East,Beauty,Hair Dryer,1,0.15,345.1,55.22,Standard,7,2025-07,0.16
ORD-14470,2024-11-17,2024-11-18,Om Nair,Corporate,West,Groceries,Dairy Pack,2,0.05,1092.5,65.55,Same Day,1,2024-11,0.06
ORD-14471,2024-05-03,2024-05-07,Tanvi Das,Consumer,South,Beauty,Makeup Kit,1,0.2,883.2,123.65,Same Day,4,2024-05,0.14
ORD-14472,2025-01-28,2025-01-31,Meera Gupta,Small Business,North,Beauty,Makeup Kit,4,0.0,3700.0,814.0,Express,3,2025-01,0.22
ORD-14473,2024-10-19,2024-10-25,Zara Sharma,Consumer,East,Groceries,Snacks Combo,1,0.05,387.6,23.26,Standard,6,2024-10,0.06
ORD-14474,2024-12-03,2024-12-08,Aarav Patel,Corporate,West,Clothing,Formal Shirt,5,0.05,17180.75,3951.57,Standard,5,2024-12,0.23
ORD-14475,2025-03-14,2025-03-20,Priya Nair,Corporate,Central,Beauty,Skincare Kit,5,0.0,4600.0,1012.0,Standard,6,2025-03,0.22
ORD-14476,2025-02-15,2025-02-19,Tanvi Sharma,Consumer,East,Clothing,T-Shirt,5,0.15,13659.5,2595.31,Same Day,4,2025-02,0.19
ORD-14477,2024-07-16,2024-07-21,Aarav Mehta,Consumer,Central,Furniture,Bookshelf,3,0.05,17479.05,2796.65,Standard,5,2024-07,0.16
ORD-14478,2024-08-02,2024-08-06,Saanvi Chatterjee,Small Business,West,Furniture,Bookshelf,5,0.1,109183.5,15285.69,Express,4,2024-08,0.14
ORD-14479,2025-04-13,2025-04-20,Aditya Rao,Small Business,South,Groceries,Snacks Combo,4,0.1,5122.8,204.91,Standard,7,2025-04,0.04
ORD-14480,2025-11-08,2025-11-14,Saanvi Reddy,Consumer,North,Furniture,Bookshelf,1,0.0,18708.0,3367.44,Standard,6,2025-11,0.18
ORD-14481,2025-12-06,2025-12-08,Ishaan Iyer,Consumer,Central,Groceries,Dairy Pack,3,0.1,334.8,13.39,Standard,2,2025-12,0.04
ORD-14482,2024-01-26,2024-01-28,Ananya Rao,Consumer,South,Groceries,Snacks Combo,2,0.15,1960.1,39.2,Express,2,2024-01,0.02
ORD-14483,2024-10-09,2024-10-13,Tanvi Malhotra,Corporate,Central,Beauty,Perfume,2,0.0,1206.0,265.32,Standard,4,2024-10,0.22
ORD-14484,2024-07-06,2024-07-08,Sneha Iyer,Corporate,East,Groceries,Rice Pack,1,0.05,924.35,55.46,Standard,2,2024-07,0.06
ORD-14485,2025-02-15,2025-02-21,Vivaan Das,Small Business,West,Groceries,Cooking Oil,3,0.0,2235.0,178.8,Standard,6,2025-02,0.08
ORD-14486,2024-11-23,2024-11-27,Saanvi Nair,Consumer,North,Beauty,Makeup Kit,5,0.0,4125.0,907.5,Express,4,2024-11,0.22
ORD-14487,2025-07-09,2025-07-14,Arjun Joshi,Consumer,East,Beauty,Skincare Kit,1,0.15,382.5,61.2,Standard,5,2025-07,0.16
ORD-14488,2024-05-17,2024-05-21,Ishaan Iyer,Small Business,North,Clothing,Jacket,1,0.1,499.5,104.9,Express,4,2024-05,0.21
ORD-14489,2025-08-17,2025-08-18,Ishaan Nair,Consumer,West,Groceries,Rice Pack,2,0.0,1704.0,136.32,Standard,1,2025-08,0.08
ORD-14490,2025-06-05,2025-06-08,Aditya Malhotra,Corporate,South,Electronics,Smartphone,5,0.15,222670.25,13360.22,Express,3,2025-06,0.06
ORD-14491,2024-02-08,2024-02-13,Tanvi Reddy,Consumer,East,Electronics,Smartwatch,2,0.0,30102.0,3612.24,Standard,5,2024-02,0.12
ORD-14492,2024-04-25,2024-04-28,Rohan Malhotra,Consumer,West,Groceries,Beverages,3,0.0,2673.0,213.84,Standard,3,2024-04,0.08
ORD-14493,2025-11-02,2025-11-05,Kabir Patel,Consumer,East,Electronics,Smartphone,1,0.15,6288.3,377.3,Standard,3,2025-11,0.06
ORD-14494,2025-11-30,2025-12-05,Saanvi Das,Consumer,South,Beauty,Perfume,5,0.2,5200.0,728.0,Standard,5,2025-11,0.14
ORD-14495,2025-09-09,2025-09-16,Rohan Verma,Small Business,West,Electronics,Smartwatch,3,0.0,130185.0,15622.2,Standard,7,2025-09,0.12
ORD-14496,2025-07-19,2025-07-21,Vivaan Iyer,Small Business,West,Groceries,Beverages,1,0.15,266.9,5.34,Standard,2,2025-07,0.02
ORD-14497,2025-06-05,2025-06-08,Vivaan Verma,Consumer,West,Furniture,Bed Frame,2,0.15,27266.3,3271.96,Same Day,3,2025-06,0.12
ORD-14498,2025-05-21,2025-05-28,Zara Kapoor,Small Business,South,Beauty,Skincare Kit,3,0.0,8235.0,1811.7,Express,7,2025-05,0.22
ORD-14499,2025-10-06,2025-10-11,Neha Das,Consumer,South,Clothing,Formal Shirt,1,0.1,2697.3,566.43,Express,5,2025-10,0.21
ORD-14500,2024-04-28,2024-05-03,Kabir Patel,Corporate,West,Clothing,Jacket,5,0.05,8668.75,1993.81,Express,5,2024-04,0.23
ORD-14501,2025-05-14,2025-05-20,Sneha Malhotra,Small Business,West,Electronics,Smartwatch,1,0.1,25200.9,2016.07,Express,6,2025-05,0.08
ORD-14502,2025-08-10,2025-08-13,Tanvi Mehta,Small Business,East,Beauty,Makeup Kit,1,0.0,2759.0,606.98,Express,3,2025-08,0.22
ORD-14503,2024-02-18,2024-02-19,Vivaan Rao,Consumer,Central,Clothing,Formal Shirt,3,0.1,10389.6,2181.82,Standard,1,2024-02,0.21
ORD-14504,2024-05-10,2024-05-11,Diya Singh,Consumer,East,Furniture,Study Table,3,0.25,54996.75,4399.74,Standard,1,2024-05,0.08
ORD-14505,2025-10-11,2025-10-12,Saanvi Khan,Consumer,South,Electronics,Laptop,2,0.0,32036.0,3844.32,Standard,1,2025-10,0.12
ORD-14506,2024-12-10,2024-12-12,Neha Kapoor,Corporate,East,Furniture,Study Table,4,0.2,9187.2,918.72,Express,2,2024-12,0.1
ORD-14507,2024-09-08,2024-09-09,Aarav Sharma,Consumer,West,Groceries,Snacks Combo,1,0.15,776.05,15.52,Standard,1,2024-09,0.02
ORD-14508,2025-01-15,2025-01-16,Kabir Singh,Consumer,South,Clothing,Jacket,3,0.15,8147.25,1547.98,Standard,1,2025-01,0.19
ORD-14509,2024-12-28,2024-12-30,Sneha Das,Corporate,North,Groceries,Rice Pack,4,0.1,1159.2,46.37,Standard,2,2024-12,0.04
ORD-14510,2024-01-06,2024-01-11,Tanvi Gupta,Consumer,West,Clothing,Formal Shirt,5,0.0,6555.0,1638.75,Standard,5,2024-01,0.25
ORD-14511,2024-01-06,2024-01-09,Aarav Nair,Corporate,North,Furniture,Bed Frame,1,0.0,20827.0,3748.86,Standard,3,2024-01,0.18
ORD-14512,2025-09-16,2025-09-18,Saanvi Sharma,Consumer,West,Beauty,Trimmer,1,0.15,2101.2,336.19,Standard,2,2025-09,0.16
ORD-14513,2025-08-31,2025-09-06,Om Kapoor,Corporate,West,Groceries,Cooking Oil,3,0.2,1898.4,-0.0,Standard,6,2025-08,-0.0
ORD-14514,2024-06-16,2024-06-21,Meera Iyer,Corporate,North,Clothing,T-Shirt,2,0.05,2378.8,547.12,Standard,5,2024-06,0.23
ORD-14515,2024-06-08,2024-06-15,Om Khan,Corporate,East,Furniture,Office Chair,2,0.15,10999.0,1319.88,Standard,7,2024-06,0.12
ORD-14516,2024-04-02,2024-04-04,Zara Joshi,Small Business,East,Clothing,Jeans,1,0.1,3384.0,710.64,Standard,2,2024-04,0.21
ORD-14517,2024-01-02,2024-01-05,Vihaan Rao,Corporate,South,Clothing,Jacket,2,0.05,4151.5,954.84,Same Day,3,2024-01,0.23
ORD-14518,2024-05-02,2024-05-03,Diya Khan,Small Business,Central,Electronics,Laptop,4,0.0,107320.0,12878.4,Express,1,2024-05,0.12
ORD-14519,2024-12-05,2024-12-11,Zara Rao,Consumer,East,Clothing,Formal Shirt,4,0.1,10166.4,2134.94,Same Day,6,2024-12,0.21
ORD-14520,2024-06-27,2024-06-30,Meera Das,Consumer,North,Electronics,Smartphone,4,0.05,38277.4,3827.74,Express,3,2024-06,0.1
ORD-14521,2024-05-10,2024-05-17,Kabir Nair,Small Business,North,Electronics,Laptop,4,0.05,100821.6,10082.16,Express,7,2024-05,0.1
ORD-14522,2025-03-02,2025-03-08,Saanvi Malhotra,Corporate,East,Clothing,T-Shirt,2,0.2,3355.2,570.38,Standard,6,2025-03,0.17
ORD-14523,2025-08-08,2025-08-11,Zara Rao,Corporate,West,Furniture,Bed Frame,1,0.05,10102.3,1616.37,Standard,3,2025-08,0.16
ORD-14524,2025-09-21,2025-09-28,Tanvi Sharma,Consumer,North,Groceries,Snacks Combo,2,0.0,2084.0,166.72,Same Day,7,2025-09,0.08
ORD-14525,2025-09-05,2025-09-08,Vivaan Nair,Consumer,South,Groceries,Rice Pack,4,0.2,1584.0,-0.0,Express,3,2025-09,-0.0
ORD-14526,2024-11-10,2024-11-15,Ishaan Joshi,Consumer,Central,Beauty,Hair Dryer,5,0.05,10084.25,2016.85,Standard,5,2024-11,0.2
ORD-14527,2025-01-11,2025-01-15,Aditya Joshi,Small Business,West,Beauty,Makeup Kit,2,0.05,3558.7,711.74,Standard,4,2025-01,0.2
ORD-14528,2024-11-02,2024-11-04,Saanvi Patel,Corporate,East,Beauty,Perfume,4,0.05,3815.2,763.04,Express,2,2024-11,0.2
ORD-14529,2025-11-02,2025-11-05,Aditya Iyer,Consumer,North,Furniture,Office Chair,2,0.2,38145.6,3814.56,Standard,3,2025-11,0.1
ORD-14530,2025-07-25,2025-07-27,Tanvi Sharma,Consumer,East,Clothing,Sneakers,3,0.0,6258.0,1564.5,Standard,2,2025-07,0.25
ORD-14531,2025-04-29,2025-04-30,Tanvi Malhotra,Consumer,Central,Electronics,Headphones,4,0.1,47098.8,3767.9,Standard,1,2025-04,0.08
ORD-14532,2025-09-05,2025-09-09,Aditya Iyer,Corporate,West,Clothing,T-Shirt,5,0.15,5699.25,1082.86,Standard,4,2025-09,0.19
ORD-14533,2024-12-22,2024-12-29,Aditya Singh,Consumer,North,Groceries,Cooking Oil,5,0.05,1619.75,97.18,Standard,7,2024-12,0.06
ORD-14534,2025-08-25,2025-08-31,Ishaan Malhotra,Consumer,North,Furniture,Sofa,4,0.15,42758.4,5131.01,Standard,6,2025-08,0.12
ORD-14535,2024-03-03,2024-03-09,Kabir Kapoor,Corporate,East,Electronics,Smartwatch,1,0.0,48098.0,5771.76,Standard,6,2024-03,0.12
ORD-14536,2025-08-14,2025-08-20,Saanvi Kapoor,Corporate,East,Clothing,Jacket,1,0.1,1227.6,257.8,Express,6,2025-08,0.21
ORD-14537,2025-06-28,2025-07-02,Meera Singh,Corporate,West,Groceries,Beverages,1,0.0,1302.0,104.16,Standard,4,2025-06,0.08
ORD-14538,2024-12-01,2024-12-06,Vivaan Joshi,Consumer,Central,Furniture,Office Chair,5,0.0,90775.0,16339.5,Standard,5,2024-12,0.18
ORD-14539,2024-12-14,2024-12-16,Ishaan Verma,Corporate,East,Groceries,Cooking Oil,3,0.0,3132.0,250.56,Express,2,2024-12,0.08
ORD-14540,2025-06-24,2025-06-29,Kabir Nair,Corporate,North,Beauty,Makeup Kit,4,0.05,2686.6,537.32,Standard,5,2025-06,0.2
ORD-14541,2025-06-18,2025-06-25,Priya Malhotra,Consumer,West,Groceries,Dairy Pack,1,0.1,641.7,25.67,Express,7,2025-06,0.04
ORD-14542,2025-03-08,2025-03-10,Aarav Das,Consumer,East,Clothing,Formal Shirt,5,0.0,8600.0,2150.0,Express,2,2025-03,0.25
ORD-14543,2024-11-26,2024-11-30,Rohan Gupta,Corporate,West,Electronics,Tablet,5,0.15,250036.0,15002.16,Standard,4,2024-11,0.06
ORD-14544,2024-11-06,2024-11-12,Om Iyer,Consumer,West,Clothing,Formal Shirt,5,0.1,14913.0,3131.73,Express,6,2024-11,0.21
ORD-14545,2025-11-26,2025-11-27,Saanvi Singh,Consumer,Central,Electronics,Smartwatch,4,0.05,213541.0,21354.1,Standard,1,2025-11,0.1
ORD-14546,2024-08-17,2024-08-19,Aarav Patel,Small Business,East,Beauty,Perfume,2,0.0,5214.0,1147.08,Express,2,2024-08,0.22
ORD-14547,2024-09-17,2024-09-24,Zara Chatterjee,Consumer,South,Furniture,Study Table,3,0.0,34587.0,6225.66,Same Day,7,2024-09,0.18
ORD-14548,2025-12-26,2025-12-30,Vihaan Malhotra,Small Business,East,Electronics,Headphones,3,0.2,101736.0,4069.44,Standard,4,2025-12,0.04
ORD-14549,2025-08-03,2025-08-09,Rahul Nair,Corporate,North,Groceries,Rice Pack,2,0.0,2422.0,193.76,Express,6,2025-08,0.08
ORD-14550,2025-12-06,2025-12-08,Meera Patel,Consumer,South,Groceries,Cooking Oil,2,0.0,2396.0,191.68,Express,2,2025-12,0.08
ORD-14551,2024-09-12,2024-09-13,Tanvi Nair,Small Business,West,Electronics,Laptop,4,0.25,50904.0,1018.08,Standard,1,2024-09,0.02
ORD-14552,2024-01-13,2024-01-15,Arjun Das,Consumer,Central,Beauty,Trimmer,4,0.0,5644.0,1241.68,Express,2,2024-01,0.22
ORD-14553,2025-02-09,2025-02-16,Rahul Gupta,Small Business,West,Electronics,Headphones,1,0.0,34726.0,4167.12,Same Day,7,2025-02,0.12
ORD-14554,2025-10-27,2025-10-30,Rohan Das,Corporate,East,Beauty,Perfume,4,0.05,5981.2,1196.24,Express,3,2025-10,0.2
ORD-14555,2024-11-23,2024-11-26,Sneha Das,Consumer,East,Clothing,Sneakers,5,0.1,11029.5,2316.19,Standard,3,2024-11,0.21
ORD-14556,2025-10-16,2025-10-17,Vihaan Patel,Small Business,East,Groceries,Beverages,2,0.25,457.5,-9.15,Standard,1,2025-10,-0.02
ORD-14557,2024-05-11,2024-05-13,Sneha Patel,Small Business,North,Beauty,Hair Dryer,1,0.0,753.0,165.66,Same Day,2,2024-05,0.22
ORD-14558,2025-11-02,2025-11-09,Aditya Gupta,Consumer,West,Electronics,Smartphone,5,0.1,16101.0,1288.08,Standard,7,2025-11,0.08
ORD-14559,2024-04-27,2024-05-01,Om Mehta,Small Business,North,Clothing,Jacket,3,0.05,8598.45,1977.64,Standard,4,2024-04,0.23
ORD-14560,2024-08-06,2024-08-07,Arjun Das,Consumer,North,Furniture,Study Table,2,0.1,15894.0,2225.16,Standard,1,2024-08,0.14
ORD-14561,2024-01-25,2024-01-30,Om Gupta,Consumer,East,Electronics,Headphones,2,0.05,4409.9,440.99,Standard,5,2024-01,0.1
ORD-14562,2025-03-15,2025-03-22,Tanvi Verma,Corporate,South,Clothing,Formal Shirt,4,0.0,8540.0,2135.0,Express,7,2025-03,0.25
ORD-14563,2025-10-08,2025-10-12,Om Kapoor,Small Business,West,Beauty,Trimmer,1,0.0,2028.0,446.16,Standard,4,2025-10,0.22
ORD-14564,2025-10-07,2025-10-10,Rahul Chatterjee,Consumer,South,Clothing,Jeans,3,0.1,7695.0,1615.95,Standard,3,2025-10,0.21
ORD-14565,2024-04-06,2024-04-07,Kavya Verma,Small Business,West,Electronics,Smartwatch,3,0.15,85914.6,5154.88,Standard,1,2024-04,0.06
ORD-14566,2025-08-10,2025-08-17,Vivaan Singh,Consumer,East,Groceries,Snacks Combo,4,0.15,887.4,17.75,Standard,7,2025-08,0.02
ORD-14567,2024-12-19,2024-12-22,Vihaan Gupta,Consumer,North,Beauty,Hair Dryer,1,0.05,268.85,53.77,Express,3,2024-12,0.2
ORD-14568,2024-06-26,2024-06-29,Arjun Kapoor,Small Business,North,Groceries,Cooking Oil,3,0.05,2231.55,133.89,Express,3,2024-06,0.06
ORD-14569,2024-06-10,2024-06-11,Arjun Das,Consumer,West,Electronics,Smartwatch,1,0.15,42947.1,2576.83,Standard,1,2024-06,0.06
ORD-14570,2025-07-25,2025-07-26,Rohan Mehta,Consumer,Central,Clothing,Jeans,5,0.2,4676.0,794.92,Express,1,2025-07,0.17
ORD-14571,2024-01-05,2024-01-10,Priya Nair,Consumer,Central,Groceries,Beverages,2,0.0,2594.0,207.52,Standard,5,2024-01,0.08
ORD-14572,2024-10-12,2024-10-15,Zara Iyer,Consumer,South,Electronics,Tablet,3,0.0,153717.0,18446.04,Standard,3,2024-10,0.12
ORD-14573,2025-06-15,2025-06-19,Rohan Kapoor,Corporate,East,Groceries,Beverages,3,0.0,1272.0,101.76,Standard,4,2025-06,0.08
ORD-14574,2025-01-07,2025-01-11,Tanvi Chatterjee,Consumer,Central,Electronics,Smartwatch,5,0.25,38257.5,765.15,Standard,4,2025-01,0.02
ORD-14575,2024-04-04,2024-04-08,Tanvi Das,Consumer,South,Electronics,Smartwatch,2,0.1,99367.2,7949.38,Express,4,2024-04,0.08
ORD-14576,2025-05-07,2025-05-14,Aditya Sharma,Corporate,West,Electronics,Smartwatch,3,0.15,129986.25,7799.17,Standard,7,2025-05,0.06
ORD-14577,2024-04-04,2024-04-05,Om Chatterjee,Consumer,East,Beauty,Perfume,5,0.15,8814.5,1410.32,Express,1,2024-04,0.16
ORD-14578,2025-04-25,2025-04-29,Neha Rao,Corporate,North,Furniture,Bookshelf,4,0.15,72916.4,8749.97,Standard,4,2025-04,0.12
ORD-14579,2025-03-30,2025-04-04,Tanvi Gupta,Corporate,West,Furniture,Sofa,5,0.1,98091.0,13732.74,Express,5,2025-03,0.14
ORD-14580,2025-02-16,2025-02-18,Priya Mehta,Corporate,Central,Clothing,T-Shirt,2,0.05,1417.4,326.0,Standard,2,2025-02,0.23
ORD-14581,2024-08-27,2024-08-28,Saanvi Malhotra,Consumer,North,Beauty,Skincare Kit,3,0.0,8667.0,1906.74,Standard,1,2024-08,0.22
ORD-14582,2025-10-16,2025-10-17,Aarav Verma,Consumer,East,Furniture,Bookshelf,1,0.05,21876.6,3500.26,Express,1,2025-10,0.16
ORD-14583,2025-02-12,2025-02-14,Meera Malhotra,Consumer,West,Groceries,Cooking Oil,2,0.05,1854.4,111.26,Standard,2,2025-02,0.06
ORD-14584,2024-10-20,2024-10-21,Rahul Khan,Corporate,West,Beauty,Makeup Kit,2,0.05,478.8,95.76,Same Day,1,2024-10,0.2
ORD-14585,2025-09-29,2025-10-04,Vihaan Verma,Corporate,South,Electronics,Smartwatch,1,0.0,31938.0,3832.56,Express,5,2025-09,0.12
ORD-14586,2024-10-11,2024-10-12,Vihaan Patel,Corporate,North,Beauty,Trimmer,2,0.2,502.4,70.34,Express,1,2024-10,0.14
ORD-14587,2025-03-15,2025-03-22,Zara Khan,Consumer,Central,Beauty,Skincare Kit,4,0.05,8504.4,1700.88,Express,7,2025-03,0.2
ORD-14588,2024-08-18,2024-08-22,Kabir Joshi,Consumer,East,Beauty,Skincare Kit,4,0.05,5662.0,1132.4,Express,4,2024-08,0.2
ORD-14589,2024-09-19,2024-09-21,Arjun Gupta,Corporate,West,Groceries,Rice Pack,1,0.0,465.0,37.2,Standard,2,2024-09,0.08
ORD-14590,2024-03-30,2024-04-01,Kabir Das,Small Business,North,Beauty,Perfume,2,0.05,2371.2,474.24,Standard,2,2024-03,0.2
ORD-14591,2025-01-10,2025-01-15,Saanvi Nair,Consumer,Central,Beauty,Trimmer,4,0.0,3360.0,739.2,Express,5,2025-01,0.22
ORD-14592,2025-05-28,2025-06-04,Vihaan Malhotra,Consumer,East,Furniture,Bed Frame,4,0.0,36164.0,6509.52,Express,7,2025-05,0.18
ORD-14593,2025-07-05,2025-07-07,Zara Das,Corporate,North,Electronics,Tablet,4,0.15,44278.2,2656.69,Express,2,2025-07,0.06
ORD-14594,2024-12-11,2024-12-13,Kavya Mehta,Consumer,West,Groceries,Cooking Oil,5,0.0,7495.0,599.6,Standard,2,2024-12,0.08
ORD-14595,2025-11-24,2025-11-27,Kabir Kapoor,Consumer,East,Furniture,Study Table,2,0.25,26112.0,2088.96,Express,3,2025-11,0.08
ORD-14596,2025-06-18,2025-06-23,Aarav Sharma,Small Business,South,Beauty,Hair Dryer,3,0.1,3153.6,567.65,Standard,5,2025-06,0.18
ORD-14597,2024-02-26,2024-02-28,Kavya Gupta,Consumer,South,Electronics,Tablet,3,0.25,124272.0,2485.44,Express,2,2024-02,0.02
ORD-14598,2024-09-20,2024-09-21,Meera Malhotra,Consumer,East,Groceries,Beverages,5,0.0,6465.0,517.2,Express,1,2024-09,0.08
ORD-14599,2024-08-06,2024-08-09,Saanvi Khan,Small Business,East,Furniture,Office Chair,2,0.1,18174.6,2544.44,Standard,3,2024-08,0.14
ORD-14600,2024-05-22,2024-05-25,Rohan Iyer,Consumer,North,Electronics,Smartphone,5,0.25,193515.0,3870.3,Standard,3,2024-05,0.02
ORD-14601,2025-06-05,2025-06-07,Zara Chatterjee,Consumer,East,Furniture,Office Chair,1,0.0,16866.0,3035.88,Standard,2,2025-06,0.18
ORD-14602,2025-06-06,2025-06-07,Tanvi Kapoor,Consumer,West,Groceries,Snacks Combo,2,0.0,2420.0,193.6,Express,1,2025-06,0.08
ORD-14603,2025-12-26,2026-01-01,Saanvi Das,Consumer,East,Electronics,Smartphone,4,0.05,161758.4,16175.84,Standard,6,2025-12,0.1
ORD-14604,2024-05-30,2024-06-06,Diya Chatterjee,Corporate,South,Electronics,Smartphone,3,0.15,86404.2,5184.25,Standard,7,2024-05,0.06
ORD-14605,2025-11-07,2025-11-09,Sneha Kapoor,Consumer,South,Clothing,Jeans,5,0.15,13489.5,2563.0,Standard,2,2025-11,0.19
ORD-14606,2025-08-25,2025-08-26,Meera Sharma,Corporate,South,Furniture,Sofa,1,0.1,4251.6,595.22,Standard,1,2025-08,0.14
ORD-14607,2024-12-28,2024-12-31,Rohan Joshi,Consumer,North,Clothing,Formal Shirt,4,0.15,6449.8,1225.46,Standard,3,2024-12,0.19
ORD-14608,2025-11-25,2025-12-02,Zara Gupta,Corporate,West,Electronics,Tablet,1,0.05,8512.95,851.3,Standard,7,2025-11,0.1
ORD-14609,2024-06-19,2024-06-25,Rohan Singh,Consumer,East,Clothing,Jeans,3,0.0,2865.0,716.25,Same Day,6,2024-06,0.25
ORD-14610,2024-05-13,2024-05-20,Ananya Sharma,Consumer,West,Furniture,Sofa,3,0.1,30431.7,4260.44,Standard,7,2024-05,0.14
ORD-14611,2024-12-22,2024-12-26,Meera Malhotra,Corporate,South,Groceries,Snacks Combo,5,0.1,4963.5,198.54,Standard,4,2024-12,0.04
ORD-14612,2024-07-03,2024-07-08,Kabir Malhotra,Consumer,East,Groceries,Snacks Combo,4,0.0,5092.0,407.36,Standard,5,2024-07,0.08
ORD-14613,2024-06-02,2024-06-05,Meera Reddy,Consumer,West,Electronics,Tablet,1,0.15,21780.4,1306.82,Same Day,3,2024-06,0.06
ORD-14614,2025-07-13,2025-07-14,Vihaan Patel,Small Business,North,Groceries,Dairy Pack,1,0.05,1013.65,60.82,Express,1,2025-07,0.06
ORD-14615,2025-10-08,2025-10-12,Tanvi Iyer,Corporate,West,Groceries,Cooking Oil,2,0.1,817.2,32.69,Same Day,4,2025-10,0.04
ORD-14616,2024-01-23,2024-01-26,Aditya Chatterjee,Consumer,West,Beauty,Perfume,2,0.0,4310.0,948.2,Standard,3,2024-01,0.22
ORD-14617,2024-07-24,2024-07-29,Diya Malhotra,Consumer,North,Furniture,Office Chair,1,0.0,2504.0,450.72,Standard,5,2024-07,0.18
ORD-14618,2024-01-18,2024-01-21,Zara Iyer,Consumer,West,Furniture,Study Table,1,0.1,6935.4,970.96,Standard,3,2024-01,0.14
ORD-14619,2025-01-06,2025-01-09,Zara Verma,Consumer,West,Electronics,Tablet,2,0.15,40131.9,2407.91,Same Day,3,2025-01,0.06
ORD-14620,2024-05-01,2024-05-03,Neha Reddy,Corporate,Central,Beauty,Trimmer,3,0.2,1276.8,178.75,Express,2,2024-05,0.14
ORD-14621,2024-03-05,2024-03-08,Aditya Das,Small Business,Central,Beauty,Trimmer,2,0.15,2244.0,359.04,Standard,3,2024-03,0.16
ORD-14622,2025-02-17,2025-02-19,Kavya Khan,Consumer,West,Groceries,Snacks Combo,5,0.15,2388.5,47.77,Standard,2,2025-02,0.02
ORD-14623,2024-01-18,2024-01-22,Om Iyer,Corporate,West,Electronics,Smartwatch,3,0.15,136968.15,8218.09,Standard,4,2024-01,0.06
ORD-14624,2025-03-31,2025-04-02,Diya Rao,Small Business,Central,Clothing,Jacket,2,0.1,5981.4,1256.09,Standard,2,2025-03,0.21
ORD-14625,2025-06-05,2025-06-06,Zara Chatterjee,Consumer,North,Beauty,Skincare Kit,2,0.0,538.0,118.36,Standard,1,2025-06,0.22
ORD-14626,2024-03-19,2024-03-20,Vihaan Joshi,Corporate,East,Beauty,Makeup Kit,3,0.0,8067.0,1774.74,Standard,1,2024-03,0.22
ORD-14627,2024-01-11,2024-01-12,Aarav Mehta,Consumer,West,Groceries,Snacks Combo,5,0.1,5674.5,226.98,Express,1,2024-01,0.04
ORD-14628,2024-05-11,2024-05-13,Rahul Kapoor,Consumer,Central,Clothing,T-Shirt,3,0.0,7224.0,1806.0,Standard,2,2024-05,0.25
ORD-14629,2024-07-16,2024-07-20,Rohan Chatterjee,Corporate,Central,Electronics,Smartwatch,4,0.0,209992.0,25199.04,Express,4,2024-07,0.12
ORD-14630,2025-08-11,2025-08-15,Priya Das,Small Business,East,Furniture,Bed Frame,1,0.05,9597.85,1535.66,Standard,4,2025-08,0.16
ORD-14631,2024-10-16,2024-10-23,Ishaan Nair,Consumer,South,Furniture,Office Chair,2,0.05,15317.8,2450.85,Standard,7,2024-10,0.16
ORD-14632,2025-08-21,2025-08-25,Zara Das,Consumer,West,Beauty,Perfume,5,0.0,7780.0,1711.6,Express,4,2025-08,0.22
ORD-14633,2025-03-03,2025-03-09,Aarav Verma,Small Business,East,Furniture,Study Table,3,0.0,47079.0,8474.22,Same Day,6,2025-03,0.18
ORD-14634,2025-10-07,2025-10-13,Vivaan Nair,Consumer,West,Clothing,Formal Shirt,1,0.05,2073.85,476.99,Standard,6,2025-10,0.23
ORD-14635,2025-09-22,2025-09-24,Kabir Das,Corporate,South,Beauty,Trimmer,4,0.15,6847.6,1095.62,Standard,2,2025-09,0.16
ORD-14636,2025-05-10,2025-05-16,Sneha Chatterjee,Consumer,South,Furniture,Study Table,2,0.1,34657.2,4852.01,Express,6,2025-05,0.14
ORD-14637,2024-12-30,2025-01-01,Zara Reddy,Corporate,East,Electronics,Smartwatch,1,0.05,35752.3,3575.23,Same Day,2,2024-12,0.1
ORD-14638,2024-04-20,2024-04-23,Zara Khan,Small Business,South,Furniture,Sofa,2,0.1,19076.4,2670.7,Express,3,2024-04,0.14
ORD-14639,2025-07-25,2025-07-27,Vivaan Joshi,Corporate,East,Furniture,Sofa,3,0.2,14376.0,1437.6,Express,2,2025-07,0.1
ORD-14640,2024-11-12,2024-11-17,Aditya Das,Small Business,West,Furniture,Bookshelf,2,0.05,8721.0,1395.36,Standard,5,2024-11,0.16
ORD-14641,2024-06-01,2024-06-06,Aditya Rao,Consumer,East,Beauty,Perfume,4,0.1,9280.8,1670.54,Express,5,2024-06,0.18
ORD-14642,2024-11-28,2024-12-04,Zara Singh,Corporate,North,Beauty,Perfume,1,0.1,554.4,99.79,Express,6,2024-11,0.18
ORD-14643,2024-03-18,2024-03-19,Zara Joshi,Corporate,Central,Electronics,Headphones,1,0.05,12269.25,1226.92,Express,1,2024-03,0.1
ORD-14644,2024-08-13,2024-08-17,Kabir Iyer,Corporate,West,Groceries,Rice Pack,5,0.1,6030.0,241.2,Standard,4,2024-08,0.04
ORD-14645,2024-06-02,2024-06-08,Vivaan Malhotra,Small Business,North,Electronics,Smartwatch,1,0.0,39980.0,4797.6,Standard,6,2024-06,0.12
ORD-14646,2024-10-22,2024-10-25,Saanvi Chatterjee,Consumer,West,Furniture,Study Table,4,0.25,64869.0,5189.52,Standard,3,2024-10,0.08
ORD-14647,2024-11-20,2024-11-24,Priya Nair,Consumer,Central,Groceries,Rice Pack,4,0.1,3819.6,152.78,Standard,4,2024-11,0.04
ORD-14648,2024-02-08,2024-02-13,Zara Chatterjee,Small Business,North,Electronics,Tablet,4,0.25,86796.0,1735.92,Express,5,2024-02,0.02
ORD-14649,2025-12-17,2025-12-18,Aarav Sharma,Consumer,North,Electronics,Headphones,1,0.0,15255.0,1830.6,Standard,1,2025-12,0.12
ORD-14650,2025-05-15,2025-05-18,Meera Gupta,Consumer,South,Electronics,Smartphone,2,0.15,34552.5,2073.15,Express,3,2025-05,0.06
ORD-14651,2024-10-23,2024-10-26,Zara Nair,Consumer,West,Furniture,Office Chair,4,0.05,14299.4,2287.9,Standard,3,2024-10,0.16
ORD-14652,2024-12-13,2024-12-14,Vihaan Malhotra,Consumer,North,Furniture,Office Chair,3,0.0,30990.0,5578.2,Express,1,2024-12,0.18
ORD-14653,2025-01-24,2025-01-27,Vivaan Patel,Corporate,Central,Furniture,Office Chair,2,0.0,31816.0,5726.88,Same Day,3,2025-01,0.18
ORD-14654,2025-07-27,2025-08-03,Arjun Verma,Consumer,Central,Clothing,Sneakers,1,0.0,3651.0,912.75,Express,7,2025-07,0.25
ORD-14655,2025-03-08,2025-03-10,Aarav Patel,Consumer,North,Beauty,Trimmer,5,0.0,6380.0,1403.6,Standard,2,2025-03,0.22
ORD-14656,2025-09-01,2025-09-03,Ananya Iyer,Consumer,North,Beauty,Hair Dryer,4,0.1,2253.6,405.65,Standard,2,2025-09,0.18
ORD-14657,2024-12-07,2024-12-09,Neha Reddy,Consumer,North,Electronics,Smartwatch,2,0.05,84320.1,8432.01,Express,2,2024-12,0.1
ORD-14658,2025-04-22,2025-04-25,Saanvi Kapoor,Consumer,North,Electronics,Tablet,2,0.0,35272.0,4232.64,Standard,3,2025-04,0.12
ORD-14659,2024-12-14,2024-12-20,Om Khan,Consumer,Central,Electronics,Tablet,1,0.2,37213.6,1488.54,Express,6,2024-12,0.04
ORD-14660,2025-02-04,2025-02-06,Kabir Malhotra,Consumer,West,Electronics,Smartphone,1,0.2,33368.0,1334.72,Standard,2,2025-02,0.04
ORD-14661,2025-01-20,2025-01-24,Aarav Mehta,Consumer,South,Furniture,Bookshelf,4,0.15,66238.8,7948.66,Express,4,2025-01,0.12
ORD-14662,2024-03-21,2024-03-25,Meera Khan,Consumer,East,Electronics,Laptop,3,0.05,25005.9,2500.59,Standard,4,2024-03,0.1
ORD-14663,2025-03-29,2025-03-31,Meera Malhotra,Small Business,West,Beauty,Trimmer,5,0.0,3830.0,842.6,Standard,2,2025-03,0.22
ORD-14664,2024-11-30,2024-12-02,Zara Kapoor,Corporate,Central,Groceries,Cooking Oil,1,0.15,408.85,8.18,Express,2,2024-11,0.02
ORD-14665,2024-07-28,2024-07-30,Zara Mehta,Corporate,West,Groceries,Rice Pack,3,0.15,1489.2,29.78,Express,2,2024-07,0.02
ORD-14666,2024-07-22,2024-07-26,Kavya Iyer,Consumer,Central,Clothing,Sneakers,1,0.15,3081.25,585.44,Same Day,4,2024-07,0.19
ORD-14667,2025-03-28,2025-04-04,Vihaan Verma,Corporate,Central,Clothing,Jeans,2,0.0,4682.0,1170.5,Express,7,2025-03,0.25
ORD-14668,2024-08-26,2024-08-28,Sneha Kapoor,Consumer,West,Electronics,Tablet,2,0.1,73929.6,5914.37,Express,2,2024-08,0.08
ORD-14669,2024-06-06,2024-06-07,Kabir Sharma,Small Business,South,Clothing,Formal Shirt,1,0.2,905.6,153.95,Express,1,2024-06,0.17
ORD-14670,2024-10-25,2024-11-01,Sneha Joshi,Small Business,West,Clothing,Formal Shirt,2,0.0,6980.0,1745.0,Express,7,2024-10,0.25
ORD-14671,2025-07-15,2025-07-18,Arjun Singh,Consumer,East,Furniture,Study Table,2,0.05,37568.7,6010.99,Standard,3,2025-07,0.16
ORD-14672,2025-01-20,2025-01-26,Om Mehta,Consumer,Central,Beauty,Trimmer,1,0.0,1287.0,283.14,Standard,6,2025-01,0.22
ORD-14673,2025-02-06,2025-02-09,Vihaan Reddy,Corporate,West,Clothing,Jacket,5,0.25,5325.0,798.75,Standard,3,2025-02,0.15
ORD-14674,2024-03-23,2024-03-26,Ananya Chatterjee,Corporate,West,Groceries,Rice Pack,4,0.05,1371.8,82.31,Standard,3,2024-03,0.06
ORD-14675,2025-06-27,2025-07-02,Zara Iyer,Consumer,East,Beauty,Trimmer,4,0.05,6615.8,1323.16,Express,5,2025-06,0.2
ORD-14676,2024-02-07,2024-02-09,Arjun Khan,Consumer,West,Clothing,Jacket,4,0.25,6441.0,966.15,Standard,2,2024-02,0.15
ORD-14677,2025-09-19,2025-09-24,Ananya Mehta,Consumer,East,Furniture,Bookshelf,4,0.1,39913.2,5587.85,Express,5,2025-09,0.14
ORD-14678,2025-08-29,2025-09-02,Vivaan Mehta,Corporate,West,Groceries,Snacks Combo,5,0.05,954.75,57.28,Express,4,2025-08,0.06
ORD-14679,2025-03-30,2025-04-06,Vivaan Sharma,Small Business,South,Clothing,Jeans,1,0.0,658.0,164.5,Standard,7,2025-03,0.25
ORD-14680,2024-11-01,2024-11-07,Rahul Malhotra,Corporate,South,Groceries,Cooking Oil,1,0.0,915.0,73.2,Standard,6,2024-11,0.08
ORD-14681,2025-10-17,2025-10-20,Vihaan Das,Corporate,West,Beauty,Hair Dryer,5,0.15,1589.5,254.32,Standard,3,2025-10,0.16
ORD-14682,2024-11-01,2024-11-08,Sneha Reddy,Consumer,South,Groceries,Snacks Combo,2,0.0,2268.0,181.44,Express,7,2024-11,0.08
ORD-14683,2025-02-02,2025-02-07,Vihaan Malhotra,Small Business,North,Beauty,Skincare Kit,1,0.05,2737.9,547.58,Standard,5,2025-02,0.2
ORD-14684,2025-02-12,2025-02-15,Tanvi Singh,Consumer,North,Groceries,Dairy Pack,2,0.2,284.8,-0.0,Standard,3,2025-02,-0.0
ORD-14685,2024-03-08,2024-03-11,Rahul Patel,Consumer,Central,Beauty,Makeup Kit,3,0.05,1023.15,204.63,Standard,3,2024-03,0.2
ORD-14686,2025-04-22,2025-04-29,Rohan Reddy,Consumer,West,Beauty,Skincare Kit,5,0.05,7220.0,1444.0,Standard,7,2025-04,0.2
ORD-14687,2025-11-01,2025-11-05,Om Rao,Small Business,North,Clothing,Jeans,3,0.15,5594.7,1062.99,Standard,4,2025-11,0.19
ORD-14688,2024-01-23,2024-01-29,Zara Joshi,Consumer,East,Electronics,Headphones,3,0.1,34236.0,2738.88,Standard,6,2024-01,0.08
ORD-14689,2025-12-12,2025-12-18,Kavya Gupta,Corporate,South,Furniture,Sofa,3,0.0,68157.0,12268.26,Same Day,6,2025-12,0.18
ORD-14690,2024-05-17,2024-05-22,Rahul Reddy,Small Business,East,Electronics,Smartphone,2,0.0,69968.0,8396.16,Standard,5,2024-05,0.12
ORD-14691,2024-07-11,2024-07-16,Aditya Malhotra,Corporate,East,Furniture,Office Chair,3,0.1,13383.9,1873.75,Express,5,2024-07,0.14
ORD-14692,2024-03-01,2024-03-07,Rohan Khan,Consumer,North,Electronics,Headphones,2,0.15,58100.9,3486.05,Standard,6,2024-03,0.06
ORD-14693,2025-03-13,2025-03-17,Rahul Das,Consumer,Central,Beauty,Trimmer,5,0.15,10344.5,1655.12,Express,4,2025-03,0.16
ORD-14694,2025-01-12,2025-01-18,Kavya Reddy,Consumer,North,Furniture,Study Table,1,0.15,20445.05,2453.41,Standard,6,2025-01,0.12
ORD-14695,2024-08-04,2024-08-07,Aarav Malhotra,Consumer,Central,Furniture,Bed Frame,1,0.0,17361.0,3124.98,Standard,3,2024-08,0.18
ORD-14696,2024-04-22,2024-04-28,Om Singh,Consumer,North,Beauty,Trimmer,5,0.05,11442.75,2288.55,Express,6,2024-04,0.2
ORD-14697,2024-02-24,2024-03-01,Sneha Malhotra,Consumer,North,Furniture,Office Chair,2,0.0,21162.0,3809.16,Express,6,2024-02,0.18
ORD-14698,2025-04-15,2025-04-20,Aditya Joshi,Consumer,West,Furniture,Sofa,2,0.0,13730.0,2471.4,Express,5,2025-04,0.18
ORD-14699,2025-10-10,2025-10-14,Diya Chatterjee,Consumer,West,Beauty,Perfume,3,0.25,1181.25,141.75,Standard,4,2025-10,0.12
ORD-14700,2025-01-02,2025-01-09,Aditya Kapoor,Consumer,East,Electronics,Smartphone,5,0.25,216918.75,4338.38,Standard,7,2025-01,0.02
ORD-14701,2024-12-10,2024-12-17,Kabir Kapoor,Consumer,West,Furniture,Office Chair,5,0.05,104409.75,16705.56,Express,7,2024-12,0.16
ORD-14702,2024-06-13,2024-06-17,Zara Reddy,Corporate,Central,Furniture,Office Chair,4,0.05,76912.0,12305.92,Express,4,2024-06,0.16
ORD-14703,2024-07-14,2024-07-15,Tanvi Das,Consumer,Central,Electronics,Laptop,3,0.15,28789.5,1727.37,Standard,1,2024-07,0.06
ORD-14704,2024-06-21,2024-06-27,Om Joshi,Consumer,East,Furniture,Sofa,1,0.0,24628.0,4433.04,Standard,6,2024-06,0.18
ORD-14705,2025-12-18,2025-12-22,Ananya Chatterjee,Consumer,North,Electronics,Smartwatch,4,0.05,226472.4,22647.24,Express,4,2025-12,0.1
ORD-14706,2024-09-23,2024-09-30,Aditya Reddy,Consumer,Central,Groceries,Snacks Combo,5,0.05,2783.5,167.01,Express,7,2024-09,0.06
ORD-14707,2024-06-23,2024-06-28,Rohan Chatterjee,Corporate,East,Beauty,Perfume,1,0.0,2160.0,475.2,Standard,5,2024-06,0.22
ORD-14708,2024-02-07,2024-02-08,Rohan Das,Small Business,South,Groceries,Snacks Combo,2,0.0,2588.0,207.04,Standard,1,2024-02,0.08
ORD-14709,2025-04-02,2025-04-08,Ishaan Joshi,Consumer,Central,Clothing,Jeans,3,0.0,10887.0,2721.75,Standard,6,2025-04,0.25
ORD-14710,2025-09-15,2025-09-17,Vihaan Gupta,Corporate,East,Electronics,Smartwatch,5,0.05,148684.5,14868.45,Standard,2,2025-09,0.1
ORD-14711,2024-07-01,2024-07-03,Tanvi Chatterjee,Consumer,West,Furniture,Bookshelf,3,0.0,11643.0,2095.74,Same Day,2,2024-07,0.18
ORD-14712,2024-06-20,2024-06-22,Diya Singh,Consumer,Central,Electronics,Headphones,1,0.05,11661.25,1166.12,Express,2,2024-06,0.1
ORD-14713,2024-04-14,2024-04-21,Kavya Chatterjee,Consumer,Central,Clothing,Formal Shirt,3,0.1,4068.9,854.47,Standard,7,2024-04,0.21
ORD-14714,2024-05-13,2024-05-20,Kabir Rao,Consumer,North,Beauty,Perfume,1,0.15,1074.4,171.9,Express,7,2024-05,0.16
ORD-14715,2025-04-15,2025-04-22,Priya Chatterjee,Consumer,West,Furniture,Sofa,2,0.0,44632.0,8033.76,Express,7,2025-04,0.18
ORD-14716,2025-02-10,2025-02-16,Rohan Sharma,Consumer,West,Groceries,Rice Pack,1,0.05,268.85,16.13,Same Day,6,2025-02,0.06
ORD-14717,2024-06-18,2024-06-21,Rahul Kapoor,Consumer,East,Electronics,Smartphone,2,0.2,9883.2,395.33,Standard,3,2024-06,0.04
ORD-14718,2025-10-29,2025-11-03,Aarav Patel,Consumer,West,Electronics,Smartphone,1,0.05,45362.5,4536.25,Same Day,5,2025-10,0.1
ORD-14719,2025-11-19,2025-11-24,Rahul Mehta,Consumer,South,Electronics,Smartwatch,2,0.15,86951.6,5217.1,Standard,5,2025-11,0.06
ORD-14720,2024-02-15,2024-02-21,Vivaan Verma,Consumer,Central,Clothing,Sneakers,5,0.1,13684.5,2873.74,Standard,6,2024-02,0.21
ORD-14721,2025-10-03,2025-10-06,Kavya Rao,Consumer,South,Clothing,Formal Shirt,4,0.25,11358.0,1703.7,Same Day,3,2025-10,0.15
ORD-14722,2024-05-13,2024-05-19,Neha Patel,Consumer,West,Beauty,Perfume,1,0.05,594.7,118.94,Express,6,2024-05,0.2
ORD-14723,2025-06-22,2025-06-26,Kavya Chatterjee,Small Business,Central,Electronics,Headphones,5,0.15,192431.5,11545.89,Same Day,4,2025-06,0.06
ORD-14724,2025-04-11,2025-04-15,Ananya Reddy,Consumer,North,Clothing,Sneakers,4,0.1,10040.4,2108.48,Standard,4,2025-04,0.21
ORD-14725,2024-04-26,2024-04-30,Neha Reddy,Corporate,North,Groceries,Snacks Combo,4,0.25,2523.0,-50.46,Express,4,2024-04,-0.02
ORD-14726,2025-05-26,2025-05-27,Saanvi Chatterjee,Consumer,West,Groceries,Rice Pack,1,0.0,1178.0,94.24,Standard,1,2025-05,0.08
ORD-14727,2024-05-15,2024-05-21,Kabir Reddy,Small Business,West,Beauty,Makeup Kit,2,0.2,2040.0,285.6,Standard,6,2024-05,0.14
ORD-14728,2025-11-02,2025-11-04,Ishaan Kapoor,Consumer,West,Clothing,Jacket,5,0.25,1751.25,262.69,Standard,2,2025-11,0.15
ORD-14729,2024-01-29,2024-02-03,Sneha Rao,Consumer,North,Clothing,T-Shirt,3,0.05,8173.8,1879.97,Standard,5,2024-01,0.23
ORD-14730,2024-12-17,2024-12-20,Ananya Malhotra,Consumer,North,Groceries,Dairy Pack,3,0.2,1012.8,0.0,Standard,3,2024-12,0.0
ORD-14731,2025-10-25,2025-10-26,Diya Reddy,Consumer,Central,Furniture,Office Chair,1,0.1,2074.5,290.43,Same Day,1,2025-10,0.14
ORD-14732,2024-08-18,2024-08-24,Om Nair,Consumer,South,Clothing,Jacket,2,0.05,2141.3,492.5,Same Day,6,2024-08,0.23
ORD-14733,2025-07-01,2025-07-05,Arjun Reddy,Consumer,South,Beauty,Hair Dryer,2,0.2,3536.0,495.04,Standard,4,2025-07,0.14
ORD-14734,2025-06-18,2025-06-24,Om Das,Consumer,South,Beauty,Skincare Kit,3,0.05,2134.65,426.93,Express,6,2025-06,0.2
ORD-14735,2024-09-22,2024-09-25,Kabir Mehta,Consumer,East,Electronics,Tablet,1,0.05,56340.7,5634.07,Standard,3,2024-09,0.1
ORD-14736,2024-03-26,2024-03-28,Sneha Khan,Corporate,West,Clothing,Jeans,5,0.1,10228.5,2147.98,Standard,2,2024-03,0.21
ORD-14737,2025-08-12,2025-08-19,Meera Mehta,Small Business,West,Beauty,Trimmer,1,0.0,923.0,203.06,Standard,7,2025-08,0.22
ORD-14738,2024-04-12,2024-04-17,Om Nair,Corporate,West,Furniture,Office Chair,4,0.1,46695.6,6537.38,Same Day,5,2024-04,0.14
ORD-14739,2025-03-26,2025-03-29,Diya Das,Small Business,East,Clothing,Sneakers,1,0.0,3850.0,962.5,Standard,3,2025-03,0.25
ORD-14740,2025-06-26,2025-06-30,Aarav Malhotra,Consumer,Central,Clothing,Sneakers,5,0.0,11525.0,2881.25,Standard,4,2025-06,0.25
ORD-14741,2024-12-09,2024-12-14,Saanvi Singh,Consumer,Central,Clothing,Jacket,4,0.0,1912.0,478.0,Express,5,2024-12,0.25
ORD-14742,2024-12-30,2025-01-01,Rahul Reddy,Corporate,South,Beauty,Makeup Kit,2,0.1,3929.4,707.29,Standard,2,2024-12,0.18
ORD-14743,2024-08-18,2024-08-22,Diya Kapoor,Consumer,South,Furniture,Office Chair,5,0.05,92226.0,14756.16,Express,4,2024-08,0.16
ORD-14744,2024-05-25,2024-05-27,Priya Nair,Small Business,Central,Clothing,Jeans,3,0.1,10724.4,2252.12,Standard,2,2024-05,0.21
ORD-14745,2024-05-15,2024-05-17,Aditya Singh,Consumer,Central,Beauty,Hair Dryer,2,0.05,3858.9,771.78,Standard,2,2024-05,0.2
ORD-14746,2024-05-20,2024-05-24,Vivaan Nair,Small Business,Central,Beauty,Perfume,5,0.1,6354.0,1143.72,Standard,4,2024-05,0.18
ORD-14747,2024-07-05,2024-07-10,Om Patel,Consumer,East,Electronics,Headphones,1,0.1,31332.6,2506.61,Standard,5,2024-07,0.08
ORD-14748,2024-03-24,2024-03-25,Ananya Sharma,Consumer,East,Beauty,Trimmer,5,0.0,1275.0,280.5,Standard,1,2024-03,0.22
ORD-14749,2024-08-06,2024-08-10,Rohan Sharma,Corporate,Central,Clothing,Jacket,3,0.15,10164.3,1931.22,Standard,4,2024-08,0.19
ORD-14750,2024-04-21,2024-04-24,Sneha Mehta,Consumer,East,Clothing,Jeans,1,0.0,2821.0,705.25,Standard,3,2024-04,0.25
ORD-14751,2025-06-01,2025-06-04,Sneha Patel,Consumer,East,Electronics,Smartwatch,3,0.05,19613.7,1961.37,Standard,3,2025-06,0.1
ORD-14752,2024-01-03,2024-01-04,Vihaan Patel,Consumer,South,Groceries,Beverages,4,0.15,1077.8,21.56,Same Day,1,2024-01,0.02
ORD-14753,2025-09-10,2025-09-14,Om Rao,Corporate,North,Beauty,Skincare Kit,1,0.05,1467.75,293.55,Standard,4,2025-09,0.2
ORD-14754,2025-02-19,2025-02-22,Aarav Iyer,Corporate,West,Electronics,Laptop,2,0.05,18371.1,1837.11,Standard,3,2025-02,0.1
ORD-14755,2025-06-08,2025-06-14,Kabir Singh,Consumer,West,Beauty,Skincare Kit,5,0.0,4650.0,1023.0,Standard,6,2025-06,0.22
ORD-14756,2024-11-23,2024-11-27,Om Mehta,Consumer,West,Groceries,Cooking Oil,2,0.15,341.7,6.83,Standard,4,2024-11,0.02
ORD-14757,2025-10-22,2025-10-25,Ishaan Verma,Consumer,North,Furniture,Office Chair,1,0.1,19168.2,2683.55,Express,3,2025-10,0.14
ORD-14758,2024-08-26,2024-08-27,Vihaan Joshi,Small Business,North,Beauty,Makeup Kit,2,0.15,1004.7,160.75,Express,1,2024-08,0.16
ORD-14759,2024-04-19,2024-04-21,Priya Joshi,Small Business,West,Clothing,T-Shirt,4,0.2,4208.0,715.36,Standard,2,2024-04,0.17
ORD-14760,2024-05-23,2024-05-25,Rahul Singh,Corporate,East,Groceries,Snacks Combo,1,0.0,645.0,51.6,Same Day,2,2024-05,0.08
ORD-14761,2025-06-26,2025-07-02,Tanvi Mehta,Small Business,Central,Clothing,Jacket,3,0.15,7091.55,1347.39,Standard,6,2025-06,0.19
ORD-14762,2025-08-20,2025-08-25,Ananya Chatterjee,Small Business,West,Electronics,Tablet,2,0.0,37422.0,4490.64,Express,5,2025-08,0.12
ORD-14763,2025-10-15,2025-10-16,Sneha Khan,Consumer,East,Groceries,Beverages,1,0.0,1161.0,92.88,Standard,1,2025-10,0.08
ORD-14764,2024-12-07,2024-12-12,Vivaan Rao,Consumer,Central,Beauty,Perfume,2,0.05,3653.7,730.74,Express,5,2024-12,0.2
ORD-14765,2024-06-07,2024-06-14,Diya Sharma,Consumer,East,Electronics,Headphones,1,0.2,10289.6,411.58,Express,7,2024-06,0.04
ORD-14766,2025-08-19,2025-08-24,Meera Reddy,Consumer,East,Beauty,Hair Dryer,1,0.15,1802.85,288.46,Express,5,2025-08,0.16
ORD-14767,2024-10-21,2024-10-28,Arjun Sharma,Consumer,West,Electronics,Headphones,1,0.15,32733.5,1964.01,Standard,7,2024-10,0.06
ORD-14768,2024-08-09,2024-08-10,Kabir Rao,Corporate,West,Groceries,Dairy Pack,5,0.05,1866.75,112.0,Express,1,2024-08,0.06
ORD-14769,2024-02-21,2024-02-24,Om Joshi,Small Business,East,Clothing,Formal Shirt,2,0.0,7980.0,1995.0,Express,3,2024-02,0.25
ORD-14770,2025-02-15,2025-02-19,Kabir Das,Small Business,Central,Furniture,Bookshelf,4,0.05,44346.0,7095.36,Same Day,4,2025-02,0.16
ORD-14771,2025-11-26,2025-11-29,Neha Kapoor,Consumer,West,Beauty,Trimmer,2,0.1,1134.0,204.12,Standard,3,2025-11,0.18
ORD-14772,2024-12-26,2024-12-29,Kavya Reddy,Small Business,South,Furniture,Office Chair,4,0.0,7572.0,1362.96,Standard,3,2024-12,0.18
ORD-14773,2025-11-23,2025-11-25,Ananya Verma,Small Business,East,Beauty,Perfume,1,0.0,231.0,50.82,Standard,2,2025-11,0.22
ORD-14774,2024-11-11,2024-11-18,Ananya Verma,Corporate,West,Beauty,Trimmer,3,0.0,4458.0,980.76,Express,7,2024-11,0.22
ORD-14775,2025-10-14,2025-10-17,Rahul Iyer,Small Business,East,Clothing,Sneakers,5,0.0,11510.0,2877.5,Express,3,2025-10,0.25
ORD-14776,2024-09-29,2024-10-05,Aarav Chatterjee,Consumer,South,Beauty,Hair Dryer,4,0.05,5867.2,1173.44,Standard,6,2024-09,0.2
ORD-14777,2024-01-11,2024-01-12,Saanvi Singh,Corporate,West,Electronics,Smartphone,4,0.1,159307.2,12744.58,Standard,1,2024-01,0.08
ORD-14778,2024-07-11,2024-07-14,Neha Singh,Consumer,North,Furniture,Bookshelf,2,0.15,37190.9,4462.91,Standard,3,2024-07,0.12
ORD-14779,2025-07-18,2025-07-23,Meera Khan,Consumer,Central,Furniture,Bookshelf,2,0.0,22340.0,4021.2,Standard,5,2025-07,0.18
ORD-14780,2024-02-29,2024-03-07,Vihaan Verma,Consumer,West,Electronics,Tablet,2,0.1,89533.8,7162.7,Standard,7,2024-02,0.08
ORD-14781,2024-04-28,2024-05-04,Sneha Joshi,Consumer,North,Beauty,Hair Dryer,4,0.25,5955.0,714.6,Same Day,6,2024-04,0.12
ORD-14782,2025-02-06,2025-02-11,Vivaan Iyer,Consumer,West,Clothing,T-Shirt,5,0.0,14290.0,3572.5,Standard,5,2025-02,0.25
ORD-14783,2024-04-08,2024-04-10,Ananya Khan,Consumer,North,Clothing,Sneakers,3,0.0,7191.0,1797.75,Standard,2,2024-04,0.25
ORD-14784,2025-08-19,2025-08-23,Meera Joshi,Consumer,North,Groceries,Beverages,4,0.0,2244.0,179.52,Express,4,2025-08,0.08
ORD-14785,2025-04-02,2025-04-04,Kabir Singh,Consumer,South,Beauty,Trimmer,3,0.0,6687.0,1471.14,Standard,2,2025-04,0.22
ORD-14786,2025-04-19,2025-04-24,Vihaan Kapoor,Consumer,South,Clothing,Formal Shirt,1,0.1,1839.6,386.32,Express,5,2025-04,0.21
ORD-14787,2025-09-24,2025-09-30,Aditya Mehta,Consumer,West,Clothing,Jeans,3,0.1,7665.3,1609.71,Standard,6,2025-09,0.21
ORD-14788,2024-09-17,2024-09-20,Aarav Nair,Corporate,North,Groceries,Snacks Combo,5,0.15,2698.75,53.97,Standard,3,2024-09,0.02
ORD-14789,2025-07-26,2025-07-30,Aditya Das,Consumer,North,Clothing,Jeans,4,0.25,3756.0,563.4,Standard,4,2025-07,0.15
ORD-14790,2024-08-19,2024-08-26,Vivaan Singh,Consumer,South,Groceries,Beverages,4,0.1,2174.4,86.98,Standard,7,2024-08,0.04
ORD-14791,2025-09-04,2025-09-05,Sneha Sharma,Consumer,West,Electronics,Smartphone,3,0.15,27851.1,1671.07,Standard,1,2025-09,0.06
ORD-14792,2025-10-18,2025-10-23,Saanvi Malhotra,Consumer,East,Electronics,Headphones,2,0.2,16486.4,659.46,Same Day,5,2025-10,0.04
ORD-14793,2025-02-17,2025-02-21,Aarav Rao,Small Business,Central,Beauty,Skincare Kit,4,0.25,3621.0,434.52,Standard,4,2025-02,0.12
ORD-14794,2025-03-19,2025-03-21,Saanvi Joshi,Small Business,West,Furniture,Office Chair,1,0.2,14672.8,1467.28,Express,2,2025-03,0.1
ORD-14795,2025-04-19,2025-04-22,Kabir Nair,Small Business,East,Clothing,Sneakers,3,0.05,3343.05,768.9,Standard,3,2025-04,0.23
ORD-14796,2025-10-20,2025-10-22,Priya Chatterjee,Consumer,East,Clothing,Jeans,1,0.0,1732.0,433.0,Standard,2,2025-10,0.25
ORD-14797,2025-05-01,2025-05-02,Aditya Chatterjee,Corporate,West,Electronics,Smartwatch,4,0.0,62232.0,7467.84,Same Day,1,2025-05,0.12
ORD-14798,2025-07-08,2025-07-10,Arjun Sharma,Consumer,East,Electronics,Smartphone,3,0.05,21694.2,2169.42,Standard,2,2025-07,0.1
ORD-14799,2024-02-12,2024-02-18,Aditya Singh,Small Business,South,Furniture,Sofa,3,0.1,51351.3,7189.18,Same Day,6,2024-02,0.14
ORD-14800,2025-07-13,2025-07-16,Ishaan Gupta,Consumer,Central,Furniture,Bed Frame,3,0.0,11820.0,2127.6,Same Day,3,2025-07,0.18
ORD-14801,2025-07-04,2025-07-05,Diya Khan,Consumer,West,Electronics,Smartphone,1,0.25,23293.5,465.87,Same Day,1,2025-07,0.02
ORD-14802,2025-02-23,2025-02-25,Vivaan Reddy,Consumer,North,Clothing,Formal Shirt,4,0.0,14632.0,3658.0,Express,2,2025-02,0.25
ORD-14803,2025-06-30,2025-07-05,Saanvi Chatterjee,Consumer,South,Furniture,Bed Frame,1,0.0,2471.0,444.78,Standard,5,2025-06,0.18
ORD-14804,2025-05-24,2025-05-27,Tanvi Chatterjee,Corporate,North,Clothing,Jacket,2,0.0,5516.0,1379.0,Standard,3,2025-05,0.25
ORD-14805,2024-12-18,2024-12-22,Ananya Malhotra,Consumer,West,Electronics,Smartwatch,5,0.1,194553.0,15564.24,Standard,4,2024-12,0.08
ORD-14806,2025-10-20,2025-10-23,Saanvi Sharma,Small Business,Central,Beauty,Perfume,2,0.1,2161.8,389.12,Express,3,2025-10,0.18
ORD-14807,2025-08-03,2025-08-08,Rahul Reddy,Consumer,North,Electronics,Smartwatch,3,0.1,82447.2,6595.78,Express,5,2025-08,0.08
ORD-14808,2024-11-12,2024-11-15,Saanvi Sharma,Consumer,South,Furniture,Bed Frame,3,0.1,25887.6,3624.26,Express,3,2024-11,0.14
ORD-14809,2025-10-31,2025-11-03,Aarav Nair,Corporate,Central,Electronics,Laptop,2,0.1,62494.2,4999.54,Express,3,2025-10,0.08
ORD-14810,2025-11-22,2025-11-25,Meera Rao,Corporate,West,Beauty,Hair Dryer,3,0.05,2493.75,498.75,Standard,3,2025-11,0.2
ORD-14811,2024-05-31,2024-06-06,Priya Iyer,Corporate,North,Beauty,Perfume,2,0.1,3443.4,619.81,Standard,6,2024-05,0.18
ORD-14812,2024-09-05,2024-09-12,Om Joshi,Consumer,Central,Clothing,T-Shirt,1,0.0,3664.0,916.0,Standard,7,2024-09,0.25
ORD-14813,2025-02-07,2025-02-13,Meera Patel,Small Business,East,Groceries,Snacks Combo,2,0.2,1025.6,-0.0,Express,6,2025-02,-0.0
ORD-14814,2024-07-26,2024-08-01,Kabir Gupta,Consumer,West,Furniture,Sofa,2,0.0,23300.0,4194.0,Standard,6,2024-07,0.18
ORD-14815,2024-05-17,2024-05-21,Kavya Chatterjee,Corporate,South,Groceries,Cooking Oil,1,0.0,1478.0,118.24,Standard,4,2024-05,0.08
ORD-14816,2024-07-07,2024-07-13,Priya Gupta,Consumer,Central,Clothing,T-Shirt,2,0.0,6712.0,1678.0,Express,6,2024-07,0.25
ORD-14817,2024-03-30,2024-04-05,Rohan Joshi,Small Business,West,Electronics,Laptop,2,0.05,78912.7,7891.27,Standard,6,2024-03,0.1
ORD-14818,2025-04-03,2025-04-06,Diya Mehta,Consumer,North,Furniture,Bookshelf,4,0.0,28624.0,5152.32,Standard,3,2025-04,0.18
ORD-14819,2024-09-25,2024-10-02,Arjun Mehta,Consumer,East,Furniture,Bookshelf,1,0.05,21435.8,3429.73,Standard,7,2024-09,0.16
ORD-14820,2025-03-23,2025-03-26,Om Joshi,Consumer,North,Beauty,Skincare Kit,4,0.1,9039.6,1627.13,Express,3,2025-03,0.18
ORD-14821,2025-02-17,2025-02-21,Ananya Singh,Consumer,South,Electronics,Smartphone,4,0.0,207408.0,24888.96,Express,4,2025-02,0.12
ORD-14822,2025-11-10,2025-11-16,Diya Nair,Corporate,South,Furniture,Bed Frame,2,0.0,5180.0,932.4,Standard,6,2025-11,0.18
ORD-14823,2025-12-13,2025-12-16,Meera Kapoor,Consumer,North,Furniture,Sofa,2,0.1,9977.4,1396.84,Standard,3,2025-12,0.14
ORD-14824,2025-12-09,2025-12-12,Arjun Malhotra,Consumer,Central,Clothing,Jacket,5,0.15,4547.5,864.02,Standard,3,2025-12,0.19
ORD-14825,2024-07-03,2024-07-08,Zara Sharma,Corporate,East,Furniture,Study Table,1,0.15,1756.1,210.73,Standard,5,2024-07,0.12
ORD-14826,2024-05-16,2024-05-17,Neha Nair,Small Business,East,Clothing,Jacket,4,0.15,11046.6,2098.85,Express,1,2024-05,0.19
ORD-14827,2025-09-16,2025-09-20,Saanvi Iyer,Corporate,Central,Furniture,Bed Frame,4,0.1,44168.4,6183.58,Standard,4,2025-09,0.14
ORD-14828,2024-03-24,2024-03-25,Priya Chatterjee,Consumer,South,Electronics,Tablet,5,0.2,155884.0,6235.36,Standard,1,2024-03,0.04
ORD-14829,2025-03-23,2025-03-29,Om Joshi,Consumer,East,Groceries,Snacks Combo,1,0.1,479.7,19.19,Express,6,2025-03,0.04
ORD-14830,2025-09-23,2025-09-27,Om Malhotra,Small Business,West,Electronics,Headphones,2,0.15,83284.7,4997.08,Standard,4,2025-09,0.06
ORD-14831,2024-12-23,2024-12-29,Vihaan Nair,Small Business,West,Furniture,Study Table,1,0.15,14346.3,1721.56,Standard,6,2024-12,0.12
ORD-14832,2024-04-27,2024-05-03,Kavya Mehta,Corporate,North,Clothing,T-Shirt,5,0.1,3217.5,675.68,Standard,6,2024-04,0.21
ORD-14833,2024-01-06,2024-01-13,Zara Sharma,Consumer,East,Furniture,Sofa,5,0.05,60914.0,9746.24,Same Day,7,2024-01,0.16
ORD-14834,2025-09-06,2025-09-09,Vihaan Das,Small Business,West,Electronics,Smartwatch,4,0.1,66193.2,5295.46,Express,3,2025-09,0.08
ORD-14835,2025-11-24,2025-11-26,Vihaan Mehta,Small Business,South,Electronics,Headphones,1,0.1,44516.7,3561.34,Same Day,2,2025-11,0.08
ORD-14836,2024-11-03,2024-11-06,Kavya Joshi,Consumer,East,Furniture,Sofa,2,0.1,42087.6,5892.26,Express,3,2024-11,0.14
ORD-14837,2025-04-21,2025-04-25,Aarav Verma,Consumer,North,Clothing,Formal Shirt,1,0.05,1580.8,363.58,Standard,4,2025-04,0.23
ORD-14838,2025-11-15,2025-11-22,Aarav Patel,Corporate,South,Furniture,Bed Frame,2,0.15,13360.3,1603.24,Express,7,2025-11,0.12
ORD-14839,2024-01-25,2024-01-30,Aarav Malhotra,Small Business,East,Electronics,Laptop,2,0.1,13973.4,1117.87,Express,5,2024-01,0.08
ORD-14840,2025-04-11,2025-04-14,Sneha Mehta,Consumer,West,Electronics,Tablet,5,0.1,103009.5,8240.76,Standard,3,2025-04,0.08
ORD-14841,2025-12-04,2025-12-08,Zara Khan,Consumer,West,Beauty,Trimmer,2,0.0,4640.0,1020.8,Standard,4,2025-12,0.22
ORD-14842,2024-08-17,2024-08-24,Vivaan Verma,Corporate,East,Groceries,Dairy Pack,2,0.0,1950.0,156.0,Express,7,2024-08,0.08
ORD-14843,2024-11-03,2024-11-09,Vihaan Patel,Consumer,West,Beauty,Hair Dryer,5,0.15,7174.0,1147.84,Express,6,2024-11,0.16
ORD-14844,2024-09-04,2024-09-06,Sneha Das,Consumer,South,Furniture,Bed Frame,3,0.05,25647.15,4103.54,Standard,2,2024-09,0.16
ORD-14845,2025-09-10,2025-09-15,Aditya Sharma,Consumer,East,Electronics,Headphones,1,0.1,2340.9,187.27,Standard,5,2025-09,0.08
ORD-14846,2024-07-24,2024-07-25,Vivaan Singh,Consumer,Central,Beauty,Trimmer,1,0.05,2585.9,517.18,Standard,1,2024-07,0.2
ORD-14847,2025-02-13,2025-02-15,Kavya Das,Consumer,West,Clothing,Formal Shirt,4,0.1,12560.4,2637.68,Standard,2,2025-02,0.21
ORD-14848,2024-11-12,2024-11-17,Kabir Singh,Consumer,East,Clothing,Sneakers,4,0.2,9152.0,1555.84,Express,5,2024-11,0.17
ORD-14849,2025-03-13,2025-03-20,Rahul Nair,Corporate,East,Furniture,Office Chair,3,0.1,66746.7,9344.54,Standard,7,2025-03,0.14
ORD-14850,2024-10-09,2024-10-11,Ishaan Sharma,Small Business,North,Electronics,Tablet,3,0.15,100342.5,6020.55,Standard,2,2024-10,0.06
ORD-14851,2024-08-08,2024-08-09,Rohan Patel,Consumer,West,Beauty,Skincare Kit,4,0.0,9248.0,2034.56,Standard,1,2024-08,0.22
ORD-14852,2025-09-17,2025-09-21,Priya Patel,Small Business,South,Beauty,Makeup Kit,3,0.15,691.05,110.57,Standard,4,2025-09,0.16
ORD-14853,2024-02-05,2024-02-12,Tanvi Singh,Corporate,East,Furniture,Study Table,2,0.0,46206.0,8317.08,Standard,7,2024-02,0.18
ORD-14854,2024-09-07,2024-09-12,Sneha Patel,Consumer,East,Groceries,Dairy Pack,5,0.0,5820.0,465.6,Standard,5,2024-09,0.08
ORD-14855,2024-07-29,2024-08-03,Saanvi Verma,Consumer,Central,Beauty,Makeup Kit,1,0.15,498.1,79.7,Express,5,2024-07,0.16
ORD-14856,2024-04-24,2024-04-25,Neha Singh,Consumer,West,Groceries,Snacks Combo,4,0.05,1341.4,80.48,Standard,1,2024-04,0.06
ORD-14857,2024-06-25,2024-06-29,Om Rao,Small Business,North,Furniture,Sofa,1,0.05,15634.15,2501.46,Standard,4,2024-06,0.16
ORD-14858,2025-02-07,2025-02-10,Vihaan Nair,Corporate,North,Groceries,Dairy Pack,4,0.05,5620.2,337.21,Standard,3,2025-02,0.06
ORD-14859,2024-02-14,2024-02-16,Aarav Das,Consumer,Central,Furniture,Office Chair,4,0.05,88714.8,14194.37,Express,2,2024-02,0.16
ORD-14860,2025-07-02,2025-07-05,Om Nair,Consumer,East,Groceries,Rice Pack,4,0.15,2400.4,48.01,Standard,3,2025-07,0.02
ORD-14861,2025-01-06,2025-01-12,Zara Singh,Consumer,North,Clothing,Jeans,2,0.15,6388.6,1213.83,Express,6,2025-01,0.19
ORD-14862,2025-11-14,2025-11-21,Vihaan Iyer,Consumer,South,Furniture,Office Chair,4,0.0,7840.0,1411.2,Standard,7,2025-11,0.18
ORD-14863,2024-09-18,2024-09-21,Diya Patel,Small Business,West,Beauty,Hair Dryer,3,0.15,4368.15,698.9,Standard,3,2024-09,0.16
ORD-14864,2024-11-24,2024-12-01,Tanvi Joshi,Consumer,West,Electronics,Tablet,2,0.1,18500.4,1480.03,Standard,7,2024-11,0.08
ORD-14865,2025-06-06,2025-06-09,Zara Sharma,Corporate,East,Furniture,Bed Frame,5,0.0,56590.0,10186.2,Standard,3,2025-06,0.18
ORD-14866,2025-09-17,2025-09-19,Neha Sharma,Small Business,North,Clothing,T-Shirt,4,0.05,13676.2,3145.53,Standard,2,2025-09,0.23
ORD-14867,2024-12-07,2024-12-11,Kabir Singh,Corporate,South,Electronics,Tablet,3,0.0,124971.0,14996.52,Standard,4,2024-12,0.12
ORD-14868,2025-09-30,2025-10-02,Aarav Khan,Consumer,Central,Groceries,Rice Pack,3,0.05,2254.35,135.26,Standard,2,2025-09,0.06
ORD-14869,2024-04-01,2024-04-06,Aarav Rao,Consumer,West,Groceries,Beverages,2,0.1,1942.2,77.69,Express,5,2024-04,0.04
ORD-14870,2025-10-03,2025-10-08,Aarav Patel,Consumer,East,Clothing,Formal Shirt,3,0.15,3952.5,750.98,Standard,5,2025-10,0.19
ORD-14871,2024-01-06,2024-01-09,Diya Kapoor,Consumer,North,Furniture,Office Chair,2,0.1,24107.4,3375.04,Express,3,2024-01,0.14
ORD-14872,2024-08-27,2024-08-30,Diya Verma,Consumer,North,Clothing,Sneakers,1,0.1,2881.8,605.18,Express,3,2024-08,0.21
ORD-14873,2025-04-28,2025-04-29,Vihaan Khan,Consumer,North,Electronics,Laptop,1,0.0,8740.0,1048.8,Express,1,2025-04,0.12
ORD-14874,2025-07-30,2025-08-04,Vihaan Nair,Corporate,West,Furniture,Bookshelf,1,0.15,4499.05,539.89,Standard,5,2025-07,0.12
ORD-14875,2024-07-19,2024-07-25,Vihaan Joshi,Corporate,North,Groceries,Dairy Pack,5,0.15,1474.75,29.49,Standard,6,2024-07,0.02
ORD-14876,2024-08-29,2024-09-04,Arjun Khan,Consumer,Central,Groceries,Beverages,5,0.2,3444.0,-0.0,Standard,6,2024-08,-0.0
ORD-14877,2025-05-20,2025-05-24,Rohan Sharma,Consumer,Central,Clothing,Formal Shirt,1,0.1,1224.0,257.04,Express,4,2025-05,0.21
ORD-14878,2024-01-15,2024-01-22,Neha Nair,Small Business,North,Groceries,Cooking Oil,3,0.0,3987.0,318.96,Standard,7,2024-01,0.08
ORD-14879,2024-03-23,2024-03-24,Tanvi Patel,Consumer,West,Beauty,Makeup Kit,3,0.1,7141.5,1285.47,Standard,1,2024-03,0.18
ORD-14880,2024-06-17,2024-06-20,Vihaan Kapoor,Corporate,South,Groceries,Beverages,1,0.1,1019.7,40.79,Standard,3,2024-06,0.04
ORD-14881,2025-12-21,2025-12-24,Tanvi Khan,Corporate,North,Beauty,Makeup Kit,4,0.2,6342.4,887.94,Standard,3,2025-12,0.14
ORD-14882,2024-06-11,2024-06-13,Aditya Singh,Consumer,North,Furniture,Bookshelf,1,0.0,5229.0,941.22,Standard,2,2024-06,0.18
ORD-14883,2025-01-07,2025-01-08,Kavya Iyer,Corporate,South,Clothing,Formal Shirt,5,0.15,2337.5,444.12,Standard,1,2025-01,0.19
ORD-14884,2025-05-22,2025-05-27,Aarav Malhotra,Corporate,West,Electronics,Laptop,2,0.1,100803.6,8064.29,Standard,5,2025-05,0.08
ORD-14885,2024-01-04,2024-01-05,Sneha Sharma,Corporate,East,Electronics,Headphones,2,0.05,27506.3,2750.63,Standard,1,2024-01,0.1
ORD-14886,2025-11-09,2025-11-14,Kabir Singh,Small Business,East,Furniture,Sofa,3,0.0,12168.0,2190.24,Same Day,5,2025-11,0.18
ORD-14887,2024-08-29,2024-08-31,Ishaan Sharma,Consumer,North,Groceries,Rice Pack,2,0.0,482.0,38.56,Express,2,2024-08,0.08
ORD-14888,2024-08-04,2024-08-08,Priya Sharma,Consumer,South,Furniture,Study Table,4,0.25,14988.0,1199.04,Standard,4,2024-08,0.08
ORD-14889,2024-01-20,2024-01-27,Vihaan Rao,Consumer,North,Furniture,Bed Frame,4,0.15,81923.0,9830.76,Same Day,7,2024-01,0.12
ORD-14890,2025-06-27,2025-07-02,Aarav Rao,Consumer,South,Furniture,Study Table,2,0.0,23846.0,4292.28,Standard,5,2025-06,0.18
ORD-14891,2025-08-08,2025-08-13,Saanvi Patel,Consumer,North,Clothing,Jeans,1,0.05,1167.55,268.54,Same Day,5,2025-08,0.23
ORD-14892,2025-03-24,2025-03-27,Ananya Iyer,Corporate,West,Beauty,Hair Dryer,4,0.0,2540.0,558.8,Standard,3,2025-03,0.22
ORD-14893,2024-06-18,2024-06-22,Ishaan Iyer,Consumer,North,Beauty,Hair Dryer,2,0.05,5354.2,1070.84,Standard,4,2024-06,0.2
ORD-14894,2025-11-23,2025-11-29,Rohan Iyer,Corporate,Central,Clothing,T-Shirt,3,0.05,7002.45,1610.56,Express,6,2025-11,0.23
ORD-14895,2024-08-22,2024-08-24,Diya Gupta,Consumer,West,Electronics,Tablet,5,0.05,137161.0,13716.1,Same Day,2,2024-08,0.1
ORD-14896,2025-01-09,2025-01-10,Saanvi Joshi,Corporate,North,Electronics,Laptop,4,0.0,79108.0,9492.96,Standard,1,2025-01,0.12
ORD-14897,2024-01-30,2024-02-05,Diya Iyer,Consumer,North,Beauty,Hair Dryer,2,0.05,4742.4,948.48,Same Day,6,2024-01,0.2
ORD-14898,2025-03-07,2025-03-08,Rahul Joshi,Corporate,North,Beauty,Perfume,4,0.2,8377.6,1172.86,Same Day,1,2025-03,0.14
ORD-14899,2024-10-04,2024-10-10,Ishaan Khan,Corporate,East,Clothing,Sneakers,2,0.0,6256.0,1564.0,Express,6,2024-10,0.25
ORD-14900,2024-01-15,2024-01-19,Meera Chatterjee,Corporate,West,Clothing,Formal Shirt,1,0.15,542.3,103.04,Same Day,4,2024-01,0.19
ORD-14901,2025-07-15,2025-07-20,Kavya Reddy,Consumer,Central,Furniture,Bookshelf,5,0.05,16140.5,2582.48,Express,5,2025-07,0.16
ORD-14902,2025-04-21,2025-04-23,Zara Singh,Corporate,East,Groceries,Rice Pack,2,0.1,1929.6,77.18,Standard,2,2025-04,0.04
ORD-14903,2024-10-04,2024-10-05,Ishaan Gupta,Small Business,South,Beauty,Makeup Kit,3,0.05,6421.05,1284.21,Standard,1,2024-10,0.2
ORD-14904,2025-02-21,2025-02-23,Meera Chatterjee,Small Business,South,Furniture,Study Table,2,0.1,41848.2,5858.75,Express,2,2025-02,0.14
ORD-14905,2024-09-10,2024-09-12,Tanvi Nair,Corporate,North,Beauty,Trimmer,4,0.2,5075.2,710.53,Standard,2,2024-09,0.14
ORD-14906,2024-03-28,2024-04-04,Diya Patel,Small Business,Central,Clothing,Jeans,3,0.0,2067.0,516.75,Standard,7,2024-03,0.25
ORD-14907,2024-11-15,2024-11-17,Kabir Reddy,Corporate,North,Clothing,Sneakers,2,0.05,4569.5,1050.98,Standard,2,2024-11,0.23
ORD-14908,2025-02-07,2025-02-10,Kabir Kapoor,Consumer,South,Furniture,Sofa,1,0.15,16637.9,1996.55,Standard,3,2025-02,0.12
ORD-14909,2024-07-21,2024-07-27,Arjun Mehta,Consumer,North,Groceries,Snacks Combo,1,0.15,844.9,16.9,Same Day,6,2024-07,0.02
ORD-14910,2025-11-11,2025-11-18,Vivaan Sharma,Consumer,North,Groceries,Cooking Oil,1,0.15,880.6,17.61,Standard,7,2025-11,0.02
ORD-14911,2025-05-15,2025-05-22,Ananya Chatterjee,Corporate,West,Furniture,Sofa,4,0.0,95624.0,17212.32,Same Day,7,2025-05,0.18
ORD-14912,2024-08-16,2024-08-23,Neha Patel,Consumer,Central,Electronics,Headphones,2,0.15,75197.8,4511.87,Same Day,7,2024-08,0.06
ORD-14913,2024-02-26,2024-02-28,Rohan Sharma,Consumer,Central,Furniture,Bed Frame,4,0.0,83724.0,15070.32,Express,2,2024-02,0.18
ORD-14914,2024-04-18,2024-04-24,Ananya Iyer,Consumer,East,Electronics,Smartphone,3,0.0,50268.0,6032.16,Same Day,6,2024-04,0.12
ORD-14915,2025-01-24,2025-01-27,Saanvi Rao,Consumer,West,Beauty,Skincare Kit,4,0.0,4604.0,1012.88,Standard,3,2025-01,0.22
ORD-14916,2024-05-01,2024-05-03,Vihaan Patel,Consumer,East,Beauty,Makeup Kit,2,0.05,1409.8,281.96,Express,2,2024-05,0.2
ORD-14917,2024-04-02,2024-04-03,Rahul Singh,Consumer,East,Beauty,Trimmer,3,0.1,2270.7,408.73,Standard,1,2024-04,0.18
ORD-14918,2025-12-05,2025-12-07,Vihaan Reddy,Consumer,Central,Clothing,Jacket,5,0.2,4840.0,822.8,Standard,2,2025-12,0.17
ORD-14919,2025-10-29,2025-11-05,Kavya Reddy,Consumer,Central,Furniture,Bed Frame,4,0.0,55136.0,9924.48,Standard,7,2025-10,0.18
ORD-14920,2025-01-29,2025-02-04,Tanvi Verma,Small Business,West,Clothing,T-Shirt,1,0.0,1161.0,290.25,Express,6,2025-01,0.25
ORD-14921,2024-02-08,2024-02-14,Vihaan Malhotra,Consumer,East,Electronics,Smartwatch,4,0.05,156225.6,15622.56,Standard,6,2024-02,0.1
ORD-14922,2024-01-29,2024-02-02,Rohan Khan,Corporate,West,Electronics,Laptop,2,0.1,7299.0,583.92,Standard,4,2024-01,0.08
ORD-14923,2024-02-20,2024-02-21,Aarav Kapoor,Consumer,West,Beauty,Hair Dryer,4,0.05,6558.8,1311.76,Express,1,2024-02,0.2
ORD-14924,2024-04-24,2024-04-29,Rohan Kapoor,Consumer,Central,Beauty,Perfume,2,0.0,5224.0,1149.28,Express,5,2024-04,0.22
ORD-14925,2024-02-21,2024-02-25,Rohan Mehta,Consumer,East,Groceries,Beverages,3,0.2,576.0,-0.0,Standard,4,2024-02,-0.0
ORD-14926,2024-04-19,2024-04-23,Sneha Rao,Corporate,Central,Furniture,Bed Frame,5,0.0,107655.0,19377.9,Express,4,2024-04,0.18
ORD-14927,2025-11-07,2025-11-13,Om Singh,Consumer,South,Clothing,Formal Shirt,5,0.15,4815.25,914.9,Standard,6,2025-11,0.19
ORD-14928,2025-09-03,2025-09-10,Priya Sharma,Corporate,South,Groceries,Beverages,3,0.0,3639.0,291.12,Same Day,7,2025-09,0.08
ORD-14929,2025-09-01,2025-09-07,Rohan Patel,Small Business,West,Furniture,Bed Frame,3,0.0,66585.0,11985.3,Standard,6,2025-09,0.18
ORD-14930,2025-06-02,2025-06-04,Rohan Verma,Consumer,West,Groceries,Cooking Oil,3,0.0,1191.0,95.28,Standard,2,2025-06,0.08
ORD-14931,2025-09-22,2025-09-28,Rahul Das,Corporate,East,Electronics,Headphones,2,0.0,67000.0,8040.0,Standard,6,2025-09,0.12
ORD-14932,2024-10-17,2024-10-20,Priya Chatterjee,Small Business,North,Groceries,Dairy Pack,5,0.1,1867.5,74.7,Express,3,2024-10,0.04
ORD-14933,2024-08-09,2024-08-13,Meera Iyer,Consumer,North,Electronics,Laptop,4,0.0,234820.0,28178.4,Same Day,4,2024-08,0.12
ORD-14934,2024-11-12,2024-11-16,Vivaan Nair,Corporate,East,Groceries,Rice Pack,2,0.0,2346.0,187.68,Standard,4,2024-11,0.08
ORD-14935,2025-12-23,2025-12-27,Diya Patel,Consumer,North,Furniture,Bed Frame,2,0.05,38138.7,6102.19,Standard,4,2025-12,0.16
ORD-14936,2025-07-13,2025-07-20,Ananya Chatterjee,Consumer,West,Groceries,Rice Pack,3,0.0,2901.0,232.08,Standard,7,2025-07,0.08
ORD-14937,2024-08-17,2024-08-22,Ishaan Singh,Consumer,East,Furniture,Office Chair,3,0.0,46764.0,8417.52,Standard,5,2024-08,0.18
ORD-14938,2025-06-18,2025-06-24,Diya Verma,Consumer,West,Furniture,Bed Frame,3,0.0,40800.0,7344.0,Standard,6,2025-06,0.18
ORD-14939,2024-12-03,2024-12-07,Zara Verma,Consumer,North,Beauty,Trimmer,2,0.0,5046.0,1110.12,Express,4,2024-12,0.22
ORD-14940,2024-09-27,2024-09-30,Zara Verma,Corporate,South,Clothing,Formal Shirt,3,0.0,4035.0,1008.75,Same Day,3,2024-09,0.25
ORD-14941,2024-03-25,2024-03-31,Arjun Gupta,Consumer,East,Clothing,Jeans,5,0.0,9080.0,2270.0,Standard,6,2024-03,0.25
ORD-14942,2025-08-02,2025-08-05,Om Nair,Consumer,West,Groceries,Snacks Combo,2,0.2,844.8,0.0,Standard,3,2025-08,0.0
ORD-14943,2024-12-13,2024-12-19,Vivaan Rao,Consumer,North,Electronics,Smartwatch,5,0.05,257720.75,25772.07,Express,6,2024-12,0.1
ORD-14944,2025-10-21,2025-10-25,Ishaan Reddy,Consumer,West,Furniture,Bed Frame,1,0.1,1756.8,245.95,Standard,4,2025-10,0.14
ORD-14945,2024-05-07,2024-05-12,Kabir Rao,Consumer,East,Furniture,Bookshelf,3,0.15,26231.85,3147.82,Standard,5,2024-05,0.12
ORD-14946,2024-01-13,2024-01-17,Vivaan Reddy,Consumer,East,Furniture,Study Table,2,0.0,5416.0,974.88,Express,4,2024-01,0.18
ORD-14947,2024-06-14,2024-06-21,Aarav Verma,Consumer,North,Groceries,Dairy Pack,3,0.0,4416.0,353.28,Standard,7,2024-06,0.08
ORD-14948,2025-08-21,2025-08-26,Kabir Sharma,Corporate,Central,Clothing,T-Shirt,2,0.0,3266.0,816.5,Express,5,2025-08,0.25
ORD-14949,2024-12-18,2024-12-19,Kabir Patel,Corporate,North,Electronics,Tablet,4,0.1,81435.6,6514.85,Same Day,1,2024-12,0.08
ORD-14950,2024-04-05,2024-04-12,Tanvi Iyer,Small Business,Central,Furniture,Study Table,1,0.1,8465.4,1185.16,Express,7,2024-04,0.14
ORD-14951,2024-06-07,2024-06-08,Vivaan Rao,Corporate,South,Clothing,Formal Shirt,2,0.2,1676.8,285.06,Standard,1,2024-06,0.17
ORD-14952,2024-10-31,2024-11-06,Om Patel,Corporate,East,Groceries,Beverages,2,0.1,1328.4,53.14,Express,6,2024-10,0.04
ORD-14953,2024-04-28,2024-04-30,Neha Malhotra,Consumer,East,Clothing,Formal Shirt,4,0.2,1670.4,283.97,Standard,2,2024-04,0.17
ORD-14954,2024-09-29,2024-10-04,Tanvi Iyer,Consumer,South,Furniture,Bed Frame,4,0.2,50694.4,5069.44,Express,5,2024-09,0.1
ORD-14955,2024-09-16,2024-09-18,Zara Khan,Corporate,North,Electronics,Tablet,1,0.2,27509.6,1100.38,Standard,2,2024-09,0.04
ORD-14956,2025-02-26,2025-03-05,Om Khan,Consumer,East,Furniture,Office Chair,3,0.15,52231.65,6267.8,Express,7,2025-02,0.12
ORD-14957,2024-04-03,2024-04-10,Tanvi Verma,Corporate,West,Clothing,Jeans,2,0.05,4613.2,1061.04,Standard,7,2024-04,0.23
ORD-14958,2025-05-25,2025-05-31,Sneha Patel,Consumer,Central,Electronics,Tablet,3,0.0,12909.0,1549.08,Standard,6,2025-05,0.12
ORD-14959,2024-11-02,2024-11-06,Meera Iyer,Corporate,South,Beauty,Skincare Kit,5,0.1,2848.5,512.73,Standard,4,2024-11,0.18
ORD-14960,2024-01-17,2024-01-18,Aarav Chatterjee,Consumer,West,Electronics,Tablet,4,0.0,211632.0,25395.84,Express,1,2024-01,0.12
ORD-14961,2024-02-18,2024-02-24,Tanvi Khan,Consumer,West,Electronics,Laptop,2,0.0,15602.0,1872.24,Express,6,2024-02,0.12
ORD-14962,2024-05-15,2024-05-17,Meera Sharma,Small Business,West,Clothing,Formal Shirt,2,0.25,3333.0,499.95,Express,2,2024-05,0.15
ORD-14963,2024-11-03,2024-11-10,Rahul Reddy,Corporate,North,Beauty,Hair Dryer,3,0.1,1522.8,274.1,Standard,7,2024-11,0.18
ORD-14964,2024-12-22,2024-12-28,Arjun Iyer,Consumer,East,Beauty,Trimmer,1,0.0,1806.0,397.32,Express,6,2024-12,0.22
ORD-14965,2025-01-04,2025-01-09,Vivaan Reddy,Small Business,West,Electronics,Tablet,4,0.05,110397.6,11039.76,Standard,5,2025-01,0.1
ORD-14966,2025-01-09,2025-01-16,Vihaan Das,Consumer,Central,Groceries,Snacks Combo,2,0.2,844.8,0.0,Express,7,2025-01,0.0
ORD-14967,2025-03-25,2025-03-30,Zara Mehta,Consumer,South,Electronics,Headphones,2,0.25,64275.0,1285.5,Standard,5,2025-03,0.02
ORD-14968,2024-07-26,2024-07-31,Priya Kapoor,Consumer,South,Electronics,Tablet,3,0.0,12066.0,1447.92,Express,5,2024-07,0.12
ORD-14969,2024-09-10,2024-09-15,Neha Mehta,Corporate,North,Groceries,Beverages,4,0.05,2922.2,175.33,Standard,5,2024-09,0.06
ORD-14970,2024-02-09,2024-02-10,Vihaan Verma,Consumer,South,Electronics,Laptop,2,0.0,105004.0,12600.48,Standard,1,2024-02,0.12
ORD-14971,2025-01-25,2025-01-31,Aditya Iyer,Small Business,West,Groceries,Dairy Pack,3,0.05,1336.65,80.2,Standard,6,2025-01,0.06
ORD-14972,2024-12-09,2024-12-11,Arjun Rao,Consumer,West,Groceries,Rice Pack,4,0.1,5342.4,213.7,Standard,2,2024-12,0.04
ORD-14973,2024-12-26,2024-12-30,Diya Nair,Corporate,West,Furniture,Office Chair,2,0.0,17012.0,3062.16,Standard,4,2024-12,0.18
ORD-14974,2025-08-28,2025-08-31,Aditya Das,Consumer,Central,Beauty,Makeup Kit,1,0.0,1164.0,256.08,Standard,3,2025-08,0.22
ORD-14975,2024-09-01,2024-09-07,Saanvi Khan,Consumer,South,Furniture,Bed Frame,3,0.1,42244.2,5914.19,Express,6,2024-09,0.14
ORD-14976,2025-02-22,2025-02-27,Arjun Das,Consumer,North,Electronics,Smartphone,3,0.0,22086.0,2650.32,Standard,5,2025-02,0.12
ORD-14977,2024-04-18,2024-04-20,Ananya Das,Consumer,West,Groceries,Cooking Oil,4,0.2,2240.0,0.0,Standard,2,2024-04,0.0
ORD-14978,2024-03-30,2024-04-03,Ishaan Gupta,Small Business,North,Beauty,Makeup Kit,3,0.15,1973.7,315.79,Standard,4,2024-03,0.16
ORD-14979,2024-06-22,2024-06-29,Sneha Nair,Consumer,South,Electronics,Smartwatch,3,0.25,47065.5,941.31,Standard,7,2024-06,0.02
ORD-14980,2025-02-16,2025-02-22,Ananya Gupta,Corporate,West,Clothing,T-Shirt,2,0.2,4040.0,686.8,Express,6,2025-02,0.17
ORD-14981,2024-10-18,2024-10-25,Neha Chatterjee,Corporate,West,Groceries,Snacks Combo,4,0.05,5126.2,307.57,Standard,7,2024-10,0.06
ORD-14982,2024-09-17,2024-09-21,Zara Sharma,Consumer,South,Beauty,Skincare Kit,1,0.05,2672.35,534.47,Standard,4,2024-09,0.2
ORD-14983,2025-08-14,2025-08-18,Aditya Rao,Consumer,South,Furniture,Bookshelf,3,0.0,36297.0,6533.46,Standard,4,2025-08,0.18
ORD-14984,2024-11-23,2024-11-28,Ishaan Sharma,Consumer,East,Groceries,Rice Pack,2,0.0,2146.0,171.68,Express,5,2024-11,0.08
ORD-14985,2024-03-22,2024-03-28,Aarav Singh,Small Business,South,Clothing,T-Shirt,1,0.05,3787.65,871.16,Standard,6,2024-03,0.23
ORD-14986,2024-12-08,2024-12-09,Vihaan Sharma,Small Business,South,Beauty,Perfume,1,0.0,1427.0,313.94,Standard,1,2024-12,0.22
ORD-14987,2025-09-11,2025-09-18,Arjun Chatterjee,Small Business,South,Furniture,Study Table,2,0.05,25142.7,4022.83,Standard,7,2025-09,0.16
ORD-14988,2025-12-25,2025-12-29,Sneha Malhotra,Corporate,South,Clothing,Jeans,2,0.05,5983.1,1376.11,Standard,4,2025-12,0.23
ORD-14989,2025-06-10,2025-06-16,Ishaan Chatterjee,Corporate,South,Electronics,Tablet,1,0.15,48797.65,2927.86,Standard,6,2025-06,0.06
ORD-14990,2025-05-18,2025-05-25,Neha Sharma,Consumer,Central,Furniture,Bed Frame,3,0.0,19161.0,3448.98,Standard,7,2025-05,0.18
ORD-14991,2025-07-08,2025-07-13,Aarav Patel,Consumer,East,Clothing,Sneakers,4,0.0,3760.0,940.0,Standard,5,2025-07,0.25
ORD-14992,2024-01-23,2024-01-30,Diya Sharma,Consumer,West,Electronics,Smartwatch,4,0.25,59916.0,1198.32,Standard,7,2024-01,0.02
ORD-14993,2025-03-23,2025-03-28,Rohan Reddy,Corporate,South,Groceries,Rice Pack,1,0.0,134.0,10.72,Standard,5,2025-03,0.08
ORD-14994,2024-06-11,2024-06-15,Rahul Kapoor,Consumer,West,Electronics,Laptop,3,0.0,89460.0,10735.2,Same Day,4,2024-06,0.12
ORD-14995,2025-08-09,2025-08-12,Rohan Nair,Small Business,South,Beauty,Skincare Kit,1,0.2,293.6,41.1,Standard,3,2025-08,0.14
ORD-14996,2024-03-10,2024-03-13,Priya Gupta,Consumer,West,Electronics,Smartphone,4,0.15,68384.2,4103.05,Standard,3,2024-03,0.06
ORD-14997,2024-04-19,2024-04-22,Rohan Patel,Consumer,Central,Furniture,Study Table,1,0.1,9575.1,1340.51,Express,3,2024-04,0.14
ORD-14998,2025-04-29,2025-05-06,Saanvi Reddy,Corporate,North,Clothing,Jeans,5,0.2,3912.0,665.04,Standard,7,2025-04,0.17
ORD-14999,2025-05-30,2025-06-04,Meera Kapoor,Corporate,North,Groceries,Rice Pack,5,0.15,3310.75,66.22,Express,5,2025-05,0.02
ORD-15000,2025-11-14,2025-11-18,Kabir Patel,Corporate,Central,Groceries,Dairy Pack,4,0.25,3255.0,-65.1,Express,4,2025-11,-0.02
